id,study_id,language,is_complete,transcript
0719ae7b-b074-4838-b8df-afb24e0541fb,b0d46c72-5527-4cec-8474-868d1da0eb55,en,true,"{""body"": {""payload"": {""transcription"": {""utterances"": [{""speaker"": 0, ""text"": ""Thanks for taking the time to chat today about job satisfaction."", ""start"": 0.5, ""end"": 4.0, ""confidence"": 0.96}, {""speaker"": 1, ""text"": ""Yeah, no problem. I\u2019m glad to share my thoughts."", ""start"": 4.5, ""end"": 6.5, ""confidence"": 0.94}, {""speaker"": 0, ""text"": ""Great! So, to start off, how would you describe your overall job satisfaction?"", ""start"": 7.0, ""end"": 10.0, ""confidence"": 0.95}, {""speaker"": 1, ""text"": ""Um, I\u2019d say I\u2019m pretty satisfied, but it kind of varies day to day."", ""start"": 10.5, ""end"": 13.0, ""confidence"": 0.93}, {""speaker"": 0, ""text"": ""What do you think influences that variation?"", ""start"": 13.5, ""end"": 15.5, ""confidence"": 0.92}, {""speaker"": 1, ""text"": ""Definitely the workload. Some days it feels like too much, and others, it\u2019s manageable."", ""start"": 16.0, ""end"": 19.0, ""confidence"": 0.96}, {""speaker"": 0, ""text"": ""And how does that affect your motivation?"", ""start"": 19.5, ""end"": 21.0, ""confidence"": 0.94}, {""speaker"": 1, ""text"": ""When it\u2019s overwhelming, I kinda lose my motivation. But on lighter days, I\u2019m way more engaged."", ""start"": 21.5, ""end"": 25.0, ""confidence"": 0.95}, {""speaker"": 0, ""text"": ""That makes sense. Are there other factors outside of workload that impact your job satisfaction?"", ""start"": 25.5, ""end"": 29.0, ""confidence"": 0.93}, {""speaker"": 1, ""text"": ""Yeah, for sure. Like, support from my coworkers really helps. We have each other\u2019s backs, which is nice."", ""start"": 29.5, ""end"": 33.0, ""confidence"": 0.97}, {""speaker"": 0, ""text"": ""And how about your relationship with your manager?"", ""start"": 33.5, ""end"": 35.5, ""confidence"": 0.91}, {""speaker"": 1, ""text"": ""It\u2019s pretty good! They\u2019re understanding and open to feedback, which is important."", ""start"": 36.0, ""end"": 39.0, ""confidence"": 0.95}, {""speaker"": 0, ""text"": ""Do you feel like you have opportunities for growth in your role?"", ""start"": 39.5, ""end"": 42.0, ""confidence"": 0.92}, {""speaker"": 1, ""text"": ""Yeah, I do! There are training programs and chances to take on new projects, which keeps things interesting."", ""start"": 42.5, ""end"": 46.0, ""confidence"": 0.96}, {""speaker"": 0, ""text"": ""That\u2019s really good to hear. How important is work-life balance for you?"", ""start"": 46.5, ""end"": 48.5, ""confidence"": 0.94}, {""speaker"": 1, ""text"": ""Super important! I try to keep my work and personal life separate, but it\u2019s not always easy."", ""start"": 49.0, ""end"": 52.0, ""confidence"": 0.95}, {""speaker"": 0, ""text"": ""What would you say is your biggest source of job satisfaction?"", ""start"": 52.5, ""end"": 54.5, ""confidence"": 0.93}, {""speaker"": 1, ""text"": ""Probably the sense of accomplishment when I complete a project. It feels great to see the results of my work."", ""start"": 55.0, ""end"": 58.5, ""confidence"": 0.97}]}}}}"
fc27c1f9-562f-44ac-88e0-7ce6a3fd4ef6,6b74b838-bd51-4f6b-a0e2-eb782d310ebe,en,true,"{""body"": {""payload"": {""transcription"": {""utterances"": [{""speaker"": 0, ""text"": ""Thanks for agreeing to chat with me today about work-life balance."", ""start"": 0.5, ""end"": 3.0, ""confidence"": 0.96}, {""speaker"": 1, ""text"": ""Yeah, no problem! It's a topic that really resonates with me."", ""start"": 3.5, ""end"": 5.5, ""confidence"": 0.94}, {""speaker"": 0, ""text"": ""Great to hear! So, how would you describe your current work-life balance?"", ""start"": 6.0, ""end"": 8.5, ""confidence"": 0.95}, {""speaker"": 1, ""text"": ""Hmm, well, I\u2019d say... it\u2019s a bit of a juggling act right now."", ""start"": 9.0, ""end"": 11.0, ""confidence"": 0.93}, {""speaker"": 0, ""text"": ""Can you elaborate on that? What makes it feel like a juggling act?"", ""start"": 11.5, ""end"": 13.3, ""confidence"": 0.94}, {""speaker"": 1, ""text"": ""Sure! I mean, I have a demanding job that often requires overtime, and then there\u2019s... life at home, you know, family and all that."", ""start"": 13.8, ""end"": 16.8, ""confidence"": 0.92}, {""speaker"": 0, ""text"": ""That sounds challenging. How do you manage those two aspects of your life?"", ""start"": 17.2, ""end"": 19.3, ""confidence"": 0.93}, {""speaker"": 1, ""text"": ""Honestly, I try to set boundaries, like... not working after a certain hour, but it doesn\u2019t always stick, especially with emails."", ""start"": 19.8, ""end"": 23.0, ""confidence"": 0.95}, {""speaker"": 0, ""text"": ""Yeah, that\u2019s tough. Do you think your workplace supports you in achieving a better balance?"", ""start"": 23.5, ""end"": 26.0, ""confidence"": 0.94}, {""speaker"": 1, ""text"": ""Kind of? They talk a lot about work-life balance in meetings, but... the reality is different, like, there\u2019s just so much pressure to perform."", ""start"": 26.5, ""end"": 30.0, ""confidence"": 0.92}, {""speaker"": 0, ""text"": ""That\u2019s interesting. What kind of changes do you think would help improve that balance?"", ""start"": 30.5, ""end"": 33.0, ""confidence"": 0.93}, {""speaker"": 1, ""text"": ""I think... offering flexible hours or maybe more remote work options could really help, especially for parents like me."", ""start"": 33.5, ""end"": 36.5, ""confidence"": 0.95}, {""speaker"": 0, ""text"": ""Absolutely, flexibility can make a huge difference. How do you feel when you do manage to take some time off?"", ""start"": 37.0, ""end"": 39.5, ""confidence"": 0.94}, {""speaker"": 1, ""text"": ""Oh, it\u2019s like... a breath of fresh air! I feel more relaxed and actually... present with my family."", ""start"": 40.0, ""end"": 43.0, ""confidence"": 0.96}, {""speaker"": 0, ""text"": ""That sounds nice. Do you have any specific activities that help you unwind?"", ""start"": 43.5, ""end"": 45.5, ""confidence"": 0.92}, {""speaker"": 1, ""text"": ""Yeah! I love going for walks, or just... hanging out with my kids, maybe watching a movie together."", ""start"": 46.0, ""end"": 49.0, ""confidence"": 0.93}, {""speaker"": 0, ""text"": ""Those sound like great ways to decompress. Is there anything else you want to share about your experiences?"", ""start"": 49.5, ""end"": 52.0, ""confidence"": 0.94}, {""speaker"": 1, ""text"": ""Just that it\u2019s a constant work in progress, you know? Every day is different, but... I\u2019m trying my best to find that balance."", ""start"": 52.5, ""end"": 56.0, ""confidence"": 0.95}]}}}}"
2cabe58d-6140-41b2-ab9a-a985a0f1be46,4cf59f89-f0bc-4d8c-9516-9c238fa1f934,en,true,"{""body"": {""payload"": {""transcription"": {""utterances"": [{""speaker"": 0, ""text"": ""Thanks for taking the time to chat with me today about performance reviews."", ""start"": 0.5, ""end"": 3.0, ""confidence"": 0.95}, {""speaker"": 1, ""text"": ""Yeah, no problem! I think it\u2019s an important topic."", ""start"": 3.5, ""end"": 6.0, ""confidence"": 0.93}, {""speaker"": 0, ""text"": ""Great! So, how do you generally feel about the performance review process at your workplace?"", ""start"": 6.5, ""end"": 9.5, ""confidence"": 0.94}, {""speaker"": 1, ""text"": ""Honestly, it can be a bit stressful. I mean, it\u2019s like a mix of anticipation and anxiety."", ""start"": 10.0, ""end"": 13.5, ""confidence"": 0.92}, {""speaker"": 0, ""text"": ""What specifically causes that mix of feelings for you?"", ""start"": 14.0, ""end"": 15.5, ""confidence"": 0.96}, {""speaker"": 1, ""text"": ""Well, I guess it\u2019s the fear of being judged or, you know, not meeting expectations. And then there\u2019s the feedback part, which can be super tough."", ""start"": 16.0, ""end"": 20.5, ""confidence"": 0.91}, {""speaker"": 0, ""text"": ""That makes sense. How do you usually prepare for these reviews?"", ""start"": 21.0, ""end"": 23.0, ""confidence"": 0.97}, {""speaker"": 1, ""text"": ""I try to reflect on my accomplishments, maybe look back at goals set earlier. And I sometimes even rehearse what I want to say."", ""start"": 23.5, ""end"": 28.5, ""confidence"": 0.94}, {""speaker"": 0, ""text"": ""Rehearsing sounds like a good strategy! Do you find it helps during the actual review?"", ""start"": 29.0, ""end"": 31.0, ""confidence"": 0.95}, {""speaker"": 1, ""text"": ""Yeah, a bit. It helps me feel more confident, but when I sit down in front of my manager, it\u2019s like my mind goes blank sometimes."", ""start"": 31.5, ""end"": 36.0, ""confidence"": 0.92}, {""speaker"": 0, ""text"": ""I can totally relate! Have you ever received feedback that really stood out to you?"", ""start"": 36.5, ""end"": 39.5, ""confidence"": 0.94}, {""speaker"": 1, ""text"": ""Yes! One time my supervisor told me that my communication skills were a strength, which honestly surprised me."", ""start"": 40.0, ""end"": 43.5, ""confidence"": 0.93}, {""speaker"": 0, ""text"": ""That\u2019s awesome! How did that make you feel about your work overall?"", ""start"": 44.0, ""end"": 46.0, ""confidence"": 0.96}, {""speaker"": 1, ""text"": ""It really boosted my morale! I felt recognized, you know? Like, okay, I\u2019m doing something right."", ""start"": 46.5, ""end"": 50.0, ""confidence"": 0.91}, {""speaker"": 0, ""text"": ""Do you think performance reviews influence your motivation at work?"", ""start"": 50.5, ""end"": 52.5, ""confidence"": 0.95}, {""speaker"": 1, ""text"": ""Definitely. Positive feedback keeps me motivated, while, like, critical feedback... it can be a bit demotivating, but I try to use it as a learning experience."", ""start"": 53.0, ""end"": 58.0, ""confidence"": 0.93}, {""speaker"": 0, ""text"": ""That\u2019s a great mindset! Do you have any suggestions on how to improve the review process?"", ""start"": 58.5, ""end"": 61.0, ""confidence"": 0.94}, {""speaker"": 1, ""text"": ""I think incorporating more regular check-ins could help. Instead of just once a year, maybe quarterly feedback could be beneficial."", ""start"": 61.5, ""end"": 65.0, ""confidence"": 0.92}]}}}}"
84dbdaf3-f5da-4a26-9f9d-e4538bf8827f,b0d46c72-5527-4cec-8474-868d1da0eb55,en,true,"{""body"": {""payload"": {""transcription"": {""utterances"": [{""speaker"": 0, ""text"": ""Thanks for coming in today. I really appreciate you taking the time."", ""start"": 0.5, ""end"": 3.1, ""confidence"": 0.96}, {""speaker"": 1, ""text"": ""No problem! I\u2019m excited to chat about this."", ""start"": 3.5, ""end"": 5.5, ""confidence"": 0.94}, {""speaker"": 0, ""text"": ""Great! So, let\u2019s dive right in. Can you tell me about your career goals? What are you aiming for?"", ""start"": 5.8, ""end"": 9.2, ""confidence"": 0.95}, {""speaker"": 1, ""text"": ""Sure! Well, I\u2019d say my main goal is to eventually move into a leadership role. I\u2019ve been in my current position for a few years now, and I feel like I\u2019ve grown a lot. But\u2026 I want to take on more responsibility, you know?"", ""start"": 9.5, ""end"": 15.0, ""confidence"": 0.93}, {""speaker"": 0, ""text"": ""That makes sense. What kind of leadership role do you envision for yourself?"", ""start"": 15.3, ""end"": 17.5, ""confidence"": 0.92}, {""speaker"": 1, ""text"": ""I imagine something like a team lead or maybe a project manager. I like the idea of guiding others and helping the team succeed."", ""start"": 17.8, ""end"": 22.0, ""confidence"": 0.95}, {""speaker"": 0, ""text"": ""Sounds like a solid plan! What steps are you taking to reach that goal?"", ""start"": 22.3, ""end"": 25.1, ""confidence"": 0.94}, {""speaker"": 1, ""text"": ""I\u2019ve started taking on more projects that require teamwork and collaboration. I also signed up for a leadership workshop next month, which I'm really looking forward to."", ""start"": 25.4, ""end"": 31.2, ""confidence"": 0.96}, {""speaker"": 0, ""text"": ""That\u2019s awesome! How do you feel about your current skills in leadership?"", ""start"": 31.5, ""end"": 34.5, ""confidence"": 0.93}, {""speaker"": 1, ""text"": ""Honestly, I think I\u2019m good at motivating my peers and communicating. But I know I need to work on decision-making under pressure. It\u2019s kind of intimidating at times."", ""start"": 34.8, ""end"": 40.2, ""confidence"": 0.91}, {""speaker"": 0, ""text"": ""Yeah, that can be tough. What motivates you when it comes to your career?"", ""start"": 40.5, ""end"": 43.5, ""confidence"": 0.94}, {""speaker"": 1, ""text"": ""I think it\u2019s really about making an impact. I want to feel like I\u2019m contributing to something bigger. It\u2019s not just about the paycheck for me, you know?"", ""start"": 43.8, ""end"": 49.0, ""confidence"": 0.95}, {""speaker"": 0, ""text"": ""Absolutely! So, what kind of impact would you like to make?"", ""start"": 49.3, ""end"": 52.1, ""confidence"": 0.92}, {""speaker"": 1, ""text"": ""I\u2019d love to work on projects that improve our community or help the environment. That\u2019s really important to me."", ""start"": 52.4, ""end"": 56.5, ""confidence"": 0.94}, {""speaker"": 0, ""text"": ""That\u2019s really admirable. How do you see your career evolving in the next five years?"", ""start"": 56.8, ""end"": 59.3, ""confidence"": 0.93}, {""speaker"": 1, ""text"": ""In five years? I hope to be in a managerial position, leading a team that\u2019s working on impactful projects. That\u2019s the dream!"", ""start"": 59.6, ""end"": 64.0, ""confidence"": 0.96}, {""speaker"": 0, ""text"": ""Sounds exciting! Finally, do you have any role models in your field that inspire your career goals?"", ""start"": 64.3, ""end"": 67.1, ""confidence"": 0.92}, {""speaker"": 1, ""text"": ""Definitely! There\u2019s a woman at my company who\u2019s a senior manager. She\u2019s so inspiring, always advocating for her team and pushing for meaningful projects."", ""start"": 67.4, ""end"": 73.1, ""confidence"": 0.95}, {""speaker"": 0, ""text"": ""That\u2019s fantastic! Thank you for sharing your thoughts. This has been really insightful."", ""start"": 73.4, ""end"": 76.0, ""confidence"": 0.94}]}}}}"
afb8b36c-9b49-4e9a-a2b5-3d4c98f99476,f41ba610-9896-4cd8-9283-65c27d256b6c,en,true,"{""body"": {""payload"": {""transcription"": {""utterances"": [{""speaker"": 0, ""text"": ""Thanks for sitting down with me today. I'm really looking forward to our chat about team dynamics."", ""start"": 0.5, ""end"": 3.2, ""confidence"": 0.96}, {""speaker"": 1, ""text"": ""Yeah, me too! It's a topic I'm really passionate about."", ""start"": 3.5, ""end"": 5.1, ""confidence"": 0.94}, {""speaker"": 0, ""text"": ""Awesome! So, to kick things off, how would you describe your team's overall dynamic?"", ""start"": 5.3, ""end"": 8.1, ""confidence"": 0.95}, {""speaker"": 1, ""text"": ""Hmm, I'd say it's pretty collaborative. Like, we really lean on each other's strengths."", ""start"": 8.3, ""end"": 11.0, ""confidence"": 0.93}, {""speaker"": 0, ""text"": ""That sounds great! Can you give me an example of that collaboration in action?"", ""start"": 11.3, ""end"": 13.7, ""confidence"": 0.92}, {""speaker"": 1, ""text"": ""Sure! So, last month we had a big project, right? Everyone pitched in... like, we divided tasks based on who was good at what."", ""start"": 14.0, ""end"": 17.5, ""confidence"": 0.94}, {""speaker"": 0, ""text"": ""Nice! And how did you feel about the communication during that process?"", ""start"": 17.8, ""end"": 20.0, ""confidence"": 0.91}, {""speaker"": 1, ""text"": ""Honestly, there were a few hiccups, but overall it was pretty open. We had daily check-ins, and people felt comfortable sharing updates."", ""start"": 20.2, ""end"": 23.9, ""confidence"": 0.95}, {""speaker"": 0, ""text"": ""That's really encouraging to hear! Have you noticed any specific challenges within your team dynamics?"", ""start"": 24.1, ""end"": 26.8, ""confidence"": 0.92}, {""speaker"": 1, ""text"": ""Yeah, for sure. Sometimes, certain personalities clash. Like, when someone is really assertive, it can overshadow quieter team members."", ""start"": 27.0, ""end"": 30.5, ""confidence"": 0.92}, {""speaker"": 0, ""text"": ""I can see how that would be tough. How do you handle those situations?"", ""start"": 30.7, ""end"": 33.2, ""confidence"": 0.93}, {""speaker"": 1, ""text"": ""Well, we try to encourage everyone to speak up, you know? Sometimes we\u2019ll have a round-robin style discussion to ensure everyone gets a chance."", ""start"": 33.5, ""end"": 36.8, ""confidence"": 0.94}, {""speaker"": 0, ""text"": ""That sounds like a good approach! Do you think team-building activities help mitigate those issues?"", ""start"": 37.1, ""end"": 39.0, ""confidence"": 0.91}, {""speaker"": 1, ""text"": ""Definitely! We recently did a retreat, and it really helped us bond. Like, we shared personal stories and got to know each other better."", ""start"": 39.3, ""end"": 42.5, ""confidence"": 0.95}, {""speaker"": 0, ""text"": ""That's awesome! And how do you feel those activities impact your work afterwards?"", ""start"": 42.7, ""end"": 45.5, ""confidence"": 0.92}, {""speaker"": 1, ""text"": ""They make a big difference! I think we communicate better and trust each other more. It\u2019s like, you\u2019re more willing to collaborate after having had fun together."", ""start"": 45.9, ""end"": 49.5, ""confidence"": 0.93}, {""speaker"": 0, ""text"": ""That\u2019s such a valuable insight. Last question\u2014what advice would you give to teams struggling with dynamics?"", ""start"": 49.8, ""end"": 52.5, ""confidence"": 0.94}, {""speaker"": 1, ""text"": ""I\u2019d say, just keep it open. Create an atmosphere where everyone feels safe to share. And don\u2019t underestimate the power of fun!"", ""start"": 52.8, ""end"": 56.0, ""confidence"": 0.96}]}}}}"
26735b3b-b401-4c60-9472-8945688cb81d,b7b82cc1-99f7-4129-948e-28e0c646c793,en,true,"{""body"": {""payload"": {""transcription"": {""utterances"": [{""speaker"": 0, ""text"": ""Thanks for coming in today. I really appreciate it."", ""start"": 0.5, ""end"": 3.0, ""confidence"": 0.95}, {""speaker"": 1, ""text"": ""Yeah, no problem! Happy to help out."", ""start"": 3.5, ""end"": 5.5, ""confidence"": 0.93}, {""speaker"": 0, ""text"": ""So, let's dive right in. Can you tell me about a time when you faced a conflict at work?"", ""start"": 6.0, ""end"": 9.0, ""confidence"": 0.96}, {""speaker"": 1, ""text"": ""Uh, sure. I remember this one time... there was a disagreement between me and my colleague about a project. I think it was... um, about the direction we should take."", ""start"": 9.5, ""end"": 13.0, ""confidence"": 0.92}, {""speaker"": 0, ""text"": ""What specifically was the disagreement about?"", ""start"": 13.5, ""end"": 15.5, ""confidence"": 0.94}, {""speaker"": 1, ""text"": ""Well, I wanted to focus on, like, more innovative solutions, while my colleague preferred a more traditional approach. I\u2019m not sure exactly how it escalated, but it got pretty tense."", ""start"": 16.0, ""end"": 20.0, ""confidence"": 0.89}, {""speaker"": 0, ""text"": ""That sounds challenging. How did you both handle it?"", ""start"": 20.5, ""end"": 22.5, ""confidence"": 0.97}, {""speaker"": 1, ""text"": ""Initially, we kinda avoided each other, which was not great. But then we decided to sit down and talk it out. It was really helpful to just lay everything out."", ""start"": 23.0, ""end"": 27.0, ""confidence"": 0.94}, {""speaker"": 0, ""text"": ""Nice! What steps did you take during that conversation?"", ""start"": 27.5, ""end"": 29.5, ""confidence"": 0.96}, {""speaker"": 1, ""text"": ""We both took turns sharing our points without interrupting each other. I made sure to listen actively, and, um, I think it helped build some trust between us."", ""start"": 30.0, ""end"": 34.0, ""confidence"": 0.91}, {""speaker"": 0, ""text"": ""That sounds like a great approach. Did the conversation lead to a resolution?"", ""start"": 34.5, ""end"": 36.5, ""confidence"": 0.97}, {""speaker"": 1, ""text"": ""Yeah, eventually we found some common ground. We integrated both of our ideas into the project, which was awesome. But I don\u2019t remember exactly what the final outcome was."", ""start"": 37.0, ""end"": 42.0, ""confidence"": 0.88}, {""speaker"": 0, ""text"": ""Excellent! Have you used any specific techniques for conflict resolution since then?"", ""start"": 42.5, ""end"": 45.0, ""confidence"": 0.95}, {""speaker"": 1, ""text"": ""Definitely. I\u2019ve tried to be more proactive about communication, and I often encourage my team to, you know, express concerns before things escalate."", ""start"": 45.5, ""end"": 50.0, ""confidence"": 0.92}, {""speaker"": 0, ""text"": ""That\u2019s really smart. How has that changed your team dynamics?"", ""start"": 50.5, ""end"": 52.0, ""confidence"": 0.94}, {""speaker"": 1, ""text"": ""Honestly, it\u2019s improved a lot. People are more willing to speak up, and conflicts get resolved much quicker. It just feels\u2026 healthier, I guess."", ""start"": 52.5, ""end"": 56.0, ""confidence"": 0.93}, {""speaker"": 0, ""text"": ""That\u2019s wonderful to hear! Any final thoughts on what you think is key to resolving conflicts effectively?"", ""start"": 56.5, ""end"": 59.0, ""confidence"": 0.95}, {""speaker"": 1, ""text"": ""I think it\u2019s all about, like, open-mindedness and really listening to the other person. It makes a huge difference."", ""start"": 59.5, ""end"": 62.0, ""confidence"": 0.94}]}}}}"
11c6603c-0760-42b8-83f9-d4c50cc43e04,4cf59f89-f0bc-4d8c-9516-9c238fa1f934,en,true,"{""body"": {""payload"": {""transcription"": {""utterances"": [{""speaker"": 0, ""text"": ""Hey, thanks for joining me today!"", ""start"": 0.5, ""end"": 2.3, ""confidence"": 0.94}, {""speaker"": 1, ""text"": ""Yeah, no problem! Happy to chat about this."", ""start"": 2.8, ""end"": 5.0, ""confidence"": 0.93}, {""speaker"": 0, ""text"": ""So, let\u2019s dive in. How has remote work been for you overall?"", ""start"": 5.5, ""end"": 8.0, ""confidence"": 0.9}, {""speaker"": 1, ""text"": ""Um, it\u2019s been a mixed bag, you know? I love the flexibility but, like, sometimes I miss the in-person interactions."", ""start"": 8.5, ""end"": 12.2, ""confidence"": 0.91}, {""speaker"": 0, ""text"": ""Totally get that. What do you think has been the biggest challenge for you?"", ""start"": 12.7, ""end"": 15.5, ""confidence"": 0.92}, {""speaker"": 1, ""text"": ""Hmm, probably the boundaries between work and home life. It\u2019s hard to switch off when my office is, like, right there in the living room."", ""start"": 16.0, ""end"": 20.0, ""confidence"": 0.89}, {""speaker"": 0, ""text"": ""That makes sense. Have you found any strategies that help with that?"", ""start"": 20.5, ""end"": 23.2, ""confidence"": 0.95}, {""speaker"": 1, ""text"": ""Yeah! I try to have a routine, like, I start and finish at the same time every day. And I\u2019ve set up a little workspace, so... I mean, it helps a bit."", ""start"": 23.7, ""end"": 28.5, ""confidence"": 0.92}, {""speaker"": 0, ""text"": ""Nice! What about collaboration? How\u2019s that been working with your team?"", ""start"": 29.0, ""end"": 31.5, ""confidence"": 0.96}, {""speaker"": 1, ""text"": ""It\u2019s been tough, honestly. We use video calls a lot, but it just... doesn\u2019t feel the same as being in the same room, right? Miscommunication happens more often."", ""start"": 32.0, ""end"": 36.5, ""confidence"": 0.91}, {""speaker"": 0, ""text"": ""Yeah, I hear you. Have you had any moments where you felt really connected, though?"", ""start"": 37.0, ""end"": 40.0, ""confidence"": 0.95}, {""speaker"": 1, ""text"": ""Oh, definitely! Our team had a virtual happy hour last month. It was kinda silly but... it really helped us bond a bit more, you know?"", ""start"": 40.5, ""end"": 44.2, ""confidence"": 0.94}, {""speaker"": 0, ""text"": ""That\u2019s great to hear! Do you think your company supports remote workers well?"", ""start"": 44.7, ""end"": 47.5, ""confidence"": 0.9}, {""speaker"": 1, ""text"": ""Mostly, yeah. They\u2019ve given us tools and resources to stay connected, but there\u2019s always room for improvement. Like, more team-building activities would be cool."", ""start"": 48.0, ""end"": 52.0, ""confidence"": 0.92}, {""speaker"": 0, ""text"": ""For sure! And what do you think about your own productivity while working remotely?"", ""start"": 52.5, ""end"": 55.5, ""confidence"": 0.91}, {""speaker"": 1, ""text"": ""I think I\u2019m actually more productive at home, sometimes too much! I can focus without all the office distractions, but then I end up working late."", ""start"": 56.0, ""end"": 59.2, ""confidence"": 0.93}, {""speaker"": 0, ""text"": ""That\u2019s a common one, huh? How do you balance that out?"", ""start"": 59.7, ""end"": 62.0, ""confidence"": 0.94}, {""speaker"": 1, ""text"": ""I\u2019ve started setting alarms to remind me to log off, just so I don\u2019t lose track of time. It helps a bit, but, like, sometimes I still ignore it."", ""start"": 62.5, ""end"": 66.5, ""confidence"": 0.9}]}}}}"
ce55a444-4104-4ce1-8fe8-5964b671939b,4cf59f89-f0bc-4d8c-9516-9c238fa1f934,en,true,"{""body"": {""payload"": {""transcription"": {""utterances"": [{""speaker"": 0, ""text"": ""Thanks for taking the time to chat with me today about salary expectations."", ""start"": 0.5, ""end"": 3.0, ""confidence"": 0.96}, {""speaker"": 1, ""text"": ""Yeah, no problem! Happy to share my thoughts."", ""start"": 3.5, ""end"": 5.0, ""confidence"": 0.94}, {""speaker"": 0, ""text"": ""Great! So, to start off, can you tell me how you usually determine your salary expectations?"", ""start"": 5.5, ""end"": 8.0, ""confidence"": 0.93}, {""speaker"": 1, ""text"": ""Sure! I usually look at a mix of factors, like industry standards, my experience level, and also what similar roles are paying."", ""start"": 8.5, ""end"": 12.0, ""confidence"": 0.95}, {""speaker"": 0, ""text"": ""That makes sense. Do you have specific resources or websites you rely on for that information?"", ""start"": 12.5, ""end"": 15.0, ""confidence"": 0.92}, {""speaker"": 1, ""text"": ""Yeah, definitely! I tend to use sites like Glassdoor and PayScale. They give a pretty good overview, I think."", ""start"": 15.5, ""end"": 18.0, ""confidence"": 0.94}, {""speaker"": 0, ""text"": ""Awesome, those are popular ones. Now, how do you feel about discussing salary in interviews? Is it something you find comfortable?"", ""start"": 18.5, ""end"": 22.0, ""confidence"": 0.91}, {""speaker"": 1, ""text"": ""Um, it really depends. Sometimes I'm okay with it, but other times, I feel kinda awkward bringing it up."", ""start"": 22.5, ""end"": 26.0, ""confidence"": 0.93}, {""speaker"": 0, ""text"": ""What do you think makes it feel awkward?"", ""start"": 26.5, ""end"": 28.5, ""confidence"": 0.9}, {""speaker"": 1, ""text"": ""I guess it's just, like, the fear of asking for too much or, you know, undervaluing myself."", ""start"": 29.0, ""end"": 32.0, ""confidence"": 0.92}, {""speaker"": 0, ""text"": ""Totally understandable. Have you ever had a situation where you felt you weren\u2019t offered what you deserved?"", ""start"": 32.5, ""end"": 36.0, ""confidence"": 0.91}, {""speaker"": 1, ""text"": ""Yeah, actually! Once, I was offered a position, and when I did my research, I found out it was lower than the average for my skill set."", ""start"": 36.5, ""end"": 40.0, ""confidence"": 0.93}, {""speaker"": 0, ""text"": ""How did you handle that?"", ""start"": 40.5, ""end"": 41.5, ""confidence"": 0.89}, {""speaker"": 1, ""text"": ""I ended up negotiating, but it was a bit nerve-wracking, to be honest. I didn\u2019t want to come off as greedy."", ""start"": 42.0, ""end"": 46.0, ""confidence"": 0.94}, {""speaker"": 0, ""text"": ""Negotiation can be tricky! What strategies do you find helpful when you're in that position?"", ""start"": 46.5, ""end"": 50.0, ""confidence"": 0.92}, {""speaker"": 1, ""text"": ""I try to stay calm, do my homework, and present my case clearly. Being confident helps a lot, I think."", ""start"": 50.5, ""end"": 54.0, ""confidence"": 0.95}, {""speaker"": 0, ""text"": ""That\u2019s a solid approach. Last question\u2014do you think salary expectations vary by industry?"", ""start"": 54.5, ""end"": 58.0, ""confidence"": 0.9}, {""speaker"": 1, ""text"": ""Absolutely! Like, tech jobs generally pay more than, say, non-profits. It\u2019s really important to factor that in."", ""start"": 58.5, ""end"": 62.0, ""confidence"": 0.94}]}}}}"
0f80431c-7889-4079-9752-47c92051f8c6,f41ba610-9896-4cd8-9283-65c27d256b6c,en,true,"{""body"": {""payload"": {""transcription"": {""utterances"": [{""speaker"": 0, ""text"": ""Thanks for taking the time to chat today. To start off, how would you describe the company culture here?"", ""start"": 0.5, ""end"": 4.0, ""confidence"": 0.95}, {""speaker"": 1, ""text"": ""Yeah, I mean, the culture is pretty good in terms of teamwork. Everyone\u2019s really supportive, you know?"", ""start"": 4.1, ""end"": 7.5, ""confidence"": 0.93}, {""speaker"": 0, ""text"": ""That's great to hear! Can you tell me more about how that teamwork plays out day-to-day?"", ""start"": 7.6, ""end"": 10.3, ""confidence"": 0.92}, {""speaker"": 1, ""text"": ""Sure! Like, in meetings, we all pitch in ideas and there\u2019s this sense of, um, shared responsibility. It feels like we\u2019re all in it together."", ""start"": 10.4, ""end"": 14.1, ""confidence"": 0.94}, {""speaker"": 0, ""text"": ""Sounds really collaborative! Are there any challenges you\u2019ve faced with teamwork?"", ""start"": 14.2, ""end"": 17.0, ""confidence"": 0.91}, {""speaker"": 1, ""text"": ""Well, not with the team itself, but sometimes it feels like management doesn\u2019t listen to us as much as they should."", ""start"": 17.1, ""end"": 21.2, ""confidence"": 0.9}, {""speaker"": 0, ""text"": ""That\u2019s interesting. Can you give me an example of that?"", ""start"": 21.3, ""end"": 23.5, ""confidence"": 0.88}, {""speaker"": 1, ""text"": ""Yeah, like, when we suggest new ideas or changes, it\u2019s like they kinda brush us off. It\u2019s frustrating."", ""start"": 23.6, ""end"": 26.7, ""confidence"": 0.89}, {""speaker"": 0, ""text"": ""I can see how that would be frustrating. Do you think it affects how people work together?"", ""start"": 26.8, ""end"": 29.2, ""confidence"": 0.9}, {""speaker"": 1, ""text"": ""Definitely. When we feel unheard, it kinda dampens the enthusiasm. We start doubting if our input matters."", ""start"": 29.3, ""end"": 33.0, ""confidence"": 0.91}, {""speaker"": 0, ""text"": ""That makes sense. So, what do you think management could do differently to improve the situation?"", ""start"": 33.1, ""end"": 36.0, ""confidence"": 0.92}, {""speaker"": 1, ""text"": ""I think they should be more open to feedback, you know? Maybe hold regular check-ins or something like that."", ""start"": 36.1, ""end"": 40.0, ""confidence"": 0.93}, {""speaker"": 0, ""text"": ""That sounds like a solid idea. It seems like you really value open communication."", ""start"": 40.1, ""end"": 42.2, ""confidence"": 0.94}, {""speaker"": 1, ""text"": ""For sure! It\u2019s key for a good culture. It helps everyone feel connected and valued."", ""start"": 42.3, ""end"": 45.0, ""confidence"": 0.92}, {""speaker"": 0, ""text"": ""Absolutely. So, overall, how do you feel about the company culture despite these challenges?"", ""start"": 45.1, ""end"": 48.0, ""confidence"": 0.91}, {""speaker"": 1, ""text"": ""Um, I guess it's mixed. I love the teamwork, but the management stuff can be a real downer."", ""start"": 48.1, ""end"": 51.0, ""confidence"": 0.9}, {""speaker"": 0, ""text"": ""That\u2019s fair. Balancing those positives and negatives can be tough. Thanks for sharing all of this!"", ""start"": 51.1, ""end"": 54.0, ""confidence"": 0.92}]}}}}"
ff79164a-689d-49c5-91b6-d000caa69d84,b7b82cc1-99f7-4129-948e-28e0c646c793,en,true,"{""body"": {""payload"": {""transcription"": {""utterances"": [{""speaker"": 0, ""text"": ""Thanks for taking the time to chat with me today about your onboarding experience."", ""start"": 0.5, ""end"": 4.2, ""confidence"": 0.95}, {""speaker"": 1, ""text"": ""Yeah, sure! I\u2019m happy to share my thoughts."", ""start"": 4.5, ""end"": 6.2, ""confidence"": 0.94}, {""speaker"": 0, ""text"": ""Great! So, can you tell me a bit about how your onboarding process started?"", ""start"": 6.4, ""end"": 9.1, ""confidence"": 0.96}, {""speaker"": 1, ""text"": ""Well, I actually got an email a few days before my start date. It had a ton of info, like what to expect on my first day, and some forms I needed to fill out."", ""start"": 9.3, ""end"": 14.0, ""confidence"": 0.93}, {""speaker"": 0, ""text"": ""That sounds pretty organized. Did you find the information helpful?"", ""start"": 14.2, ""end"": 16.5, ""confidence"": 0.92}, {""speaker"": 1, ""text"": ""Definitely! I mean, I was pretty nervous, so having all that info made me feel a bit better. It was like, okay, I know what I\u2019m getting into."", ""start"": 16.7, ""end"": 22.0, ""confidence"": 0.96}, {""speaker"": 0, ""text"": ""That's good to hear! How was your first day in the office?"", ""start"": 22.2, ""end"": 24.6, ""confidence"": 0.94}, {""speaker"": 1, ""text"": ""Oh man, it was a whirlwind. I met my team right away, and they were super friendly. But, like, there was so much information thrown at me, I felt a little overwhelmed."", ""start"": 24.8, ""end"": 30.5, ""confidence"": 0.92}, {""speaker"": 0, ""text"": ""I can imagine! What kind of information did they share?"", ""start"": 30.6, ""end"": 33.0, ""confidence"": 0.91}, {""speaker"": 1, ""text"": ""Everything from company culture to my specific role duties, and they even went over some of the software we\u2019d be using. It was a lot to take in, you know?"", ""start"": 33.2, ""end"": 39.0, ""confidence"": 0.95}, {""speaker"": 0, ""text"": ""Yeah, that does sound like a lot. Did you have a chance to ask questions?"", ""start"": 39.1, ""end"": 42.0, ""confidence"": 0.93}, {""speaker"": 1, ""text"": ""For sure! I asked a couple of questions, but honestly, I was so nervous I just hoped they\u2019d cover it later. I didn\u2019t want to seem unprepared or anything."", ""start"": 42.2, ""end"": 48.0, ""confidence"": 0.94}, {""speaker"": 0, ""text"": ""Totally understandable. How did your colleagues help you settle in?"", ""start"": 48.2, ""end"": 50.6, ""confidence"": 0.96}, {""speaker"": 1, ""text"": ""They were really great! I had a buddy assigned to me, which helped a lot. He showed me around and introduced me to others. It made me feel more comfortable, for sure."", ""start"": 50.8, ""end"": 57.0, ""confidence"": 0.95}, {""speaker"": 0, ""text"": ""That sounds really supportive. Is there anything that could have improved your onboarding experience?"", ""start"": 57.1, ""end"": 60.0, ""confidence"": 0.92}, {""speaker"": 1, ""text"": ""Maybe more structured training sessions. I think having those could help with the information overload. Just more time to digest everything."", ""start"": 60.2, ""end"": 65.0, ""confidence"": 0.93}, {""speaker"": 0, ""text"": ""That\u2019s a great suggestion. Overall, how do you feel about the onboarding process now, looking back?"", ""start"": 65.2, ""end"": 68.0, ""confidence"": 0.95}, {""speaker"": 1, ""text"": ""I think it was good, mostly. I learned a lot in a short time, and I felt supported. Just a few tweaks, and it would be excellent!"", ""start"": 68.3, ""end"": 73.0, ""confidence"": 0.94}]}}}}"
25e3d859-e8f5-4a7b-9385-09671d9f33f1,b0d46c72-5527-4cec-8474-868d1da0eb55,en,true,"{""body"": {""payload"": {""transcription"": {""utterances"": [{""speaker"": 0, ""text"": ""Thanks for taking the time to chat today. How are you feeling about your job overall?"", ""start"": 0.5, ""end"": 3.2, ""confidence"": 0.96}, {""speaker"": 1, ""text"": ""Oh, um, I\u2019d say I\u2019m feeling pretty good about it, actually. It has its ups and downs, but overall, yeah, I\u2019m satisfied."", ""start"": 3.5, ""end"": 6.5, ""confidence"": 0.94}, {""speaker"": 0, ""text"": ""That\u2019s great to hear! Can you tell me more about what specifically makes you satisfied?"", ""start"": 6.8, ""end"": 9.5, ""confidence"": 0.95}, {""speaker"": 1, ""text"": ""Sure! I mean, first off, the team I work with is amazing. We have a really good vibe, and everyone supports each other."", ""start"": 9.8, ""end"": 13.2, ""confidence"": 0.93}, {""speaker"": 0, ""text"": ""Sounds like a strong team dynamic. What else contributes to your job satisfaction?"", ""start"": 13.5, ""end"": 15.3, ""confidence"": 0.91}, {""speaker"": 1, ""text"": ""Well, I appreciate the flexibility in my schedule. It really helps with work-life balance. I can, you know, take care of personal stuff when I need to."", ""start"": 15.6, ""end"": 19.0, ""confidence"": 0.92}, {""speaker"": 0, ""text"": ""Flexibility is definitely important. Have there been any challenges that have affected your satisfaction?"", ""start"": 19.3, ""end"": 22.0, ""confidence"": 0.94}, {""speaker"": 1, ""text"": ""Yeah, I\u2019d say there are some moments when the workload gets super heavy. It can feel overwhelming, you know?"", ""start"": 22.3, ""end"": 25.1, ""confidence"": 0.95}, {""speaker"": 0, ""text"": ""I can see how that would be tough. How do you usually cope with that stress?"", ""start"": 25.4, ""end"": 28.0, ""confidence"": 0.92}, {""speaker"": 1, ""text"": ""I try to take short breaks, like just step away for a bit. And I talk to my colleagues. Venting helps!"", ""start"": 28.3, ""end"": 31.6, ""confidence"": 0.91}, {""speaker"": 0, ""text"": ""That sounds like a good strategy. Do you feel that your employer supports you in times of stress?"", ""start"": 31.9, ""end"": 34.3, ""confidence"": 0.93}, {""speaker"": 1, ""text"": ""Honestly, yes. They encourage us to take mental health days if we need to, and I really appreciate that."", ""start"": 34.6, ""end"": 37.5, ""confidence"": 0.95}, {""speaker"": 0, ""text"": ""It\u2019s great to have that kind of support. What do you think could improve your job satisfaction even more?"", ""start"": 37.8, ""end"": 40.5, ""confidence"": 0.92}, {""speaker"": 1, ""text"": ""Hmm, maybe more opportunities for professional development? I wanna learn more skills and grow within the company."", ""start"": 40.8, ""end"": 44.6, ""confidence"": 0.94}, {""speaker"": 0, ""text"": ""That\u2019s a good point. Are there any specific skills you\u2019re interested in developing?"", ""start"": 44.9, ""end"": 47.0, ""confidence"": 0.93}, {""speaker"": 1, ""text"": ""Yeah, I\u2019d love to get into project management. I think it would help me contribute more, you know?"", ""start"": 47.3, ""end"": 50.0, ""confidence"": 0.95}, {""speaker"": 0, ""text"": ""Sounds like a great direction! Last question, if you could change one thing about your job, what would it be?"", ""start"": 50.3, ""end"": 53.0, ""confidence"": 0.92}, {""speaker"": 1, ""text"": ""Hmm, probably just more collaboration with other teams. It sometimes feels a bit siloed, and I think we could do great things together!"", ""start"": 53.3, ""end"": 56.5, ""confidence"": 0.94}]}}}}"
84bdb964-cf98-4191-8ac5-b62af88812a9,6b74b838-bd51-4f6b-a0e2-eb782d310ebe,en,true,"{""body"": {""payload"": {""transcription"": {""utterances"": [{""speaker"": 0, ""text"": ""Thanks for being here today to chat about work-life balance."", ""start"": 0.5, ""end"": 3.2, ""confidence"": 0.96}, {""speaker"": 1, ""text"": ""Absolutely, happy to share my thoughts."", ""start"": 3.5, ""end"": 5.0, ""confidence"": 0.95}, {""speaker"": 0, ""text"": ""To start off, what does work-life balance mean to you?"", ""start"": 5.2, ""end"": 7.5, ""confidence"": 0.93}, {""speaker"": 1, ""text"": ""Hmm, well, for me, it\u2019s really about having enough time for my job, but also for my personal life, you know?"", ""start"": 7.7, ""end"": 11.0, ""confidence"": 0.94}, {""speaker"": 0, ""text"": ""Yeah, that makes sense. Can you give me an example of how you try to achieve that balance?"", ""start"": 11.2, ""end"": 13.5, ""confidence"": 0.95}, {""speaker"": 1, ""text"": ""Sure! I usually set strict boundaries. Like, I don't answer emails after 6 PM. I need that time for my family and, um, just for myself too."", ""start"": 13.7, ""end"": 18.0, ""confidence"": 0.92}, {""speaker"": 0, ""text"": ""That sounds like a good strategy. Do you find it challenging to stick to those boundaries?"", ""start"": 18.2, ""end"": 20.5, ""confidence"": 0.94}, {""speaker"": 1, ""text"": ""Definitely! Sometimes, I feel guilty if I\u2019m not working, especially if there\u2019s a lot going on at the office."", ""start"": 20.7, ""end"": 24.0, ""confidence"": 0.91}, {""speaker"": 0, ""text"": ""I can imagine. How do you handle that guilt?"", ""start"": 24.2, ""end"": 26.2, ""confidence"": 0.93}, {""speaker"": 1, ""text"": ""Well, I try to remind myself that taking breaks actually makes me more productive. Plus, spending time with my kids helps me recharge."", ""start"": 26.5, ""end"": 30.5, ""confidence"": 0.94}, {""speaker"": 0, ""text"": ""That\u2019s a great perspective. What kind of activities do you do with your kids?"", ""start"": 30.7, ""end"": 33.0, ""confidence"": 0.95}, {""speaker"": 1, ""text"": ""Oh, we love going to the park, or sometimes just having a movie night at home. It's, like, our little escape."", ""start"": 33.2, ""end"": 36.5, ""confidence"": 0.92}, {""speaker"": 0, ""text"": ""Sounds fun! Do you think your employer supports your need for work-life balance?"", ""start"": 36.7, ""end"": 39.0, ""confidence"": 0.94}, {""speaker"": 1, ""text"": ""I think they do to an extent. They offer flexible hours, which is nice, but there\u2019s still that pressure to deliver all the time."", ""start"": 39.2, ""end"": 42.5, ""confidence"": 0.93}, {""speaker"": 0, ""text"": ""That\u2019s a common issue. How do you communicate your needs to your employer?"", ""start"": 42.7, ""end"": 45.0, ""confidence"": 0.94}, {""speaker"": 1, ""text"": ""I try to be open about it. Like, if I need a day off, I just ask. I've found that being straightforward really helps."", ""start"": 45.2, ""end"": 48.5, ""confidence"": 0.95}, {""speaker"": 0, ""text"": ""Being straightforward is key. Lastly, any advice for people struggling with this balance?"", ""start"": 48.7, ""end"": 51.0, ""confidence"": 0.94}, {""speaker"": 1, ""text"": ""Yeah, I'd say don\u2019t be afraid to set those boundaries. Your well-being is super important, and it's okay to prioritize it."", ""start"": 51.2, ""end"": 54.0, ""confidence"": 0.96}, {""speaker"": 0, ""text"": ""Great advice! Thanks so much for sharing your experiences."", ""start"": 54.2, ""end"": 56.0, ""confidence"": 0.95}]}}}}"
bbc87cd1-a866-4f6c-9656-86642db02aad,4cf59f89-f0bc-4d8c-9516-9c238fa1f934,en,true,"{""body"": {""payload"": {""transcription"": {""utterances"": [{""speaker"": 0, ""text"": ""Thanks for agreeing to chat about your performance review today."", ""start"": 0.5, ""end"": 3.0, ""confidence"": 0.95}, {""speaker"": 1, ""text"": ""Yeah, no problem! It's actually nice to talk about it."", ""start"": 3.5, ""end"": 5.2, ""confidence"": 0.93}, {""speaker"": 0, ""text"": ""Great! So, how do you feel your performance has been over the past year?"", ""start"": 5.8, ""end"": 8.0, ""confidence"": 0.96}, {""speaker"": 1, ""text"": ""Well, honestly, I've had some ups and downs. I think when it comes to teamwork, it's been really positive. My colleagues and I work well together, you know?"", ""start"": 8.5, ""end"": 12.1, ""confidence"": 0.94}, {""speaker"": 0, ""text"": ""That's awesome! Can you give me an example of a successful project or something you worked on as a team?"", ""start"": 12.3, ""end"": 15.0, ""confidence"": 0.97}, {""speaker"": 1, ""text"": ""Sure! We had this big project last quarter. Everyone pitched in their ideas and we ended up meeting the deadline ahead of time, which was really cool."", ""start"": 15.5, ""end"": 19.0, ""confidence"": 0.92}, {""speaker"": 0, ""text"": ""Sounds like a great experience! What about your relationship with management? How has that been for you?"", ""start"": 19.2, ""end"": 22.0, ""confidence"": 0.96}, {""speaker"": 1, ""text"": ""Ugh, that's where things get complicated. I mean, I don't feel like management is really supporting us as a team. Sometimes it feels like they don\u2019t really understand the work we\u2019re doing."", ""start"": 22.5, ""end"": 26.5, ""confidence"": 0.91}, {""speaker"": 0, ""text"": ""That's interesting. Can you elaborate on that a bit more? What do you think they could do differently?"", ""start"": 26.7, ""end"": 29.5, ""confidence"": 0.95}, {""speaker"": 1, ""text"": ""Yeah, definitely. I think more open communication would help a ton. Sometimes they just deliver feedback without context. It's like, 'Okay, but what do you expect from me?'"", ""start"": 30.0, ""end"": 34.0, ""confidence"": 0.93}, {""speaker"": 0, ""text"": ""I see what you mean. That must be frustrating. Do you feel comfortable discussing these issues with management?"", ""start"": 34.2, ""end"": 37.0, ""confidence"": 0.94}, {""speaker"": 1, ""text"": ""Not really. I think there's a fear of backlash. Like, if I raise concerns, will it affect my position? It\u2019s tough to navigate."", ""start"": 37.5, ""end"": 41.0, ""confidence"": 0.9}, {""speaker"": 0, ""text"": ""That's definitely a tricky situation. How do you think improving management style could enhance team performance?"", ""start"": 41.2, ""end"": 44.5, ""confidence"": 0.95}, {""speaker"": 1, ""text"": ""Well, if we had more encouragement and regular check-ins, I think we\u2019d feel more invested. It would foster a sense of trust, you know?"", ""start"": 44.8, ""end"": 48.5, ""confidence"": 0.92}, {""speaker"": 0, ""text"": ""Absolutely. Trust is key in any team. What do you think is next for you in terms of your work and performance?"", ""start"": 48.7, ""end"": 52.0, ""confidence"": 0.96}, {""speaker"": 1, ""text"": ""I want to focus on improving my communication with both my team and management. I feel like that\u2019s the bridge to making things better for all of us."", ""start"": 52.2, ""end"": 56.0, ""confidence"": 0.91}, {""speaker"": 0, ""text"": ""That sounds like a solid goal. Thanks for sharing your feelings and thoughts! This has been really insightful."", ""start"": 56.3, ""end"": 59.2, ""confidence"": 0.97}, {""speaker"": 1, ""text"": ""Thanks for listening! I appreciate it."", ""start"": 59.5, ""end"": 61.0, ""confidence"": 0.94}]}}}}"
15606811-066c-45f3-ba19-207cd12de436,b0d46c72-5527-4cec-8474-868d1da0eb55,en,true,"{""body"": {""payload"": {""transcription"": {""utterances"": [{""speaker"": 0, ""text"": ""Thanks for taking the time to chat with me today."", ""start"": 0.5, ""end"": 3.0, ""confidence"": 0.98}, {""speaker"": 1, ""text"": ""Yeah, no problem! Happy to be here."", ""start"": 3.5, ""end"": 5.0, ""confidence"": 0.96}, {""speaker"": 0, ""text"": ""Great! So let\u2019s dive in. Can you tell me a bit about your career goals?"", ""start"": 5.1, ""end"": 8.0, ""confidence"": 0.95}, {""speaker"": 1, ""text"": ""Sure! Well, I\u2019ve always wanted to, um, work in marketing, I think. It\u2019s just been a passion of mine ever since college."", ""start"": 8.5, ""end"": 12.0, ""confidence"": 0.95}, {""speaker"": 0, ""text"": ""What specifically about marketing interests you?"", ""start"": 12.1, ""end"": 14.0, ""confidence"": 0.93}, {""speaker"": 1, ""text"": ""I really love the creative side of it. Like, coming up with campaigns and connecting with people. Also, the analytics part is super cool to me."", ""start"": 14.5, ""end"": 18.0, ""confidence"": 0.97}, {""speaker"": 0, ""text"": ""That sounds exciting! Have you set any specific goals for yourself in that area?"", ""start"": 18.1, ""end"": 20.5, ""confidence"": 0.94}, {""speaker"": 1, ""text"": ""Yeah, I want to, um, get a managerial position in a few years, maybe lead a team. But I\u2019m not sure of the exact timeline."", ""start"": 20.6, ""end"": 24.0, ""confidence"": 0.92}, {""speaker"": 0, ""text"": ""Got it. And what steps are you taking to achieve those goals?"", ""start"": 24.1, ""end"": 26.0, ""confidence"": 0.95}, {""speaker"": 1, ""text"": ""Well, I\u2019m currently working on my skills, like taking online courses and, uh, networking with other professionals. I think that\u2019s really important."", ""start"": 26.1, ""end"": 30.0, ""confidence"": 0.94}, {""speaker"": 0, ""text"": ""That makes sense! Networking can really open doors. How do you usually go about networking?"", ""start"": 30.1, ""end"": 33.0, ""confidence"": 0.93}, {""speaker"": 1, ""text"": ""Um, I try to attend industry events when I can, and also use LinkedIn a lot. I don\u2019t remember exactly how many connections I have, but it\u2019s growing."", ""start"": 33.1, ""end"": 37.0, ""confidence"": 0.91}, {""speaker"": 0, ""text"": ""Nice! What about challenges? Have you faced any while pursuing these goals?"", ""start"": 37.1, ""end"": 39.0, ""confidence"": 0.96}, {""speaker"": 1, ""text"": ""Definitely! Time management can be tough, especially balancing work and learning new things. And sometimes I feel, like, overwhelmed by it all."", ""start"": 39.1, ""end"": 42.5, ""confidence"": 0.95}, {""speaker"": 0, ""text"": ""I can see how that would happen. Do you have any strategies for managing that stress?"", ""start"": 42.6, ""end"": 45.0, ""confidence"": 0.94}, {""speaker"": 1, ""text"": ""Yeah, I try to set small goals and take breaks. But sometimes it feels like I\u2019m just, um, spinning my wheels, you know?"", ""start"": 45.1, ""end"": 48.0, ""confidence"": 0.9}, {""speaker"": 0, ""text"": ""Absolutely, that\u2019s a common feeling. Is there anyone who inspires you in your career journey?"", ""start"": 48.1, ""end"": 50.5, ""confidence"": 0.95}, {""speaker"": 1, ""text"": ""Oh yeah, there\u2019s this marketing director I follow online. She shares a lot of insights. I think I\u2019d love to, um, emulate her path!"", ""start"": 50.6, ""end"": 54.0, ""confidence"": 0.97}, {""speaker"": 0, ""text"": ""That\u2019s awesome! It\u2019s great to have role models. Is there anything else you\u2019d like to add about your goals?"", ""start"": 54.1, ""end"": 56.5, ""confidence"": 0.94}, {""speaker"": 1, ""text"": ""I think I just really want to keep pushing myself. I\u2019m not sure where it\u2019ll lead, but I\u2019m excited to find out!"", ""start"": 56.6, ""end"": 59.5, ""confidence"": 0.96}]}}}}"
9c54b7b6-afd1-4809-91e7-a130297e95d9,6b74b838-bd51-4f6b-a0e2-eb782d310ebe,en,true,"{""body"": {""payload"": {""transcription"": {""utterances"": [{""speaker"": 0, ""text"": ""Thanks for taking the time to chat with me today."", ""start"": 0.5, ""end"": 3.0, ""confidence"": 0.95}, {""speaker"": 1, ""text"": ""Yeah, no problem! I'm glad to share my thoughts."", ""start"": 3.5, ""end"": 5.5, ""confidence"": 0.94}, {""speaker"": 0, ""text"": ""Great! So, let's dive right in. How would you describe the dynamics in your current team?"", ""start"": 6.0, ""end"": 9.2, ""confidence"": 0.96}, {""speaker"": 1, ""text"": ""Um, I think overall, we have a pretty good mix. Like, everyone brings something unique to the table."", ""start"": 9.7, ""end"": 12.5, ""confidence"": 0.93}, {""speaker"": 0, ""text"": ""What kind of unique things do you see?"", ""start"": 12.8, ""end"": 14.4, ""confidence"": 0.92}, {""speaker"": 1, ""text"": ""Well, we have some really strong communicators, which helps a lot. And then we have some, uh, more analytical folks who dig deep into data."", ""start"": 14.9, ""end"": 18.0, ""confidence"": 0.91}, {""speaker"": 0, ""text"": ""Sounds like a balanced team. Do you think this balance affects how decisions are made?"", ""start"": 18.4, ""end"": 21.0, ""confidence"": 0.95}, {""speaker"": 1, ""text"": ""Definitely! The communicators push for discussions, while the analytical types keep us grounded with facts."", ""start"": 21.5, ""end"": 24.5, ""confidence"": 0.96}, {""speaker"": 0, ""text"": ""Have you noticed any challenges that come with this mix?"", ""start"": 25.0, ""end"": 27.0, ""confidence"": 0.94}, {""speaker"": 1, ""text"": ""For sure. Sometimes, the analytical folks can get too caught up in numbers and forget the bigger picture, you know?"", ""start"": 27.5, ""end"": 31.0, ""confidence"": 0.92}, {""speaker"": 0, ""text"": ""Yeah, I get that. How do you think your team addresses those kinds of issues?"", ""start"": 31.5, ""end"": 34.0, ""confidence"": 0.93}, {""speaker"": 1, ""text"": ""Well, we have regular check-ins, and, um, we make it a point to discuss both sides during meetings. It helps keep everyone on track."", ""start"": 34.5, ""end"": 38.5, ""confidence"": 0.91}, {""speaker"": 0, ""text"": ""That's a good strategy. Do you feel like everyone has a voice in those discussions?"", ""start"": 39.0, ""end"": 41.5, ""confidence"": 0.96}, {""speaker"": 1, ""text"": ""Mostly! Some people are more reserved, so we try to encourage them to share. It\u2019s... it\u2019s a work in progress."", ""start"": 42.0, ""end"": 45.0, ""confidence"": 0.89}, {""speaker"": 0, ""text"": ""How do you go about encouraging those quieter team members?"", ""start"": 45.5, ""end"": 48.0, ""confidence"": 0.94}, {""speaker"": 1, ""text"": ""I think one-on-one check-ins help a lot. It\u2019s less intimidating that way. And also, just asking them directly in meetings."", ""start"": 48.5, ""end"": 52.0, ""confidence"": 0.93}, {""speaker"": 0, ""text"": ""Interesting approach. What impact do you think this has on overall team performance?"", ""start"": 52.5, ""end"": 55.0, ""confidence"": 0.95}, {""speaker"": 1, ""text"": ""Honestly, I think it boosts morale and leads to better ideas. When everyone feels included, they\u2019re more engaged."", ""start"": 55.5, ""end"": 59.0, ""confidence"": 0.96}, {""speaker"": 0, ""text"": ""That makes a lot of sense. Any final thoughts on how team dynamics influence your work?"", ""start"": 59.5, ""end"": 62.5, ""confidence"": 0.92}, {""speaker"": 1, ""text"": ""Um, I\u2019d say it\u2019s crucial. A connected team can really overcome a lot of obstacles together."", ""start"": 63.0, ""end"": 65.5, ""confidence"": 0.94}]}}}}"
7fc10471-4159-47a5-a37c-5883cb064d33,b0d46c72-5527-4cec-8474-868d1da0eb55,en,true,"{""body"": {""payload"": {""transcription"": {""utterances"": [{""speaker"": 0, ""text"": ""Thanks for taking the time to chat with me today about conflict resolution."", ""start"": 0.5, ""end"": 3.0, ""confidence"": 0.96}, {""speaker"": 1, ""text"": ""Yeah, no problem. Happy to share my thoughts."", ""start"": 3.5, ""end"": 5.0, ""confidence"": 0.94}, {""speaker"": 0, ""text"": ""Great! So, can you describe a situation where you faced a conflict at work?"", ""start"": 5.2, ""end"": 8.0, ""confidence"": 0.95}, {""speaker"": 1, ""text"": ""Sure, um, there was this project where my team was divided. Half wanted to go one way, and the other half, um, had a completely different idea."", ""start"": 8.5, ""end"": 12.0, ""confidence"": 0.92}, {""speaker"": 0, ""text"": ""That sounds pretty challenging. How did you handle it?"", ""start"": 12.2, ""end"": 14.0, ""confidence"": 0.94}, {""speaker"": 1, ""text"": ""Well, at first, I just listened, you know? I wanted to understand both sides before jumping in."", ""start"": 14.5, ""end"": 17.0, ""confidence"": 0.93}, {""speaker"": 0, ""text"": ""That makes sense. So you gathered their perspectives?"", ""start"": 17.2, ""end"": 19.0, ""confidence"": 0.95}, {""speaker"": 1, ""text"": ""Exactly. I held a meeting where everyone could voice their concerns and suggestions. It helped a lot."", ""start"": 19.5, ""end"": 22.0, ""confidence"": 0.96}, {""speaker"": 0, ""text"": ""Did you find any common ground during that meeting?"", ""start"": 22.3, ""end"": 24.0, ""confidence"": 0.91}, {""speaker"": 1, ""text"": ""Yeah, surprisingly, we did. Once everyone spoke up, we realized we all wanted the same end goal."", ""start"": 24.5, ""end"": 28.0, ""confidence"": 0.95}, {""speaker"": 0, ""text"": ""That's great! So how did you move forward?"", ""start"": 28.2, ""end"": 30.0, ""confidence"": 0.92}, {""speaker"": 1, ""text"": ""We brainstormed together and merged our ideas. It felt collaborative and, um, it worked out well."", ""start"": 30.5, ""end"": 34.0, ""confidence"": 0.94}, {""speaker"": 0, ""text"": ""Sounds like a win-win situation! What did you learn from that experience?"", ""start"": 34.2, ""end"": 36.5, ""confidence"": 0.93}, {""speaker"": 1, ""text"": ""I learned that communication is key. If you can open the floor, you might find solutions that everyone can agree on."", ""start"": 37.0, ""end"": 40.0, ""confidence"": 0.95}, {""speaker"": 0, ""text"": ""Absolutely! Have you used those lessons in other conflicts?"", ""start"": 40.2, ""end"": 42.0, ""confidence"": 0.92}, {""speaker"": 1, ""text"": ""For sure, I try to apply that open dialogue strategy whenever I can. It's really helped ease tensions."", ""start"": 42.5, ""end"": 46.0, ""confidence"": 0.95}, {""speaker"": 0, ""text"": ""That\u2019s really insightful. Thanks for sharing your experiences!"", ""start"": 46.2, ""end"": 48.0, ""confidence"": 0.97}]}}}}"
f35770f7-dd02-4ff7-a50c-3d4fe3646a97,b7b82cc1-99f7-4129-948e-28e0c646c793,en,true,"{""body"": {""payload"": {""transcription"": {""utterances"": [{""speaker"": 0, ""text"": ""Thanks for taking the time to chat with me today."", ""start"": 0.5, ""end"": 2.0, ""confidence"": 0.98}, {""speaker"": 1, ""text"": ""No problem! Happy to be here."", ""start"": 2.5, ""end"": 4.0, ""confidence"": 0.95}, {""speaker"": 0, ""text"": ""So, to start off, how has remote work affected your daily routine?"", ""start"": 4.5, ""end"": 7.0, ""confidence"": 0.96}, {""speaker"": 1, ""text"": ""Um, it's definitely changed things a lot. I mean, I used to have a commute, right? And now I just roll outta bed and get to work."", ""start"": 7.5, ""end"": 12.0, ""confidence"": 0.94}, {""speaker"": 0, ""text"": ""Yeah, that sounds convenient! What do you miss the most about working in an office?"", ""start"": 12.5, ""end"": 15.0, ""confidence"": 0.97}, {""speaker"": 1, ""text"": ""Hmm, probably the spontaneous conversations... Like, just chatting with colleagues by the coffee machine. That was nice."", ""start"": 15.5, ""end"": 20.0, ""confidence"": 0.92}, {""speaker"": 0, ""text"": ""Totally get that. Do you do anything now to stay connected with your coworkers?"", ""start"": 20.5, ""end"": 23.0, ""confidence"": 0.93}, {""speaker"": 1, ""text"": ""Yeah, we have some virtual hangouts and stuff, but it's not the same, you know? I'm not sure if we really bond the same way over Zoom."", ""start"": 23.5, ""end"": 29.0, ""confidence"": 0.91}, {""speaker"": 0, ""text"": ""For sure. How do you feel about your productivity while working remotely?"", ""start"": 29.5, ""end"": 32.0, ""confidence"": 0.95}, {""speaker"": 1, ""text"": ""I think it's a mixed bag. Some days I get so much done, but other days, I just, like, lose focus. There are so many distractions at home, right?"", ""start"": 32.5, ""end"": 38.0, ""confidence"": 0.92}, {""speaker"": 0, ""text"": ""Absolutely. Have you found any strategies that help you stay focused?"", ""start"": 38.5, ""end"": 41.0, ""confidence"": 0.94}, {""speaker"": 1, ""text"": ""Um, I try to stick to a schedule and take breaks. But, honestly, sometimes I just forget to take those breaks. I don't remember exactly what else helps me..."", ""start"": 41.5, ""end"": 48.0, ""confidence"": 0.9}, {""speaker"": 0, ""text"": ""That\u2019s really relatable! What about work-life balance? Has remote work changed that for you?"", ""start"": 48.5, ""end"": 51.0, ""confidence"": 0.93}, {""speaker"": 1, ""text"": ""Oh, definitely! It gets blurred, you know? Like, I find myself checking emails late at night or on weekends. It\u2019s kinda hard to switch off."", ""start"": 51.5, ""end"": 57.0, ""confidence"": 0.94}, {""speaker"": 0, ""text"": ""Yeah, that can be tough. Do you set any boundaries for yourself?"", ""start"": 57.5, ""end"": 59.5, ""confidence"": 0.92}, {""speaker"": 1, ""text"": ""I try to, but I\u2019m not sure I\u2019m always successful. I mean, who doesn\u2019t want to just keep working sometimes?"", ""start"": 60.0, ""end"": 64.0, ""confidence"": 0.91}, {""speaker"": 0, ""text"": ""Good point! Last question, what do you think is the future of remote work for your industry?"", ""start"": 64.5, ""end"": 67.0, ""confidence"": 0.96}, {""speaker"": 1, ""text"": ""I think it's here to stay, honestly. But, I guess it\u2019ll take some time to find a balance that works for everyone. I'm not sure how that\u2019ll look exactly."", ""start"": 67.5, ""end"": 73.0, ""confidence"": 0.93}]}}}}"
63d8c9ce-b448-4959-a0b7-c1c920bb3de0,b7b82cc1-99f7-4129-948e-28e0c646c793,en,true,"{""body"": {""payload"": {""transcription"": {""utterances"": [{""speaker"": 0, ""text"": ""Thanks for taking the time to chat with me today about salary expectations."", ""start"": 0.5, ""end"": 5.0, ""confidence"": 0.95}, {""speaker"": 1, ""text"": ""No problem, I'm glad to be here."", ""start"": 5.2, ""end"": 6.5, ""confidence"": 0.94}, {""speaker"": 0, ""text"": ""So, to start off, what do you think about discussing your salary expectations?"", ""start"": 6.7, ""end"": 10.0, ""confidence"": 0.92}, {""speaker"": 1, ""text"": ""Um, I think it's really important to have a clear idea of what to expect, you know? Like, I want to make sure I'm valued."", ""start"": 10.3, ""end"": 15.0, ""confidence"": 0.96}, {""speaker"": 0, ""text"": ""That makes a lot of sense. How did you come to your current expectations?"", ""start"": 15.2, ""end"": 18.0, ""confidence"": 0.93}, {""speaker"": 1, ""text"": ""Well, I\u2019ve done some research on industry standards and also considered my experience. I mean, I've been in this field for about five years now."", ""start"": 18.3, ""end"": 25.0, ""confidence"": 0.97}, {""speaker"": 0, ""text"": ""That\u2019s a good approach. Can you share what specific sources you used for your research?"", ""start"": 25.2, ""end"": 28.0, ""confidence"": 0.9}, {""speaker"": 1, ""text"": ""Sure! I looked at websites like Glassdoor and Payscale, and also reached out to a couple of friends in similar roles."", ""start"": 28.3, ""end"": 32.5, ""confidence"": 0.95}, {""speaker"": 0, ""text"": ""Interesting! And how do those figures compare to your current salary?"", ""start"": 32.8, ""end"": 36.0, ""confidence"": 0.89}, {""speaker"": 1, ""text"": ""Honestly, they're quite a bit higher. I feel like I might be underpaid for what I bring to the table."", ""start"": 36.3, ""end"": 40.0, ""confidence"": 0.96}, {""speaker"": 0, ""text"": ""That's tough. Do you think that affects how you feel about your current job?"", ""start"": 40.3, ""end"": 43.0, ""confidence"": 0.91}, {""speaker"": 1, ""text"": ""Yeah, a little bit. I mean, it\u2019s a great environment and I enjoy the work, but, you know, money does matter."", ""start"": 43.3, ""end"": 48.0, ""confidence"": 0.94}, {""speaker"": 0, ""text"": ""Absolutely. So, what would be your ideal salary expectation?"", ""start"": 48.2, ""end"": 50.5, ""confidence"": 0.92}, {""speaker"": 1, ""text"": ""I think somewhere between 70 and 80k would be fair given my experience and the market."", ""start"": 50.8, ""end"": 54.0, ""confidence"": 0.95}, {""speaker"": 0, ""text"": ""Got it. And how flexible are you if the offer is lower than that?"", ""start"": 54.2, ""end"": 57.0, ""confidence"": 0.87}, {""speaker"": 1, ""text"": ""I could be flexible, but it would depend on other benefits as well, like health insurance or retirement plans."", ""start"": 57.3, ""end"": 62.0, ""confidence"": 0.96}, {""speaker"": 0, ""text"": ""That\u2019s a smart way to look at it. Have you had any discussions with your current employer about a raise?"", ""start"": 62.3, ""end"": 65.5, ""confidence"": 0.9}, {""speaker"": 1, ""text"": ""Not formally. I\u2019ve hinted at it during reviews, but I haven't pushed for it, yet."", ""start"": 65.8, ""end"": 69.0, ""confidence"": 0.93}, {""speaker"": 0, ""text"": ""Sounds like it might be time for that conversation. Thanks for sharing your thoughts!"", ""start"": 69.3, ""end"": 72.0, ""confidence"": 0.91}]}}}}"
6d6a8f10-4c5c-4a36-b19f-3223aac1b887,4cf59f89-f0bc-4d8c-9516-9c238fa1f934,en,true,"{""body"": {""payload"": {""transcription"": {""utterances"": [{""speaker"": 0, ""text"": ""Thanks for taking the time to chat with me today."", ""start"": 0.5, ""end"": 3.0, ""confidence"": 0.98}, {""speaker"": 1, ""text"": ""No problem! I\u2019m glad to share my thoughts."", ""start"": 3.5, ""end"": 5.0, ""confidence"": 0.96}, {""speaker"": 0, ""text"": ""Great! So, let\u2019s dive into company culture. How would you describe the culture here?"", ""start"": 5.5, ""end"": 8.5, ""confidence"": 0.95}, {""speaker"": 1, ""text"": ""Hmm, I\u2019d say it\u2019s pretty collaborative. Like, people really work together across teams."", ""start"": 9.0, ""end"": 12.0, ""confidence"": 0.93}, {""speaker"": 0, ""text"": ""That sounds positive! Can you give me an example of that collaboration?"", ""start"": 12.5, ""end"": 15.0, ""confidence"": 0.94}, {""speaker"": 1, ""text"": ""Sure! Recently, we had a project that needed input from marketing and tech, and everyone just jumped in."", ""start"": 15.5, ""end"": 19.0, ""confidence"": 0.91}, {""speaker"": 0, ""text"": ""Nice! So, how do you feel that affects your day-to-day work?"", ""start"": 19.5, ""end"": 22.0, ""confidence"": 0.96}, {""speaker"": 1, ""text"": ""I think it makes it a lot easier. I can reach out to anyone if I\u2019m stuck, you know?"", ""start"": 22.5, ""end"": 25.0, ""confidence"": 0.94}, {""speaker"": 0, ""text"": ""That\u2019s really helpful. Are there aspects of the culture that you think could be improved?"", ""start"": 25.5, ""end"": 29.0, ""confidence"": 0.93}, {""speaker"": 1, ""text"": ""Yeah, definitely. Sometimes I feel like there\u2019s a bit of a disconnect between management and the rest of us."", ""start"": 29.5, ""end"": 33.0, ""confidence"": 0.92}, {""speaker"": 0, ""text"": ""Interesting. In what ways do you notice that disconnect?"", ""start"": 33.5, ""end"": 36.0, ""confidence"": 0.94}, {""speaker"": 1, ""text"": ""Well, for one, decisions seem to be made without enough input from the teams actually doing the work."", ""start"": 36.5, ""end"": 40.0, ""confidence"": 0.91}, {""speaker"": 0, ""text"": ""That\u2019s frustrating. How do you think that affects morale?"", ""start"": 40.5, ""end"": 43.0, ""confidence"": 0.95}, {""speaker"": 1, ""text"": ""Honestly, it can be demotivating. Like, we want to contribute but sometimes it feels like it doesn't matter."", ""start"": 43.5, ""end"": 46.5, ""confidence"": 0.9}, {""speaker"": 0, ""text"": ""I can see that. What would you suggest to improve that communication?"", ""start"": 47.0, ""end"": 49.5, ""confidence"": 0.96}, {""speaker"": 1, ""text"": ""I think more regular check-ins would help. Maybe even some informal feedback sessions."", ""start"": 50.0, ""end"": 53.5, ""confidence"": 0.94}, {""speaker"": 0, ""text"": ""That\u2019s a solid idea. Overall, what aspects of the culture do you value the most?"", ""start"": 54.0, ""end"": 57.0, ""confidence"": 0.95}, {""speaker"": 1, ""text"": ""Definitely the openness and, like, the respect for each other\u2019s ideas. That\u2019s super important."", ""start"": 57.5, ""end"": 60.0, ""confidence"": 0.96}, {""speaker"": 0, ""text"": ""Absolutely! Thanks for sharing those insights. It\u2019s really helpful."", ""start"": 60.5, ""end"": 63.0, ""confidence"": 0.97}]}}}}"
19aea3e4-caf7-40ae-97cb-574be94d96a7,b0d46c72-5527-4cec-8474-868d1da0eb55,en,true,"{""body"": {""payload"": {""transcription"": {""utterances"": [{""speaker"": 0, ""text"": ""Thanks for taking the time to chat today."", ""start"": 0.5, ""end"": 3.0, ""confidence"": 0.95}, {""speaker"": 1, ""text"": ""Yeah, no problem! Happy to help."", ""start"": 3.5, ""end"": 5.0, ""confidence"": 0.94}, {""speaker"": 0, ""text"": ""So, let\u2019s start with your onboarding experience. How did it feel for you when you first joined the company?"", ""start"": 5.5, ""end"": 10.0, ""confidence"": 0.93}, {""speaker"": 1, ""text"": ""It was kind of overwhelming, honestly. I mean, there was so much information to take in, you know? But, um, the people were really welcoming, which helped a lot."", ""start"": 10.5, ""end"": 16.0, ""confidence"": 0.96}, {""speaker"": 0, ""text"": ""That's great to hear! Were there any specific activities or parts of the onboarding that stood out to you?"", ""start"": 16.5, ""end"": 20.0, ""confidence"": 0.92}, {""speaker"": 1, ""text"": ""Yeah, definitely. The team-building activities were fun. We had this icebreaker session that, uh, really helped me connect with my coworkers. It was just more relaxed than I expected."", ""start"": 20.5, ""end"": 27.0, ""confidence"": 0.95}, {""speaker"": 0, ""text"": ""Sounds like a good approach! Did you feel you had enough support during that time?"", ""start"": 27.5, ""end"": 30.5, ""confidence"": 0.91}, {""speaker"": 1, ""text"": ""Mostly, yeah. My manager was super supportive. Always checked in on me, which was nice. But, there were moments where I felt a bit lost, like when I had to navigate the software systems."", ""start"": 31.0, ""end"": 39.0, ""confidence"": 0.93}, {""speaker"": 0, ""text"": ""I can imagine that! Were there any resources you found particularly helpful?"", ""start"": 39.5, ""end"": 42.5, ""confidence"": 0.9}, {""speaker"": 1, ""text"": ""For sure! The online training modules were really detailed. I could go at my own pace, which helped me a lot."", ""start"": 43.0, ""end"": 47.0, ""confidence"": 0.96}, {""speaker"": 0, ""text"": ""That\u2019s good to know. Do you think anything could have been improved in your onboarding experience?"", ""start"": 47.5, ""end"": 51.0, ""confidence"": 0.92}, {""speaker"": 1, ""text"": ""Hmm, maybe more one-on-one time with someone from my department? Just to clarify things and answer questions directly. That could have made a difference."", ""start"": 51.5, ""end"": 57.0, ""confidence"": 0.94}, {""speaker"": 0, ""text"": ""Definitely makes sense. Would you say your onboarding influenced how you feel about the company now?"", ""start"": 57.5, ""end"": 61.0, ""confidence"": 0.91}, {""speaker"": 1, ""text"": ""Oh, for sure. I felt really valued from the start, and it set a positive tone for my entire experience here. It's made me more engaged, I think."", ""start"": 61.5, ""end"": 66.0, ""confidence"": 0.97}, {""speaker"": 0, ""text"": ""That\u2019s really interesting! So, what advice would you give to someone just starting their onboarding process?"", ""start"": 66.5, ""end"": 70.0, ""confidence"": 0.92}, {""speaker"": 1, ""text"": ""I'd say, ask a lot of questions! It's normal to feel overwhelmed, but if you reach out, you'll find people are eager to help you. And, take notes! It really helps to remember things."", ""start"": 70.5, ""end"": 78.0, ""confidence"": 0.95}, {""speaker"": 0, ""text"": ""Great advice! Thanks for sharing your thoughts. Anything else you\u2019d like to add about your onboarding experience?"", ""start"": 78.5, ""end"": 82.0, ""confidence"": 0.9}, {""speaker"": 1, ""text"": ""Nah, I think that covers it! Just, you know, really appreciated the friendly environment here."", ""start"": 82.5, ""end"": 86.0, ""confidence"": 0.94}]}}}}"
7d73122a-f67a-4dc4-b62d-c261a93e41d4,f41ba610-9896-4cd8-9283-65c27d256b6c,en,true,"{""body"": {""payload"": {""transcription"": {""utterances"": [{""speaker"": 0, ""text"": ""Thanks for taking the time to chat with me today."", ""start"": 0.5, ""end"": 3.0, ""confidence"": 0.95}, {""speaker"": 1, ""text"": ""Absolutely, happy to be here."", ""start"": 3.1, ""end"": 5.0, ""confidence"": 0.96}, {""speaker"": 0, ""text"": ""Great! So, to start off, how would you describe your overall job satisfaction?"", ""start"": 5.1, ""end"": 8.0, ""confidence"": 0.93}, {""speaker"": 1, ""text"": ""Um, I\u2019d say it\u2019s pretty good. I mean, there are definitely aspects I enjoy."", ""start"": 8.1, ""end"": 11.0, ""confidence"": 0.94}, {""speaker"": 0, ""text"": ""What are those aspects that you enjoy?"", ""start"": 11.1, ""end"": 12.7, ""confidence"": 0.92}, {""speaker"": 1, ""text"": ""Well, I really like the team I work with. They're supportive and fun."", ""start"": 12.8, ""end"": 15.5, ""confidence"": 0.97}, {""speaker"": 0, ""text"": ""That\u2019s awesome! Team dynamics can make a big difference. Anything else?"", ""start"": 15.6, ""end"": 18.0, ""confidence"": 0.95}, {""speaker"": 1, ""text"": ""Yeah, I enjoy the flexibility of my job. I can manage my schedule a bit."", ""start"": 18.1, ""end"": 21.0, ""confidence"": 0.96}, {""speaker"": 0, ""text"": ""Flexibility\u2019s important. How does it impact your day-to-day work?"", ""start"": 21.1, ""end"": 24.0, ""confidence"": 0.92}, {""speaker"": 1, ""text"": ""It allows me to balance work and personal life, which, you know, helps reduce stress."", ""start"": 24.1, ""end"": 27.5, ""confidence"": 0.94}, {""speaker"": 0, ""text"": ""That makes sense. Are there challenges you face that affect your satisfaction?"", ""start"": 27.6, ""end"": 30.5, ""confidence"": 0.93}, {""speaker"": 1, ""text"": ""Definitely. Sometimes I feel overwhelmed with the workload, especially during peak times."", ""start"": 30.6, ""end"": 34.0, ""confidence"": 0.95}, {""speaker"": 0, ""text"": ""How do you cope with that stress when it gets intense?"", ""start"": 34.1, ""end"": 36.5, ""confidence"": 0.96}, {""speaker"": 1, ""text"": ""I try to take breaks and, like, step away for a bit. Also, talking to my manager helps."", ""start"": 36.6, ""end"": 39.5, ""confidence"": 0.94}, {""speaker"": 0, ""text"": ""Good strategies! Do you feel your contributions are recognized at work?"", ""start"": 39.6, ""end"": 42.0, ""confidence"": 0.98}, {""speaker"": 1, ""text"": ""Most of the time, yeah. We have regular check-ins, and when I hit targets, it\u2019s acknowledged."", ""start"": 42.1, ""end"": 45.0, ""confidence"": 0.97}, {""speaker"": 0, ""text"": ""That\u2019s encouraging. If you could change one thing about your job, what would it be?"", ""start"": 45.1, ""end"": 48.0, ""confidence"": 0.9}, {""speaker"": 1, ""text"": ""Hmm, probably more resources. Sometimes it feels like we\u2019re stretched too thin."", ""start"": 48.1, ""end"": 51.0, ""confidence"": 0.93}, {""speaker"": 0, ""text"": ""I can see how that would help. Overall, do you think you'd recommend your job to others?"", ""start"": 51.1, ""end"": 54.0, ""confidence"": 0.92}, {""speaker"": 1, ""text"": ""Yeah, I would. It has its ups and downs, but the positives outweigh the negatives for me."", ""start"": 54.1, ""end"": 57.3, ""confidence"": 0.95}]}}}}"
32adc795-286c-4b3f-9483-bf5246386e4d,b0d46c72-5527-4cec-8474-868d1da0eb55,en,true,"{""body"": {""payload"": {""transcription"": {""utterances"": [{""speaker"": 0, ""text"": ""Thanks for talking with me today about work-life balance."", ""start"": 0.5, ""end"": 3.2, ""confidence"": 0.95}, {""speaker"": 1, ""text"": ""Yeah, no problem! I think it\u2019s super important to discuss."", ""start"": 3.8, ""end"": 6.0, ""confidence"": 0.94}, {""speaker"": 0, ""text"": ""What does work-life balance mean to you?"", ""start"": 6.5, ""end"": 9.0, ""confidence"": 0.96}, {""speaker"": 1, ""text"": ""Uh, to me, it\u2019s really about having enough time for work but also for my personal life, you know?"", ""start"": 9.5, ""end"": 13.0, ""confidence"": 0.92}, {""speaker"": 0, ""text"": ""Absolutely, and do you feel you have that balance right now?"", ""start"": 13.5, ""end"": 16.0, ""confidence"": 0.93}, {""speaker"": 1, ""text"": ""It\u2019s, um, it\u2019s a bit of a struggle lately. I mean, work has been really demanding."", ""start"": 16.5, ""end"": 19.2, ""confidence"": 0.9}, {""speaker"": 0, ""text"": ""What do you think contributes to that demand?"", ""start"": 19.7, ""end"": 22.0, ""confidence"": 0.94}, {""speaker"": 1, ""text"": ""Well, I guess it\u2019s a mix of deadlines and, um, team expectations. Sometimes it feels like there's just... no end to it."", ""start"": 22.5, ""end"": 26.0, ""confidence"": 0.91}, {""speaker"": 0, ""text"": ""I can imagine that would take a toll. How do you usually cope with that?"", ""start"": 26.5, ""end"": 29.0, ""confidence"": 0.95}, {""speaker"": 1, ""text"": ""I try to set some boundaries, like not checking emails after a certain time, but it\u2019s hard!"", ""start"": 29.5, ""end"": 33.0, ""confidence"": 0.93}, {""speaker"": 0, ""text"": ""Have you found any specific strategies that work for you?"", ""start"": 33.5, ""end"": 36.2, ""confidence"": 0.94}, {""speaker"": 1, ""text"": ""Yeah, I\u2019ve started scheduling personal time, like... just blocks of time for myself, but then I feel guilty sometimes."", ""start"": 36.7, ""end"": 40.5, ""confidence"": 0.92}, {""speaker"": 0, ""text"": ""Guilt can be tough to shake off. What do you feel guilty about?"", ""start"": 40.8, ""end"": 43.0, ""confidence"": 0.93}, {""speaker"": 1, ""text"": ""I guess, um, when I take time for myself, I worry that I\u2019m not being productive enough at work."", ""start"": 43.5, ""end"": 46.5, ""confidence"": 0.91}, {""speaker"": 0, ""text"": ""That\u2019s a common feeling. How do you think your workplace culture supports work-life balance?"", ""start"": 47.0, ""end"": 50.0, ""confidence"": 0.94}, {""speaker"": 1, ""text"": ""It\u2019s kind of a mixed bag. Some people are really supportive, but others... it feels like they don\u2019t get it."", ""start"": 50.5, ""end"": 54.0, ""confidence"": 0.92}, {""speaker"": 0, ""text"": ""What changes would you like to see in the workplace regarding this?"", ""start"": 54.5, ""end"": 57.0, ""confidence"": 0.93}, {""speaker"": 1, ""text"": ""Maybe more open conversations about it, and, like, clearer expectations on what\u2019s actually necessary versus what\u2019s overkill."", ""start"": 57.5, ""end"": 61.0, ""confidence"": 0.9}, {""speaker"": 0, ""text"": ""That sounds really constructive. Thank you for sharing your thoughts!"", ""start"": 61.5, ""end"": 64.0, ""confidence"": 0.96}, {""speaker"": 1, ""text"": ""No problem, I hope it helps!"", ""start"": 64.5, ""end"": 66.0, ""confidence"": 0.95}]}}}}"
3c8c80a7-52ef-4e26-9999-4590489dd870,6b74b838-bd51-4f6b-a0e2-eb782d310ebe,en,true,"{""body"": {""payload"": {""transcription"": {""utterances"": [{""speaker"": 0, ""text"": ""Thanks for taking the time to chat with me today."", ""start"": 0.5, ""end"": 3.0, ""confidence"": 0.95}, {""speaker"": 1, ""text"": ""Yeah, happy to do it."", ""start"": 3.5, ""end"": 5.0, ""confidence"": 0.92}, {""speaker"": 0, ""text"": ""So, let's jump right in. Can you tell me about your experience with performance reviews from, say, last year?"", ""start"": 5.5, ""end"": 8.5, ""confidence"": 0.94}, {""speaker"": 1, ""text"": ""Sure. Well, last year was kind of a mixed bag for me. I mean, I got some good feedback but also some areas to improve on."", ""start"": 9.0, ""end"": 13.0, ""confidence"": 0.89}, {""speaker"": 0, ""text"": ""That sounds interesting. What specific feedback stood out to you?"", ""start"": 13.5, ""end"": 15.0, ""confidence"": 0.96}, {""speaker"": 1, ""text"": ""Um, my manager mentioned that my project management skills had improved a lot. But then, there were comments about needing to be more proactive."", ""start"": 15.5, ""end"": 20.0, ""confidence"": 0.91}, {""speaker"": 0, ""text"": ""How did that make you feel, hearing those mixed messages?"", ""start"": 20.5, ""end"": 22.0, ""confidence"": 0.93}, {""speaker"": 1, ""text"": ""Honestly, it was a bit frustrating. I mean, I worked really hard on my projects, so to hear I still needed to improve felt, I don't know... a bit defeating?"", ""start"": 22.5, ""end"": 27.0, ""confidence"": 0.9}, {""speaker"": 0, ""text"": ""Yeah, I can see how that would be tough. Did the review affect how you approached your work afterward?"", ""start"": 27.5, ""end"": 30.0, ""confidence"": 0.95}, {""speaker"": 1, ""text"": ""Definitely. I tried to focus on being more assertive in meetings and taking the lead on a few projects. I guess I wanted to show I could step up."", ""start"": 30.5, ""end"": 35.0, ""confidence"": 0.92}, {""speaker"": 0, ""text"": ""That's great to hear! Did you notice any changes in feedback from your team or supervisor after that?"", ""start"": 35.5, ""end"": 38.0, ""confidence"": 0.94}, {""speaker"": 1, ""text"": ""Yeah, actually. A few months later, I got some positive comments about my leadership in a team project. It felt nice to be recognized for that."", ""start"": 38.5, ""end"": 42.0, ""confidence"": 0.91}, {""speaker"": 0, ""text"": ""That sounds really rewarding. Do you think there\u2019s anything that could improve the performance review process itself?"", ""start"": 42.5, ""end"": 45.0, ""confidence"": 0.94}, {""speaker"": 1, ""text"": ""Hmm, maybe more regular check-ins? Like, instead of just waiting for the annual review, having feedback sessions every few months could help."", ""start"": 45.5, ""end"": 50.0, ""confidence"": 0.88}, {""speaker"": 0, ""text"": ""That\u2019s an interesting idea. It could make feedback feel more continuous, for sure. How do you think people would respond to that?"", ""start"": 50.5, ""end"": 53.0, ""confidence"": 0.93}, {""speaker"": 1, ""text"": ""I think they\u2019d appreciate it. At least, I would. It\u2019d take off some pressure compared to just one big review at the end of the year."", ""start"": 53.5, ""end"": 57.0, ""confidence"": 0.9}, {""speaker"": 0, ""text"": ""Great perspective! Lastly, any tips you\u2019d give to someone getting ready for their performance review?"", ""start"": 57.5, ""end"": 60.0, ""confidence"": 0.96}, {""speaker"": 1, ""text"": ""Um, just be ready to discuss your achievements but also be open about where you can grow. It's like, both are important for a balanced review."", ""start"": 60.5, ""end"": 65.0, ""confidence"": 0.92}]}}}}"
35a1b92a-4b4d-47dc-bca9-ddaefb6a964f,6b74b838-bd51-4f6b-a0e2-eb782d310ebe,en,true,"{""body"": {""payload"": {""transcription"": {""utterances"": [{""speaker"": 0, ""text"": ""Thanks for sitting down with me today. I really appreciate it."", ""start"": 0.5, ""end"": 3.0, ""confidence"": 0.94}, {""speaker"": 1, ""text"": ""Yeah, no problem! Happy to talk about this stuff."", ""start"": 3.5, ""end"": 5.5, ""confidence"": 0.92}, {""speaker"": 0, ""text"": ""Awesome! So, to kick things off, can you tell me about your career goals and what drives you?"", ""start"": 5.6, ""end"": 9.0, ""confidence"": 0.96}, {""speaker"": 1, ""text"": ""Sure! I\u2019ve always wanted to, like, make a real impact in my field. I\u2019m really passionate about environmental science, and I\u2019d love to work on sustainable projects."", ""start"": 9.1, ""end"": 14.2, ""confidence"": 0.93}, {""speaker"": 0, ""text"": ""That sounds great! What specific projects or roles are you thinking about?"", ""start"": 14.3, ""end"": 16.8, ""confidence"": 0.9}, {""speaker"": 1, ""text"": ""Well, I\u2019ve been looking into, uh, roles in clean energy development or maybe something in climate policy. I think that could really align with my skills."", ""start"": 16.9, ""end"": 21.0, ""confidence"": 0.91}, {""speaker"": 0, ""text"": ""Nice! And what skills do you feel are your strongest in pursuing those roles?"", ""start"": 21.1, ""end"": 23.5, ""confidence"": 0.89}, {""speaker"": 1, ""text"": ""I\u2019m pretty good at research and analysis, plus I\u2019ve got a knack for communication, which I think is key in those fields."", ""start"": 23.6, ""end"": 27.5, ""confidence"": 0.94}, {""speaker"": 0, ""text"": ""Definitely! Communication is so important. How do you see those skills evolving as you move forward?"", ""start"": 27.6, ""end"": 30.0, ""confidence"": 0.92}, {""speaker"": 1, ""text"": ""I think, um, as I gain more experience, I\u2019d want to take on leadership roles, maybe even mentor others, you know? That could really help me grow."", ""start"": 30.1, ""end"": 35.2, ""confidence"": 0.95}, {""speaker"": 0, ""text"": ""Absolutely! Mentorship can be incredibly rewarding. What challenges do you think you might face in reaching those goals?"", ""start"": 35.3, ""end"": 38.0, ""confidence"": 0.9}, {""speaker"": 1, ""text"": ""One big challenge might be, like, staying updated with all the rapid changes in climate policies and technologies. It can feel overwhelming sometimes."", ""start"": 38.1, ""end"": 42.5, ""confidence"": 0.91}, {""speaker"": 0, ""text"": ""I can imagine! Keeping up with everything is definitely a task. What strategies do you think you\u2019ll use to overcome that?"", ""start"": 42.6, ""end"": 46.0, ""confidence"": 0.88}, {""speaker"": 1, ""text"": ""I\u2019m planning to, uh, network more and maybe attend some workshops or conferences. Plus, just reading a lot more about the current trends, you know?"", ""start"": 46.1, ""end"": 50.0, ""confidence"": 0.93}, {""speaker"": 0, ""text"": ""Those are solid strategies! It sounds like you\u2019ve thought this through. Where do you see yourself in five years?"", ""start"": 50.1, ""end"": 54.0, ""confidence"": 0.95}, {""speaker"": 1, ""text"": ""In five years? I\u2019d love to be in a position where I\u2019m leading a team on environmentally focused projects, really pushing for change and maybe, like, influencing policy."", ""start"": 54.1, ""end"": 59.5, ""confidence"": 0.92}, {""speaker"": 0, ""text"": ""Wow, that\u2019s ambitious! What\u2019s the first step toward that goal for you right now?"", ""start"": 59.6, ""end"": 62.5, ""confidence"": 0.89}, {""speaker"": 1, ""text"": ""I think right now, it\u2019s all about gaining more experience and building my network. I just want to connect with the right people."", ""start"": 62.6, ""end"": 66.2, ""confidence"": 0.94}, {""speaker"": 0, ""text"": ""That\u2019s a great plan! I really appreciate you sharing your thoughts today. Any final thoughts you want to add?"", ""start"": 66.3, ""end"": 69.0, ""confidence"": 0.9}, {""speaker"": 1, ""text"": ""Just that, um, I\u2019m excited about the future! It\u2019s a bit daunting, but I feel ready to tackle it."", ""start"": 69.1, ""end"": 73.0, ""confidence"": 0.92}]}}}}"
689363f5-7291-44cc-bb6b-77ac4ae45a7c,b7b82cc1-99f7-4129-948e-28e0c646c793,en,true,"{""body"": {""payload"": {""transcription"": {""utterances"": [{""speaker"": 0, ""text"": ""Thanks for taking the time to chat with me today."", ""start"": 0.5, ""end"": 2.2, ""confidence"": 0.96}, {""speaker"": 1, ""text"": ""No problem! I'm glad to be here."", ""start"": 2.5, ""end"": 3.7, ""confidence"": 0.94}, {""speaker"": 0, ""text"": ""To start off, can you tell me a bit about your team and what you do?"", ""start"": 4.0, ""end"": 6.2, ""confidence"": 0.98}, {""speaker"": 1, ""text"": ""Sure! I work in a marketing team, we focus on digital campaigns and social media strategy."", ""start"": 6.5, ""end"": 8.5, ""confidence"": 0.95}, {""speaker"": 0, ""text"": ""That sounds interesting! How would you describe the dynamics within your team?"", ""start"": 8.8, ""end"": 11.0, ""confidence"": 0.97}, {""speaker"": 1, ""text"": ""Hmm, I\u2019d say we have a pretty collaborative environment. Everyone shares ideas freely, which is great."", ""start"": 11.3, ""end"": 14.0, ""confidence"": 0.93}, {""speaker"": 0, ""text"": ""That\u2019s awesome. Are there any challenges you face in that collaboration?"", ""start"": 14.3, ""end"": 16.0, ""confidence"": 0.96}, {""speaker"": 1, ""text"": ""Definitely. Sometimes, we have differing opinions on strategy, and that can get a bit heated, you know?"", ""start"": 16.3, ""end"": 18.5, ""confidence"": 0.92}, {""speaker"": 0, ""text"": ""Yeah, I can imagine. How do you usually handle those disagreements?"", ""start"": 18.8, ""end"": 21.0, ""confidence"": 0.97}, {""speaker"": 1, ""text"": ""Well, we try to address it openly. Usually, we have a roundtable discussion to air out concerns."", ""start"": 21.3, ""end"": 23.5, ""confidence"": 0.94}, {""speaker"": 0, ""text"": ""That\u2019s a good approach. Do you think everyone feels comfortable sharing their thoughts?"", ""start"": 23.8, ""end"": 26.2, ""confidence"": 0.95}, {""speaker"": 1, ""text"": ""Most of the time, yeah. But I think some people hold back, especially if they feel it might upset the status quo."", ""start"": 26.5, ""end"": 29.0, ""confidence"": 0.93}, {""speaker"": 0, ""text"": ""I see. Is there anyone in the team who tends to be a mediator during conflicts?"", ""start"": 29.3, ""end"": 31.8, ""confidence"": 0.96}, {""speaker"": 1, ""text"": ""Oh, definitely! We have one member who\u2019s really good at diffusing tension. It helps a lot."", ""start"": 32.1, ""end"": 34.2, ""confidence"": 0.95}, {""speaker"": 0, ""text"": ""That\u2019s really valuable. How has the team changed over time?"", ""start"": 34.5, ""end"": 36.7, ""confidence"": 0.97}, {""speaker"": 1, ""text"": ""Well, we've grown a lot. New members bring fresh perspectives, but it also takes time to integrate."", ""start"": 37.0, ""end"": 39.5, ""confidence"": 0.93}, {""speaker"": 0, ""text"": ""Right, so it\u2019s like a balance between keeping the core team dynamic and welcoming new ideas?"", ""start"": 39.8, ""end"": 42.0, ""confidence"": 0.95}, {""speaker"": 1, ""text"": ""Exactly! It can be tough but I think it\u2019s worth it in the end."", ""start"": 42.3, ""end"": 44.0, ""confidence"": 0.94}]}}}}"
a06dd387-8cdd-4f73-b2fc-9726ecf4adf5,f41ba610-9896-4cd8-9283-65c27d256b6c,en,true,"{""body"": {""payload"": {""transcription"": {""utterances"": [{""speaker"": 0, ""text"": ""Thanks for being here today. So, let\u2019s get started with conflict resolution. Can you tell me about a time when you faced a conflict at work?"", ""start"": 0.5, ""end"": 4.5, ""confidence"": 0.95}, {""speaker"": 1, ""text"": ""Sure! There was this project where the team was really divided on how to approach it. I mean, some wanted to stick to the original plan, while others thought we needed a total overhaul."", ""start"": 5.0, ""end"": 10.0, ""confidence"": 0.94}, {""speaker"": 0, ""text"": ""That sounds intense. How did you handle it?"", ""start"": 10.1, ""end"": 12.5, ""confidence"": 0.96}, {""speaker"": 1, ""text"": ""Well, I decided to set up a meeting. Like, I wanted everyone to air their concerns and ideas. It was important to me that everyone felt heard."", ""start"": 12.6, ""end"": 17.0, ""confidence"": 0.92}, {""speaker"": 0, ""text"": ""Good approach! Were there any challenges during that meeting?"", ""start"": 17.1, ""end"": 19.2, ""confidence"": 0.93}, {""speaker"": 1, ""text"": ""Definitely. Some people were really passionate about their viewpoints, and it got a bit heated at times. But I tried to, you know, keep the conversation focused and respectful."", ""start"": 19.3, ""end"": 25.0, ""confidence"": 0.95}, {""speaker"": 0, ""text"": ""That\u2019s a valuable skill. How did you ensure that everyone felt respected?"", ""start"": 25.1, ""end"": 28.0, ""confidence"": 0.94}, {""speaker"": 1, ""text"": ""I emphasized active listening. Like, when someone spoke, I made sure to paraphrase what they said before moving on. It seemed to help everyone feel recognized."", ""start"": 28.1, ""end"": 33.5, ""confidence"": 0.96}, {""speaker"": 0, ""text"": ""That makes sense. Once the meeting was over, what steps did you take next?"", ""start"": 33.6, ""end"": 36.5, ""confidence"": 0.92}, {""speaker"": 1, ""text"": ""Afterward, I summarized the main points and sent them out via email. I also included a poll to decide on our next steps, which helped. People felt involved in the decision-making."", ""start"": 36.6, ""end"": 42.0, ""confidence"": 0.93}, {""speaker"": 0, ""text"": ""Great idea! Did you notice any improvements in team dynamics afterward?"", ""start"": 42.1, ""end"": 45.0, ""confidence"": 0.91}, {""speaker"": 1, ""text"": ""Yes! It was like a weight was lifted. People started collaborating more, and the atmosphere was just... lighter. We had fewer misunderstandings after that."", ""start"": 45.1, ""end"": 50.0, ""confidence"": 0.95}, {""speaker"": 0, ""text"": ""That\u2019s fantastic to hear. Do you think there\u2019s a specific thing you learned from that experience?"", ""start"": 50.1, ""end"": 53.0, ""confidence"": 0.94}, {""speaker"": 1, ""text"": ""For sure. I realized the importance of addressing conflicts early. If you wait too long, it just gets worse and affects the whole team."", ""start"": 53.1, ""end"": 58.0, ""confidence"": 0.96}, {""speaker"": 0, ""text"": ""Absolutely. What advice would you give to someone who struggles with conflict resolution?"", ""start"": 58.1, ""end"": 61.5, ""confidence"": 0.92}, {""speaker"": 1, ""text"": ""I\u2019d say, practice active listening and always approach the situation calmly. And, um, don't avoid it. It\u2019s better to address it head-on."", ""start"": 61.6, ""end"": 66.0, ""confidence"": 0.95}, {""speaker"": 0, ""text"": ""That\u2019s really helpful. Thanks for sharing your insights today!"", ""start"": 66.1, ""end"": 68.0, ""confidence"": 0.97}, {""speaker"": 1, ""text"": ""No problem! I enjoyed our chat."", ""start"": 68.1, ""end"": 70.0, ""confidence"": 0.96}]}}}}"
dbc35bd1-685c-42e9-a086-928363ff9e26,6b74b838-bd51-4f6b-a0e2-eb782d310ebe,en,true,"{""body"": {""payload"": {""transcription"": {""utterances"": [{""speaker"": 0, ""text"": ""Thanks for taking the time to chat today about remote work."", ""start"": 0.5, ""end"": 3.0, ""confidence"": 0.96}, {""speaker"": 1, ""text"": ""Yeah, no problem! It's been quite the experience, honestly."", ""start"": 3.2, ""end"": 5.5, ""confidence"": 0.94}, {""speaker"": 0, ""text"": ""What do you think has been the biggest change for you since you started working remotely?"", ""start"": 5.7, ""end"": 9.0, ""confidence"": 0.95}, {""speaker"": 1, ""text"": ""Well, I guess, uh, flexibility? Like, last year, I could set my own hours depending on how I felt."", ""start"": 9.3, ""end"": 12.5, ""confidence"": 0.93}, {""speaker"": 0, ""text"": ""That's interesting! Any downsides to that flexibility?"", ""start"": 12.7, ""end"": 14.8, ""confidence"": 0.94}, {""speaker"": 1, ""text"": ""Yeah, for sure. Sometimes, I think I overwork. Like, uh, I could just, you know, keep working late into the night."", ""start"": 15.0, ""end"": 18.0, ""confidence"": 0.92}, {""speaker"": 0, ""text"": ""Have you found any strategies to manage that tendency?"", ""start"": 18.3, ""end"": 21.0, ""confidence"": 0.93}, {""speaker"": 1, ""text"": ""Definitely. I started setting, like, specific end times for my workday, you know? Helps a lot."", ""start"": 21.2, ""end"": 24.0, ""confidence"": 0.95}, {""speaker"": 0, ""text"": ""That sounds smart. How has your communication with colleagues changed?"", ""start"": 24.3, ""end"": 27.5, ""confidence"": 0.94}, {""speaker"": 1, ""text"": ""Well, we used to just, like, pop into each other's offices, but now it's all about video calls, and it feels kinda different."", ""start"": 27.8, ""end"": 32.0, ""confidence"": 0.92}, {""speaker"": 0, ""text"": ""Do you feel more connected or less so with your team?"", ""start"": 32.3, ""end"": 35.0, ""confidence"": 0.93}, {""speaker"": 1, ""text"": ""Hmm, it\u2019s a mix. I mean, I like seeing their faces, but sometimes, I really miss those casual chats, like, last year\u2019s water cooler talks."", ""start"": 35.2, ""end"": 40.0, ""confidence"": 0.91}, {""speaker"": 0, ""text"": ""Totally get that. Have you found any ways to replicate those casual interactions?"", ""start"": 40.3, ""end"": 44.0, ""confidence"": 0.94}, {""speaker"": 1, ""text"": ""Yeah, we've tried virtual hangouts, you know? It's not the same, but it helps keep the vibe alive a bit."", ""start"": 44.3, ""end"": 48.0, ""confidence"": 0.93}, {""speaker"": 0, ""text"": ""How do you feel your personal productivity has been impacted?"", ""start"": 48.3, ""end"": 50.5, ""confidence"": 0.95}, {""speaker"": 1, ""text"": ""I think it's improved, actually. I can focus better without all those interruptions from last year\u2019s office distractions."", ""start"": 50.8, ""end"": 55.0, ""confidence"": 0.94}, {""speaker"": 0, ""text"": ""That's great to hear! Do you think you'll continue working remotely even after things settle down?"", ""start"": 55.3, ""end"": 58.5, ""confidence"": 0.93}, {""speaker"": 1, ""text"": ""Definitely considering it. I mean, the flexibility and focus have been super beneficial for both work and, like, my personal life."", ""start"": 58.8, ""end"": 62.0, ""confidence"": 0.95}]}}}}"
80fc1229-dfd1-4938-9aaa-e176a9b58ad9,6b74b838-bd51-4f6b-a0e2-eb782d310ebe,en,true,"{""body"": {""payload"": {""transcription"": {""utterances"": [{""speaker"": 0, ""text"": ""Hi there, thanks for taking the time to chat with me today."", ""start"": 0.5, ""end"": 3.0, ""confidence"": 0.98}, {""speaker"": 1, ""text"": ""Yeah, no problem! Happy to be here."", ""start"": 3.5, ""end"": 5.0, ""confidence"": 0.96}, {""speaker"": 0, ""text"": ""Great! So, let\u2019s dive right in. Can you tell me what your salary expectations are for your next job?"", ""start"": 5.5, ""end"": 8.5, ""confidence"": 0.95}, {""speaker"": 1, ""text"": ""Sure! Honestly, I\u2019ve been thinking about it a lot lately. Given my experience and what I've seen in the market, I\u2019d say around, um, sixty to seventy thousand a year."", ""start"": 9.0, ""end"": 14.0, ""confidence"": 0.93}, {""speaker"": 0, ""text"": ""That sounds reasonable. What factors are you considering when you say that range?"", ""start"": 14.5, ""end"": 16.5, ""confidence"": 0.94}, {""speaker"": 1, ""text"": ""Well, for one, my last job, I was making about fifty-five, but I took on a lot more responsibilities. Plus, I\u2019ve gained some new skills since then, like, uh, project management and stuff."", ""start"": 17.0, ""end"": 23.0, ""confidence"": 0.92}, {""speaker"": 0, ""text"": ""That\u2019s interesting. So, you feel that your skills and responsibilities justify a higher salary?"", ""start"": 23.5, ""end"": 26.0, ""confidence"": 0.96}, {""speaker"": 1, ""text"": ""Exactly! I mean, I really believe that if you grow in your role, your compensation should reflect that. It\u2019s just, like, common sense, you know?"", ""start"": 26.5, ""end"": 31.5, ""confidence"": 0.95}, {""speaker"": 0, ""text"": ""Definitely, I can see that. Are there other benefits or aspects of a job that are important to you, aside from salary?"", ""start"": 32.0, ""end"": 36.0, ""confidence"": 0.94}, {""speaker"": 1, ""text"": ""Yeah, for sure! Benefits like health insurance and work-life balance are super important. And, um, opportunities for career growth. Like, I want to be in a place where I can see a future, you know?"", ""start"": 36.5, ""end"": 42.5, ""confidence"": 0.93}, {""speaker"": 0, ""text"": ""That makes a lot of sense. So you\u2019re looking for a holistic package, not just a salary figure?"", ""start"": 43.0, ""end"": 45.5, ""confidence"": 0.95}, {""speaker"": 1, ""text"": ""Exactly! I don\u2019t want to just chase money. I want to feel fulfilled and supported in my role."", ""start"": 46.0, ""end"": 49.0, ""confidence"": 0.94}, {""speaker"": 0, ""text"": ""Good attitude! How do you think you would approach negotiations if the initial offer is below your expectations?"", ""start"": 49.5, ""end"": 53.5, ""confidence"": 0.9}, {""speaker"": 1, ""text"": ""Um, I\u2019d probably share my expectations upfront and then explain why I think it\u2019s fair, using my skills and market data. I\u2019d want to have a conversation, not just a back and forth, you know?"", ""start"": 54.0, ""end"": 60.0, ""confidence"": 0.92}, {""speaker"": 0, ""text"": ""That sounds very strategic. Have you had to negotiate like that before?"", ""start"": 60.5, ""end"": 62.5, ""confidence"": 0.94}, {""speaker"": 1, ""text"": ""Yeah, during my last job search, I had to. It was a bit nerve-wracking, but I felt good about it once I got into it."", ""start"": 63.0, ""end"": 66.0, ""confidence"": 0.93}, {""speaker"": 0, ""text"": ""That's awesome to hear! Any final thoughts on salary expectations you want to share?"", ""start"": 66.5, ""end"": 69.0, ""confidence"": 0.95}, {""speaker"": 1, ""text"": ""Just that it should feel fair and motivating, you know? It\u2019s like, if you feel valued, you\u2019re more likely to be committed."", ""start"": 69.5, ""end"": 73.0, ""confidence"": 0.94}]}}}}"
702dcd99-db11-458e-8534-7b26f933d65d,f41ba610-9896-4cd8-9283-65c27d256b6c,en,true,"{""body"": {""payload"": {""transcription"": {""utterances"": [{""speaker"": 0, ""text"": ""Thanks for taking the time to chat today."", ""start"": 0.5, ""end"": 2.1, ""confidence"": 0.95}, {""speaker"": 1, ""text"": ""No problem! I'm glad to share my thoughts."", ""start"": 2.5, ""end"": 4.0, ""confidence"": 0.93}, {""speaker"": 0, ""text"": ""Great! So, how would you describe the company culture here?"", ""start"": 4.5, ""end"": 6.3, ""confidence"": 0.94}, {""speaker"": 1, ""text"": ""Hmm, I\u2019d say it's pretty collaborative. Everyone is super friendly and open to ideas."", ""start"": 6.8, ""end"": 9.4, ""confidence"": 0.92}, {""speaker"": 0, ""text"": ""That sounds nice! Can you give an example of how that collaboration plays out?"", ""start"": 9.8, ""end"": 12.0, ""confidence"": 0.91}, {""speaker"": 1, ""text"": ""Sure! Like, in team meetings, we really encourage everyone to weigh in. Even the newer folks."", ""start"": 12.4, ""end"": 15.0, ""confidence"": 0.93}, {""speaker"": 0, ""text"": ""Interesting! Do you think that helps with productivity?"", ""start"": 15.5, ""end"": 16.8, ""confidence"": 0.89}, {""speaker"": 1, ""text"": ""Definitely! When everyone feels included, it boosts creativity and... Yeah, people are more engaged."", ""start"": 17.0, ""end"": 19.2, ""confidence"": 0.9}, {""speaker"": 0, ""text"": ""Do you feel like the company's values align with that culture?"", ""start"": 19.5, ""end"": 21.3, ""confidence"": 0.92}, {""speaker"": 1, ""text"": ""Absolutely! The core values emphasize teamwork and respect, which we really see in action."", ""start"": 21.6, ""end"": 24.0, ""confidence"": 0.94}, {""speaker"": 0, ""text"": ""That's great to hear. What about challenges? Any cultural hurdles?"", ""start"": 24.4, ""end"": 26.4, ""confidence"": 0.88}, {""speaker"": 1, ""text"": ""Hmm, sometimes, communication can break down between departments. It\u2019s a big company, so that happens."", ""start"": 26.8, ""end"": 29.7, ""confidence"": 0.91}, {""speaker"": 0, ""text"": ""Yeah, that makes sense. How do you think that could be improved?"", ""start"": 30.1, ""end"": 31.8, ""confidence"": 0.9}, {""speaker"": 1, ""text"": ""Maybe more cross-departmental meetings? Or even fun social events can help bridge those gaps!"", ""start"": 32.2, ""end"": 35.0, ""confidence"": 0.93}, {""speaker"": 0, ""text"": ""Good ideas! How do you feel about feedback within the company culture?"", ""start"": 35.4, ""end"": 37.7, ""confidence"": 0.91}, {""speaker"": 1, ""text"": ""Feedback is really encouraged! We have a system for it, and it feels constructive, not\u2026 you know, critical."", ""start"": 38.0, ""end"": 41.0, ""confidence"": 0.94}, {""speaker"": 0, ""text"": ""That\u2019s a positive atmosphere. Would you say the culture has evolved since you joined?"", ""start"": 41.5, ""end"": 43.5, ""confidence"": 0.89}, {""speaker"": 1, ""text"": ""For sure! There\u2019s been a shift towards more inclusivity. It\u2019s noticeable and really refreshing."", ""start"": 44.0, ""end"": 46.5, ""confidence"": 0.95}]}}}}"
1e296e8b-feca-4fa5-ad24-32ad83766203,4cf59f89-f0bc-4d8c-9516-9c238fa1f934,en,true,"{""body"": {""payload"": {""transcription"": {""utterances"": [{""speaker"": 0, ""text"": ""Thanks for taking the time to chat today."", ""start"": 0.5, ""end"": 2.2, ""confidence"": 0.95}, {""speaker"": 1, ""text"": ""No problem, I appreciate the opportunity."", ""start"": 2.5, ""end"": 4.0, ""confidence"": 0.94}, {""speaker"": 0, ""text"": ""Can you tell me about your onboarding experience when you first started?"", ""start"": 4.2, ""end"": 6.4, ""confidence"": 0.92}, {""speaker"": 1, ""text"": ""Yeah, it was... pretty smooth, actually. I mean, I was a bit nervous at first, but everyone was really welcoming."", ""start"": 6.6, ""end"": 9.1, ""confidence"": 0.93}, {""speaker"": 0, ""text"": ""That's great to hear! Who were some of the colleagues that helped you out?"", ""start"": 9.3, ""end"": 11.0, ""confidence"": 0.96}, {""speaker"": 1, ""text"": ""Oh, I remember, there was Alex and Maya... they were really hands-on. Especially Alex, he took the time to walk me through everything."", ""start"": 11.2, ""end"": 14.0, ""confidence"": 0.95}, {""speaker"": 0, ""text"": ""Was there anything that stood out as particularly helpful?"", ""start"": 14.2, ""end"": 16.0, ""confidence"": 0.94}, {""speaker"": 1, ""text"": ""Definitely! The team lunch on the first day helped me get to know everyone better. I think it was organized by Sam?"", ""start"": 16.3, ""end"": 19.0, ""confidence"": 0.91}, {""speaker"": 0, ""text"": ""Team lunches can really break the ice. How about the training sessions?"", ""start"": 19.2, ""end"": 21.0, ""confidence"": 0.96}, {""speaker"": 1, ""text"": ""They were helpful, but a bit overwhelming at times. Like, there was so much information to take in. I think Jamie tried to simplify it for me."", ""start"": 21.3, ""end"": 24.0, ""confidence"": 0.89}, {""speaker"": 0, ""text"": ""That makes sense. Did you feel supported overall during the onboarding?"", ""start"": 24.2, ""end"": 26.0, ""confidence"": 0.95}, {""speaker"": 1, ""text"": ""Yeah, I did. Everyone was really open to questions. Even if I felt silly asking, they made sure I understood."", ""start"": 26.2, ""end"": 29.0, ""confidence"": 0.97}, {""speaker"": 0, ""text"": ""That's really important, for sure. Any ideas on how the onboarding process could be improved?"", ""start"": 29.2, ""end"": 31.5, ""confidence"": 0.93}, {""speaker"": 1, ""text"": ""Maybe more interactive sessions? Like, shadowing someone for a day could be cool. I think Chris mentioned that once."", ""start"": 31.8, ""end"": 34.5, ""confidence"": 0.92}, {""speaker"": 0, ""text"": ""That's an interesting idea. Did you have a mentor during the process?"", ""start"": 34.7, ""end"": 36.5, ""confidence"": 0.89}, {""speaker"": 1, ""text"": ""Not really a formal mentor, but I felt like I could always reach out to anyone. Like, Kate was always there if I needed help."", ""start"": 36.8, ""end"": 39.3, ""confidence"": 0.94}, {""speaker"": 0, ""text"": ""That's good to hear! Last question\u2014how do you feel about your role now compared to when you started?"", ""start"": 39.5, ""end"": 42.0, ""confidence"": 0.95}, {""speaker"": 1, ""text"": ""I feel way more confident now. At first, I was just trying to keep up, you know? But now I really feel like part of the team."", ""start"": 42.3, ""end"": 45.0, ""confidence"": 0.96}]}}}}"
f0703763-a3d6-45b8-8e22-8ac5b9179f90,f41ba610-9896-4cd8-9283-65c27d256b6c,en,true,"{""body"": {""payload"": {""transcription"": {""utterances"": [{""speaker"": 0, ""text"": ""Hi there! Thanks for taking the time to chat with me today."", ""start"": 0.5, ""end"": 3.0, ""confidence"": 0.96}, {""speaker"": 1, ""text"": ""No problem! I'm glad to be here."", ""start"": 3.5, ""end"": 5.0, ""confidence"": 0.93}, {""speaker"": 0, ""text"": ""Great! So, let\u2019s dive right in. Can you tell me about your current job and what you enjoy about it?"", ""start"": 5.5, ""end"": 8.5, ""confidence"": 0.95}, {""speaker"": 1, ""text"": ""Sure! I work in marketing. I really love the creativity involved. It\u2019s fun to brainstorm ideas with my team."", ""start"": 9.0, ""end"": 12.2, ""confidence"": 0.94}, {""speaker"": 0, ""text"": ""That sounds interesting! So, what specifically do you find enjoyable about working with your team?"", ""start"": 12.7, ""end"": 15.2, ""confidence"": 0.92}, {""speaker"": 1, ""text"": ""Um, well, the collaboration is key. Everyone brings different perspectives, and it makes the process more dynamic."", ""start"": 15.7, ""end"": 18.5, ""confidence"": 0.95}, {""speaker"": 0, ""text"": ""Yeah, I can see how that would be energizing. Are there aspects of your job that you find challenging?"", ""start"": 19.0, ""end"": 21.5, ""confidence"": 0.94}, {""speaker"": 1, ""text"": ""Definitely. I think the pressure to meet tight deadlines can be stressful sometimes. It feels like we\u2019re always racing against the clock."", ""start"": 22.0, ""end"": 26.0, ""confidence"": 0.91}, {""speaker"": 0, ""text"": ""That sounds tough. How do you usually cope with that stress?"", ""start"": 26.5, ""end"": 29.0, ""confidence"": 0.93}, {""speaker"": 1, ""text"": ""I try to stay organized and prioritize tasks. But, honestly, some days it just gets overwhelming, you know?"", ""start"": 29.5, ""end"": 32.5, ""confidence"": 0.92}, {""speaker"": 0, ""text"": ""I can imagine! So, overall, would you say you are satisfied with your job?"", ""start"": 33.0, ""end"": 35.5, ""confidence"": 0.96}, {""speaker"": 1, ""text"": ""Yeah, I would say so. I mean, I have my moments, but overall, I feel fulfilled. It\u2019s rewarding to see the impact of our work."", ""start"": 36.0, ""end"": 39.5, ""confidence"": 0.94}, {""speaker"": 0, ""text"": ""That\u2019s wonderful to hear! What aspects of your work contribute most to your job satisfaction?"", ""start"": 40.0, ""end"": 43.0, ""confidence"": 0.95}, {""speaker"": 1, ""text"": ""I think the team culture plays a huge role. We support each other and celebrate wins together. It\u2019s motivating."", ""start"": 43.5, ""end"": 46.5, ""confidence"": 0.93}, {""speaker"": 0, ""text"": ""Sounds like a great environment! Have you found anything in particular that, like, demotivates you?"", ""start"": 47.0, ""end"": 50.0, ""confidence"": 0.91}, {""speaker"": 1, ""text"": ""Yeah, when communication breaks down or there\u2019s a lack of clarity on projects, it can really throw me off."", ""start"": 50.5, ""end"": 53.5, ""confidence"": 0.92}, {""speaker"": 0, ""text"": ""That makes total sense. It\u2019s good to identify those issues. So, what do you think could be improved to enhance job satisfaction in your role?"", ""start"": 54.0, ""end"": 57.5, ""confidence"": 0.94}, {""speaker"": 1, ""text"": ""Um, maybe more feedback sessions? Regular check-ins could help us feel more aligned and supported."", ""start"": 58.0, ""end"": 61.0, ""confidence"": 0.91}, {""speaker"": 0, ""text"": ""That\u2019s a great suggestion! Thank you for sharing your thoughts. Any final words on job satisfaction?"", ""start"": 61.5, ""end"": 64.0, ""confidence"": 0.92}, {""speaker"": 1, ""text"": ""Just that it\u2019s such a personal thing. Everyone values different aspects, so it\u2019s important to listen to your team."", ""start"": 64.5, ""end"": 67.0, ""confidence"": 0.95}]}}}}"
d7af5b38-1a55-456c-9ef3-4db0e77450c0,4cf59f89-f0bc-4d8c-9516-9c238fa1f934,en,true,"{""body"": {""payload"": {""transcription"": {""utterances"": [{""speaker"": 0, ""text"": ""Thanks for taking the time to chat with me today about work-life balance."", ""start"": 0.5, ""end"": 3.2, ""confidence"": 0.96}, {""speaker"": 1, ""text"": ""Sure, happy to help. It's an important topic for sure."", ""start"": 3.5, ""end"": 6.0, ""confidence"": 0.94}, {""speaker"": 0, ""text"": ""Great! So, can you tell me what work-life balance means to you?"", ""start"": 6.2, ""end"": 8.5, ""confidence"": 0.93}, {""speaker"": 1, ""text"": ""Well, for me, it\u2019s about not letting work take over... Like, making sure I have time for friends and family."", ""start"": 8.8, ""end"": 12.1, ""confidence"": 0.95}, {""speaker"": 0, ""text"": ""That makes sense. Do you feel like you\u2019ve been able to achieve that balance recently?"", ""start"": 12.3, ""end"": 15.0, ""confidence"": 0.92}, {""speaker"": 1, ""text"": ""Honestly, it\u2019s been a bit tricky. Last year was really hectic... I mean, there were projects that just dragged on and on."", ""start"": 15.2, ""end"": 19.0, ""confidence"": 0.94}, {""speaker"": 0, ""text"": ""Yeah, I can imagine. What do you think contributed to that hecticness?"", ""start"": 19.2, ""end"": 21.5, ""confidence"": 0.91}, {""speaker"": 1, ""text"": ""It was a mix, I think. A lot of deadlines, and then... um, team changes, you know? It all piled up."", ""start"": 21.7, ""end"": 25.0, ""confidence"": 0.93}, {""speaker"": 0, ""text"": ""Right, that sounds challenging. How did you cope with the pressure during that time?"", ""start"": 25.2, ""end"": 28.0, ""confidence"": 0.9}, {""speaker"": 1, ""text"": ""I tried to carve out time for myself still. Like, I\u2019d go for walks or read, but it wasn\u2019t always easy to stick to that."", ""start"": 28.2, ""end"": 32.0, ""confidence"": 0.95}, {""speaker"": 0, ""text"": ""Sounds like you made some efforts. Have you noticed any changes since then?"", ""start"": 32.2, ""end"": 34.5, ""confidence"": 0.93}, {""speaker"": 1, ""text"": ""Yeah, definitely. I think since... I want to say, maybe a few months ago, we\u2019ve had more support at work, which helps a lot."", ""start"": 34.7, ""end"": 39.0, ""confidence"": 0.94}, {""speaker"": 0, ""text"": ""That\u2019s good to hear. What kind of support are you referring to?"", ""start"": 39.2, ""end"": 41.5, ""confidence"": 0.92}, {""speaker"": 1, ""text"": ""Well, management has been more flexible with hours, and they\u2019re pushing for us to take breaks more often, which is nice."", ""start"": 41.7, ""end"": 46.0, ""confidence"": 0.95}, {""speaker"": 0, ""text"": ""That sounds really beneficial! Do you think that promotes a better work-life balance for you personally?"", ""start"": 46.2, ""end"": 49.0, ""confidence"": 0.94}, {""speaker"": 1, ""text"": ""Absolutely! I feel less guilty about taking time for myself when I know the company supports it. It just, like, changes everything."", ""start"": 49.2, ""end"": 53.0, ""confidence"": 0.96}, {""speaker"": 0, ""text"": ""That's fantastic to hear. Any final thoughts on how you'd like to see things improve in the future?"", ""start"": 53.2, ""end"": 56.0, ""confidence"": 0.92}, {""speaker"": 1, ""text"": ""I think just keeping that open communication going would be key. It's just important to talk about these things, you know?"", ""start"": 56.2, ""end"": 59.5, ""confidence"": 0.95}]}}}}"
6e6924d2-c904-4760-b94e-f12a8cbe4bce,f41ba610-9896-4cd8-9283-65c27d256b6c,en,true,"{""body"": {""payload"": {""transcription"": {""utterances"": [{""speaker"": 0, ""text"": ""Thanks for talking with me today about performance reviews."", ""start"": 0.5, ""end"": 3.0, ""confidence"": 0.94}, {""speaker"": 1, ""text"": ""Yeah, no problem, happy to share my thoughts."", ""start"": 3.2, ""end"": 5.0, ""confidence"": 0.96}, {""speaker"": 0, ""text"": ""Great! So, can you tell me about your experience with performance reviews in your current role?"", ""start"": 5.2, ""end"": 8.0, ""confidence"": 0.93}, {""speaker"": 1, ""text"": ""Sure! I mean, the reviews happen every six months, and honestly, it\u2019s kind of a mixed bag for me."", ""start"": 8.2, ""end"": 11.0, ""confidence"": 0.92}, {""speaker"": 0, ""text"": ""Mixed bag? In what way?"", ""start"": 11.2, ""end"": 12.5, ""confidence"": 0.89}, {""speaker"": 1, ""text"": ""Well, like, on one hand, it\u2019s nice to get feedback, you know? But on the other hand, it's sometimes feels a bit superficial."", ""start"": 12.7, ""end"": 16.0, ""confidence"": 0.93}, {""speaker"": 0, ""text"": ""Superficial? Can you elaborate on that?"", ""start"": 16.2, ""end"": 18.0, ""confidence"": 0.91}, {""speaker"": 1, ""text"": ""Yeah, like, they focus a lot on numbers or metrics but don't really dive into, uh, the nuances of my work."", ""start"": 18.2, ""end"": 21.5, ""confidence"": 0.95}, {""speaker"": 0, ""text"": ""That makes sense. So what kind of feedback do you find most helpful?"", ""start"": 21.7, ""end"": 24.0, ""confidence"": 0.94}, {""speaker"": 1, ""text"": ""I think detailed feedback is crucial. Like, specific examples of what I did well or areas to improve."", ""start"": 24.2, ""end"": 27.0, ""confidence"": 0.96}, {""speaker"": 0, ""text"": ""Do you feel comfortable discussing areas for improvement?"", ""start"": 27.2, ""end"": 29.0, ""confidence"": 0.9}, {""speaker"": 1, ""text"": ""Yeah, as long as it\u2019s constructive. I prefer when it\u2019s framed positively, like... here's how you can grow."", ""start"": 29.2, ""end"": 32.0, ""confidence"": 0.94}, {""speaker"": 0, ""text"": ""That\u2019s interesting\u2014so how do you think your manager could improve the review process?"", ""start"": 32.2, ""end"": 35.0, ""confidence"": 0.91}, {""speaker"": 1, ""text"": ""Honestly, I think more frequent check-ins would help. Like rather than waiting six months, maybe quarterly."", ""start"": 35.2, ""end"": 38.0, ""confidence"": 0.95}, {""speaker"": 0, ""text"": ""Quarterly? That sounds like a good idea. Why do you think that would make a difference?"", ""start"": 38.2, ""end"": 41.0, ""confidence"": 0.92}, {""speaker"": 1, ""text"": ""Well, it would keep things fresh, you know? Plus, I\u2019d get timely feedback, which is way more actionable."", ""start"": 41.2, ""end"": 44.0, ""confidence"": 0.96}, {""speaker"": 0, ""text"": ""Definitely, that makes a lot of sense. Any other thoughts on performance reviews?"", ""start"": 44.2, ""end"": 47.0, ""confidence"": 0.93}, {""speaker"": 1, ""text"": ""Uh, just that it should be a two-way conversation. I wanna feel heard, not just evaluated."", ""start"": 47.2, ""end"": 50.0, ""confidence"": 0.94}]}}}}"
baabe5dd-a37b-4f6f-ac2a-88552695af36,4cf59f89-f0bc-4d8c-9516-9c238fa1f934,en,true,"{""body"": {""payload"": {""transcription"": {""utterances"": [{""speaker"": 0, ""text"": ""Thanks for taking the time to chat with me today."", ""start"": 0.5, ""end"": 2.2, ""confidence"": 0.95}, {""speaker"": 1, ""text"": ""No problem, happy to do it."", ""start"": 2.5, ""end"": 3.5, ""confidence"": 0.93}, {""speaker"": 0, ""text"": ""Let\u2019s dive in. Can you tell me about your career goals?"", ""start"": 3.8, ""end"": 5.5, ""confidence"": 0.94}, {""speaker"": 1, ""text"": ""Yeah, so, um, I\u2019ve always wanted to work in, like, environmental science."", ""start"": 5.8, ""end"": 7.5, ""confidence"": 0.9}, {""speaker"": 1, ""text"": ""I feel really passionate about that. I just think it\u2019s super important."", ""start"": 7.8, ""end"": 9.5, ""confidence"": 0.92}, {""speaker"": 0, ""text"": ""That\u2019s great! What specifically interests you in environmental science?"", ""start"": 9.8, ""end"": 11.2, ""confidence"": 0.96}, {""speaker"": 1, ""text"": ""Um, I\u2019d say climate change is a big one. Like, I want to work on solutions, you know?"", ""start"": 11.5, ""end"": 13.5, ""confidence"": 0.91}, {""speaker"": 1, ""text"": ""It's kind of scary how fast things are changing."", ""start"": 13.8, ""end"": 15.1, ""confidence"": 0.89}, {""speaker"": 0, ""text"": ""Absolutely, that\u2019s a very pressing issue. Do you have a specific role in mind?"", ""start"": 15.4, ""end"": 17.0, ""confidence"": 0.93}, {""speaker"": 1, ""text"": ""Yeah, I think I\u2019d love to be a policy advisor or something like that."", ""start"": 17.3, ""end"": 19.0, ""confidence"": 0.95}, {""speaker"": 1, ""text"": ""I want to help shape policies that make a real difference."", ""start"": 19.3, ""end"": 21.0, ""confidence"": 0.94}, {""speaker"": 0, ""text"": ""That sounds impactful. What steps are you taking to reach that goal?"", ""start"": 21.3, ""end"": 23.1, ""confidence"": 0.92}, {""speaker"": 1, ""text"": ""Well, I\u2019m currently studying environmental policy in grad school."", ""start"": 23.5, ""end"": 25.5, ""confidence"": 0.96}, {""speaker"": 1, ""text"": ""And I\u2019m trying to get internships that align with my interests."", ""start"": 25.8, ""end"": 27.5, ""confidence"": 0.93}, {""speaker"": 0, ""text"": ""That\u2019s smart! Have you found any internships yet?"", ""start"": 27.8, ""end"": 29.2, ""confidence"": 0.91}, {""speaker"": 1, ""text"": ""Yeah, actually, I just applied for a couple. Fingers crossed!"", ""start"": 29.5, ""end"": 31.2, ""confidence"": 0.94}, {""speaker"": 0, ""text"": ""Good luck! What do you think will be the toughest challenge for you?"", ""start"": 31.5, ""end"": 33.5, ""confidence"": 0.9}, {""speaker"": 1, ""text"": ""Honestly, probably networking. I\u2019m a bit introverted, you know?"", ""start"": 33.8, ""end"": 35.5, ""confidence"": 0.92}, {""speaker"": 1, ""text"": ""So putting myself out there can be tough."", ""start"": 35.8, ""end"": 37.0, ""confidence"": 0.91}, {""speaker"": 0, ""text"": ""That\u2019s understandable. Any strategies you\u2019re considering?"", ""start"": 37.3, ""end"": 39.0, ""confidence"": 0.93}, {""speaker"": 1, ""text"": ""I think joining more clubs or groups related to my field might help."", ""start"": 39.3, ""end"": 41.2, ""confidence"": 0.94}]}}}}"
607dea23-20ec-4631-8699-8a7608bb6fcb,f41ba610-9896-4cd8-9283-65c27d256b6c,en,true,"{""body"": {""payload"": {""transcription"": {""utterances"": [{""speaker"": 0, ""text"": ""Thanks for taking the time to chat today. Let\u2019s dive into team dynamics. Can you tell me about your current team?"", ""start"": 0.5, ""end"": 3.0, ""confidence"": 0.95}, {""speaker"": 1, ""text"": ""Sure! So, I work in a small marketing team, there are six of us, and we each have pretty distinct roles. It\u2019s interesting, you know?"", ""start"": 3.5, ""end"": 6.5, ""confidence"": 0.94}, {""speaker"": 0, ""text"": ""That does sound interesting. How would you describe the overall atmosphere in your team?"", ""start"": 7.0, ""end"": 9.2, ""confidence"": 0.93}, {""speaker"": 1, ""text"": ""Um, I'd say it\u2019s mostly positive. We joke around a lot, which helps, I think. But we also take our work seriously, of course."", ""start"": 9.5, ""end"": 12.5, ""confidence"": 0.92}, {""speaker"": 0, ""text"": ""Sounds like a good balance. Do you think the humor impacts productivity?"", ""start"": 12.8, ""end"": 15.0, ""confidence"": 0.94}, {""speaker"": 1, ""text"": ""Definitely! When we laugh, it kind of breaks the tension, makes it easier to share ideas and feedback without feeling judged."", ""start"": 15.3, ""end"": 18.5, ""confidence"": 0.96}, {""speaker"": 0, ""text"": ""That makes sense. Can you share a specific example of a time when humor helped resolve a conflict?"", ""start"": 19.0, ""end"": 22.1, ""confidence"": 0.89}, {""speaker"": 1, ""text"": ""Yeah, last month, we had a disagreement about a campaign strategy. It was getting heated, and then someone made a joke about, like, 'what would our cats think?' and it just lightened the mood."", ""start"": 22.5, ""end"": 27.0, ""confidence"": 0.95}, {""speaker"": 0, ""text"": ""That\u2019s a clever tactic! So, how do team members usually communicate during projects?"", ""start"": 27.5, ""end"": 30.2, ""confidence"": 0.9}, {""speaker"": 1, ""text"": ""We use a mix of, like, instant messaging for quick chats and then hold weekly meetings for in-depth discussions. I think both are important."", ""start"": 30.6, ""end"": 34.0, ""confidence"": 0.93}, {""speaker"": 0, ""text"": ""Right. Do you ever feel like there are communication gaps?"", ""start"": 34.5, ""end"": 36.7, ""confidence"": 0.91}, {""speaker"": 1, ""text"": ""For sure. Sometimes messages get lost in the mix, especially when we\u2019re all busy. But we try to address it by being clear and, like, summarizing important points."", ""start"": 37.0, ""end"": 41.0, ""confidence"": 0.94}, {""speaker"": 0, ""text"": ""Great approach! How do you feel about feedback within your team?"", ""start"": 41.5, ""end"": 43.7, ""confidence"": 0.92}, {""speaker"": 1, ""text"": ""Feedback is pretty open, which I like. We have a culture, well, of, like, constructive criticism. It's not personal; it's about the work."", ""start"": 44.0, ""end"": 47.5, ""confidence"": 0.96}, {""speaker"": 0, ""text"": ""Sounds supportive! Do you think team dynamics change when, like, new members join?"", ""start"": 48.0, ""end"": 50.7, ""confidence"": 0.9}, {""speaker"": 1, ""text"": ""Oh, definitely! New members bring fresh perspectives, but it can also be a challenge for the existing team to adjust, you know?"", ""start"": 51.2, ""end"": 54.0, ""confidence"": 0.95}, {""speaker"": 0, ""text"": ""That\u2019s really insightful. What do you think helps with that adjustment?"", ""start"": 54.5, ""end"": 56.3, ""confidence"": 0.92}, {""speaker"": 1, ""text"": ""I think it's key to have an onboarding process that makes new members feel welcomed and included from day one. We do some fun team-building exercises, and it helps a lot."", ""start"": 56.7, ""end"": 60.5, ""confidence"": 0.94}]}}}}"
874790a6-80d6-4e73-b6ea-3ab61d30df00,f41ba610-9896-4cd8-9283-65c27d256b6c,en,true,"{""body"": {""payload"": {""transcription"": {""utterances"": [{""speaker"": 0, ""text"": ""Thanks for taking the time to chat today about conflict resolution. To start off, can you tell me about a time you faced a conflict at work?"", ""start"": 0.5, ""end"": 5.2, ""confidence"": 0.94}, {""speaker"": 1, ""text"": ""Sure! There was this one project where our team had different ideas on how to approach it. I remember feeling really frustrated because, like, everyone had strong opinions, but we weren\u2019t really communicating well."", ""start"": 5.5, ""end"": 12.1, ""confidence"": 0.93}, {""speaker"": 0, ""text"": ""That sounds tough. How did you guys handle that situation?"", ""start"": 12.3, ""end"": 14.7, ""confidence"": 0.96}, {""speaker"": 1, ""text"": ""Well, eventually, we decided to hold a meeting. It was a bit tense at first, but once we started talking openly, I think it helped. We all agreed to listen to each other. I mean, it felt good to collaborate, you know?"", ""start"": 15.0, ""end"": 22.0, ""confidence"": 0.95}, {""speaker"": 0, ""text"": ""Glad to hear that! So, it sounds like teamwork helped in that situation. But how did the management react to the conflict?"", ""start"": 22.2, ""end"": 25.3, ""confidence"": 0.92}, {""speaker"": 1, ""text"": ""That\u2019s the thing\u2026 management didn\u2019t really step in until we were almost done. They kind of just let us figure it out ourselves. I don\u2019t know, it felt a bit like they didn\u2019t care to help us resolve it earlier."", ""start"": 25.5, ""end"": 33.0, ""confidence"": 0.91}, {""speaker"": 0, ""text"": ""I see. That must have been frustrating. Do you think their hands-off approach affected the outcome of the project?"", ""start"": 33.3, ""end"": 36.5, ""confidence"": 0.94}, {""speaker"": 1, ""text"": ""Definitely! I mean, yeah, we got it done, but it felt like we wasted time and energy. If they had been involved earlier, we might\u2019ve come up with a better solution sooner."", ""start"": 36.7, ""end"": 43.0, ""confidence"": 0.95}, {""speaker"": 0, ""text"": ""Sounds like that could\u2019ve made a big difference. What do you think is the key to effective conflict resolution in a team?"", ""start"": 43.2, ""end"": 46.7, ""confidence"": 0.93}, {""speaker"": 1, ""text"": ""I really think it\u2019s about open communication. If everyone feels safe to express their thoughts without judgment, then you can avoid so much unnecessary tension. Teamwork is amazing when it flows like that."", ""start"": 46.9, ""end"": 54.0, ""confidence"": 0.96}, {""speaker"": 0, ""text"": ""Absolutely! And how do you feel about management\u2019s role in that process?"", ""start"": 54.3, ""end"": 57.0, ""confidence"": 0.92}, {""speaker"": 1, ""text"": ""Honestly, I wish they'd be more proactive. It\u2019s like, they\u2019re supposed to guide us, but sometimes it feels like they\u2019re just... distant. It can definitely impact the team's morale."", ""start"": 57.3, ""end"": 64.0, ""confidence"": 0.9}, {""speaker"": 0, ""text"": ""That's a really interesting point. Do you think that can lead to more conflicts?"", ""start"": 64.2, ""end"": 66.5, ""confidence"": 0.93}, {""speaker"": 1, ""text"": ""For sure! If we feel unsupported, we might end up clashing more. It\u2019s like a ripple effect where small annoyances grow into bigger issues because there's no one to help mediate."", ""start"": 66.7, ""end"": 73.0, ""confidence"": 0.94}, {""speaker"": 0, ""text"": ""That makes a lot of sense. What changes would you suggest for management in conflict situations?"", ""start"": 73.2, ""end"": 76.0, ""confidence"": 0.91}, {""speaker"": 1, ""text"": ""I think they should get involved earlier and maybe provide a structured way for us to express our concerns. It could be through regular check-ins or something. Just... making sure we know they care."", ""start"": 76.3, ""end"": 82.0, ""confidence"": 0.95}, {""speaker"": 0, ""text"": ""Great ideas! Lastly, do you feel more positive or negative about your team after navigating those conflicts?"", ""start"": 82.2, ""end"": 85.0, ""confidence"": 0.94}, {""speaker"": 1, ""text"": ""I feel positive about my teammates for sure! But yeah, I\u2019m still a bit frustrated with management's style. It\u2019s like, we can be great together, but we just need the right support."", ""start"": 85.3, ""end"": 92.0, ""confidence"": 0.93}]}}}}"
769b9e31-00dd-4cf2-ab05-b4f422f23f3a,6b74b838-bd51-4f6b-a0e2-eb782d310ebe,en,true,"{""body"": {""payload"": {""transcription"": {""utterances"": [{""speaker"": 0, ""text"": ""Thanks for taking the time to talk with me today."", ""start"": 0.5, ""end"": 3.2, ""confidence"": 0.96}, {""speaker"": 1, ""text"": ""Absolutely, happy to share my thoughts on this."", ""start"": 3.5, ""end"": 5.1, ""confidence"": 0.94}, {""speaker"": 0, ""text"": ""Great! So, how has your experience been with remote work?"", ""start"": 5.3, ""end"": 8.0, ""confidence"": 0.95}, {""speaker"": 1, ""text"": ""You know, it's been a mix. At first, I loved the flexibility, but then... it kind of got overwhelming."", ""start"": 8.2, ""end"": 12.0, ""confidence"": 0.93}, {""speaker"": 0, ""text"": ""What do you mean by overwhelming?"", ""start"": 12.3, ""end"": 13.7, ""confidence"": 0.96}, {""speaker"": 1, ""text"": ""Well, like, the lines between work and home just blurred. I found myself working late, and... it felt like I was always on the clock."", ""start"": 13.9, ""end"": 17.7, ""confidence"": 0.92}, {""speaker"": 0, ""text"": ""That sounds tough. How did you handle that?"", ""start"": 17.9, ""end"": 19.5, ""confidence"": 0.94}, {""speaker"": 1, ""text"": ""I tried setting boundaries. Like, I started keeping a stricter schedule. But it\u2019s hard, you know?"", ""start"": 19.7, ""end"": 24.0, ""confidence"": 0.95}, {""speaker"": 0, ""text"": ""I can imagine. What about your social interactions? Have they changed?"", ""start"": 24.2, ""end"": 27.3, ""confidence"": 0.97}, {""speaker"": 1, ""text"": ""Yeah, definitely. I miss the casual chats by the coffee machine, and... Zoom calls just don't feel the same."", ""start"": 27.5, ""end"": 31.8, ""confidence"": 0.92}, {""speaker"": 0, ""text"": ""Totally. Do you think remote work affects team dynamics?"", ""start"": 32.0, ""end"": 34.5, ""confidence"": 0.96}, {""speaker"": 1, ""text"": ""For sure! It feels like we\u2019re working in silos sometimes. Collaboration is harder, and... I think trust can take a hit."", ""start"": 34.7, ""end"": 39.5, ""confidence"": 0.93}, {""speaker"": 0, ""text"": ""That\u2019s an interesting point. Have you noticed any changes in productivity?"", ""start"": 39.7, ""end"": 42.2, ""confidence"": 0.94}, {""speaker"": 1, ""text"": ""It\u2019s kind of mixed. Some days I\u2019m super productive, but other days... I just can't focus. It's like... distractions at home."", ""start"": 42.4, ""end"": 46.8, ""confidence"": 0.91}, {""speaker"": 0, ""text"": ""Right, distractions can be a real challenge. What do you think could help improve the remote work experience?"", ""start"": 47.0, ""end"": 50.2, ""confidence"": 0.95}, {""speaker"": 1, ""text"": ""I think clear communication is key. More check-ins would help, and maybe... some virtual team-building activities too."", ""start"": 50.4, ""end"": 55.0, ""confidence"": 0.93}, {""speaker"": 0, ""text"": ""Those are great suggestions! Lastly, do you see yourself wanting to return to a traditional office in the future?"", ""start"": 55.2, ""end"": 59.0, ""confidence"": 0.94}, {""speaker"": 1, ""text"": ""Honestly, I think a hybrid model could be perfect. I like the freedom of remote work, but... I do miss the office vibe."", ""start"": 59.2, ""end"": 63.5, ""confidence"": 0.92}]}}}}"
cf33ce06-1d4d-460b-9507-fd1aecbe1bf5,b0d46c72-5527-4cec-8474-868d1da0eb55,en,true,"{""body"": {""payload"": {""transcription"": {""utterances"": [{""speaker"": 0, ""text"": ""Thanks for being here today. Let's dive right in. Can you tell me about your salary expectations for this position?"", ""start"": 0.5, ""end"": 4.2, ""confidence"": 0.95}, {""speaker"": 1, ""text"": ""Sure! So, last year, I was making around seventy-five thousand. But, you know, I've gained more experience since then, so I'm thinking I should aim for something higher."", ""start"": 5.0, ""end"": 10.0, ""confidence"": 0.93}, {""speaker"": 0, ""text"": ""That makes sense. What kind of increase are you hoping for?"", ""start"": 10.5, ""end"": 12.5, ""confidence"": 0.94}, {""speaker"": 1, ""text"": ""Well, ideally, I\u2019d like to see at least a ten to fifteen percent bump, given that my skills have really improved and I\u2019ve taken on more responsibilities."", ""start"": 13.0, ""end"": 17.5, ""confidence"": 0.91}, {""speaker"": 0, ""text"": ""Got it. So, you mentioned responsibilities. Can you elaborate on what those have been?"", ""start"": 18.0, ""end"": 20.5, ""confidence"": 0.96}, {""speaker"": 1, ""text"": ""Absolutely. I've been leading a small team for, um, about six months now, and we've managed to complete some pretty big projects successfully. Plus, I've also been working on improving processes."", ""start"": 21.0, ""end"": 28.0, ""confidence"": 0.92}, {""speaker"": 0, ""text"": ""That's impressive! Do you think those additional tasks justify your expected salary range?"", ""start"": 28.5, ""end"": 31.0, ""confidence"": 0.94}, {""speaker"": 1, ""text"": ""Yes, definitely. I mean, last year, I wasn\u2019t in a managerial role, so... it feels like a natural progression. Plus, I\u2019ve seen similar roles being offered higher salaries in the market."", ""start"": 31.5, ""end"": 37.0, ""confidence"": 0.9}, {""speaker"": 0, ""text"": ""And what sources have you looked at for those market comparisons?"", ""start"": 37.5, ""end"": 39.5, ""confidence"": 0.93}, {""speaker"": 1, ""text"": ""I\u2019ve checked salary surveys online, and I\u2019ve also talked with peers in similar positions. Seems like they\u2019re all around the eighty to ninety thousand mark for similar work."", ""start"": 40.0, ""end"": 45.0, ""confidence"": 0.92}, {""speaker"": 0, ""text"": ""That\u2019s helpful to know. Have you considered other benefits besides salary that might be important to you?"", ""start"": 45.5, ""end"": 48.5, ""confidence"": 0.95}, {""speaker"": 1, ""text"": ""Oh, definitely. Things like remote work options or additional vacation time would be a big plus for me. I think work-life balance is really crucial."", ""start"": 49.0, ""end"": 54.0, ""confidence"": 0.91}, {""speaker"": 0, ""text"": ""That\u2019s a great point. It\u2019s becoming increasingly important. How do you think those benefits relate to your salary expectations?"", ""start"": 54.5, ""end"": 58.0, ""confidence"": 0.94}, {""speaker"": 1, ""text"": ""Well, if the salary isn't quite what I\u2019m looking for, I\u2019d hope those benefits could make up for it a bit. Like, if I could work from home more, that\u2019d save me commute costs and... yeah, that counts for something."", ""start"": 58.5, ""end"": 65.0, ""confidence"": 0.88}, {""speaker"": 0, ""text"": ""Absolutely! It\u2019s all part of the package deal. So, where do you see yourself in terms of career progression in the next few years?"", ""start"": 65.5, ""end"": 69.0, ""confidence"": 0.92}, {""speaker"": 1, ""text"": ""I really want to move into a senior management role, hopefully within the next couple of years. I see that as a key goal for my career, you know? So... I think my salary should reflect that growth."", ""start"": 69.5, ""end"": 74.0, ""confidence"": 0.9}, {""speaker"": 0, ""text"": ""That sounds like a solid plan. Thanks for sharing your thoughts on this topic."", ""start"": 74.5, ""end"": 77.0, ""confidence"": 0.96}]}}}}"
1589980f-7316-4ee3-9ca1-374d4bdf8ca4,b0d46c72-5527-4cec-8474-868d1da0eb55,en,true,"{""body"": {""payload"": {""transcription"": {""utterances"": [{""speaker"": 0, ""text"": ""Thanks for taking the time to chat with me today about company culture."", ""start"": 0.5, ""end"": 4.0, ""confidence"": 0.96}, {""speaker"": 1, ""text"": ""Yeah, no problem! I think it\u2019s really important to talk about these things."", ""start"": 4.5, ""end"": 7.0, ""confidence"": 0.95}, {""speaker"": 0, ""text"": ""Absolutely. So, to start off, how would you describe the culture here?"", ""start"": 7.5, ""end"": 10.5, ""confidence"": 0.93}, {""speaker"": 1, ""text"": ""Um, I\u2019d say it\u2019s pretty collaborative. Like, people are encouraged to share ideas and, you know, work together on projects."", ""start"": 11.0, ""end"": 15.5, ""confidence"": 0.94}, {""speaker"": 0, ""text"": ""That sounds great! Do you feel that collaboration happens across different levels of the company?"", ""start"": 16.0, ""end"": 19.5, ""confidence"": 0.92}, {""speaker"": 1, ""text"": ""Yeah, for the most part. I mean, there are definitely times when communication could be better, but overall, I think folks are pretty approachable."", ""start"": 20.0, ""end"": 25.0, ""confidence"": 0.93}, {""speaker"": 0, ""text"": ""Interesting. Can you give me an example of a situation where you felt that collaboration was really effective?"", ""start"": 25.5, ""end"": 30.5, ""confidence"": 0.91}, {""speaker"": 1, ""text"": ""Sure! So, last quarter, we had this big project, and we arranged a few brainstorming sessions, and it was just amazing to see how many ideas came from everyone."", ""start"": 31.0, ""end"": 37.0, ""confidence"": 0.95}, {""speaker"": 0, ""text"": ""That\u2019s awesome! What do you think helps foster that kind of open communication?"", ""start"": 37.5, ""end"": 40.5, ""confidence"": 0.92}, {""speaker"": 1, ""text"": ""I think it starts with the leadership, honestly. They really encourage openness and make it clear that everyone\u2019s input is valued."", ""start"": 41.0, ""end"": 46.0, ""confidence"": 0.94}, {""speaker"": 0, ""text"": ""That\u2019s really important. Are there any specific company values that you feel reinforce this culture?"", ""start"": 46.5, ""end"": 50.0, ""confidence"": 0.91}, {""speaker"": 1, ""text"": ""Definitely! I\u2019d say \u2018innovation\u2019 and \u2018respect\u2019 are big ones. We\u2019re expected to bring new ideas to the table but always consider others\u2019 perspectives."", ""start"": 50.5, ""end"": 55.0, ""confidence"": 0.95}, {""speaker"": 0, ""text"": ""Sounds like a healthy environment. How do you think this affects employee morale?"", ""start"": 55.5, ""end"": 58.5, ""confidence"": 0.9}, {""speaker"": 1, ""text"": ""I think it boosts it a lot! When you feel like your voice matters, you\u2019re generally more satisfied and engaged with your work."", ""start"": 59.0, ""end"": 63.0, ""confidence"": 0.93}, {""speaker"": 0, ""text"": ""That makes sense. Have you noticed any challenges in maintaining this culture?"", ""start"": 63.5, ""end"": 66.0, ""confidence"": 0.88}, {""speaker"": 1, ""text"": ""Well, with remote work becoming more common, sometimes it feels like there\u2019s a disconnect. It can be harder to create that same vibe when everyone\u2019s not in the same room."", ""start"": 66.5, ""end"": 73.0, ""confidence"": 0.9}, {""speaker"": 0, ""text"": ""Yeah, that\u2019s a valid point. What do you think the company could do to improve that?"", ""start"": 73.5, ""end"": 76.0, ""confidence"": 0.89}, {""speaker"": 1, ""text"": ""Maybe more virtual team-building activities? Just something to help bring us all together, even if it's online."", ""start"": 76.5, ""end"": 80.0, ""confidence"": 0.92}]}}}}"
484ce762-689d-4b41-b354-e83ce49bfe39,b0d46c72-5527-4cec-8474-868d1da0eb55,en,true,"{""body"": {""payload"": {""transcription"": {""utterances"": [{""speaker"": 0, ""text"": ""Thanks for meeting with me today! To start, can you tell me about your overall onboarding experience?"", ""start"": 0.5, ""end"": 3.2, ""confidence"": 0.96}, {""speaker"": 1, ""text"": ""Yeah, sure! I\u2019d say it was pretty good overall. I mean, it felt a bit overwhelming at first, you know? But the team was really supportive."", ""start"": 3.5, ""end"": 8.0, ""confidence"": 0.94}, {""speaker"": 0, ""text"": ""That\u2019s great to hear! What specific aspects felt overwhelming to you?"", ""start"": 8.2, ""end"": 10.7, ""confidence"": 0.95}, {""speaker"": 1, ""text"": ""Well, there was just so much information to take in. Like, the software tools, company policies, and the whole culture thing, you know? It was a lot!"", ""start"": 10.9, ""end"": 15.1, ""confidence"": 0.93}, {""speaker"": 0, ""text"": ""Yeah, I can understand that. Did you have any resources or support that helped you along the way?"", ""start"": 15.4, ""end"": 18.0, ""confidence"": 0.96}, {""speaker"": 1, ""text"": ""Definitely! My onboarding buddy was super helpful. They\u2019d check in daily, which made everything feel less daunting. Plus, they shared tips about the workflow."", ""start"": 18.3, ""end"": 23.0, ""confidence"": 0.97}, {""speaker"": 0, ""text"": ""That sounds really supportive! What kind of tips did they share that you found useful?"", ""start"": 23.2, ""end"": 26.5, ""confidence"": 0.94}, {""speaker"": 1, ""text"": ""Oh, like how to prioritize tasks and not get lost in the details. Also, they showed me where to find important documents quickly. Saved me a lot of time!"", ""start"": 26.8, ""end"": 31.5, ""confidence"": 0.96}, {""speaker"": 0, ""text"": ""Awesome! Besides your buddy, did you find any other parts of the onboarding process particularly beneficial?"", ""start"": 31.8, ""end"": 34.9, ""confidence"": 0.95}, {""speaker"": 1, ""text"": ""Yeah, the group orientation sessions were useful too. They had interactive parts that made it easier to connect with colleagues. It felt more personal."", ""start"": 35.2, ""end"": 39.8, ""confidence"": 0.94}, {""speaker"": 0, ""text"": ""That\u2019s a nice touch! Do you think any parts of the onboarding could be improved?"", ""start"": 40.0, ""end"": 43.0, ""confidence"": 0.93}, {""speaker"": 1, ""text"": ""Hmm, maybe just the amount of information. A bit more gradual would help, I think. Like, spreading things out over the first few weeks."", ""start"": 43.3, ""end"": 48.0, ""confidence"": 0.95}, {""speaker"": 0, ""text"": ""That makes sense. So, on a scale from one to ten, how would you rate your onboarding experience?"", ""start"": 48.2, ""end"": 51.0, ""confidence"": 0.96}, {""speaker"": 1, ""text"": ""I'd say an eight. It was good, but yeah, just a bit too much initially."", ""start"": 51.3, ""end"": 54.0, ""confidence"": 0.97}, {""speaker"": 0, ""text"": ""Great! Last question, is there anything you wish you had known before starting?"", ""start"": 54.2, ""end"": 57.0, ""confidence"": 0.95}, {""speaker"": 1, ""text"": ""Maybe just the pace of work here. It's fast, but that's fine, just something to be prepared for, you know?"", ""start"": 57.2, ""end"": 60.0, ""confidence"": 0.94}, {""speaker"": 0, ""text"": ""Absolutely, that\u2019s really helpful feedback. Thanks for sharing! It was great to hear your thoughts."", ""start"": 60.3, ""end"": 63.0, ""confidence"": 0.97}]}}}}"
dae32323-63c6-47c6-bd6e-15a208087b4e,f41ba610-9896-4cd8-9283-65c27d256b6c,en,true,"{""body"": {""payload"": {""transcription"": {""utterances"": [{""speaker"": 0, ""text"": ""Thanks for taking the time to chat today about job satisfaction."", ""start"": 0.5, ""end"": 3.2, ""confidence"": 0.95}, {""speaker"": 1, ""text"": ""Yeah, no problem! It's something I think about a lot."", ""start"": 4.0, ""end"": 6.3, ""confidence"": 0.94}, {""speaker"": 0, ""text"": ""Great! So, what do you think contributes most to your job satisfaction?"", ""start"": 6.5, ""end"": 8.5, ""confidence"": 0.93}, {""speaker"": 1, ""text"": ""Hmm, I\u2019d say the work environment is huge for me. Like, if the vibe is good, I feel motivated."", ""start"": 9.0, ""end"": 12.0, ""confidence"": 0.96}, {""speaker"": 0, ""text"": ""That makes sense. Can you describe what a good work environment looks like for you?"", ""start"": 12.5, ""end"": 15.0, ""confidence"": 0.92}, {""speaker"": 1, ""text"": ""Sure! It\u2019s like, having supportive colleagues, open communication. Oh, and flexibility is key. I hate feeling micromanaged."", ""start"": 15.5, ""end"": 20.1, ""confidence"": 0.91}, {""speaker"": 0, ""text"": ""Flexible work is definitely a big topic lately. Do you think it impacts your productivity?"", ""start"": 20.5, ""end"": 23.5, ""confidence"": 0.96}, {""speaker"": 1, ""text"": ""Absolutely! When I can set my own hours, I\u2019m way more focused. I can work when I feel most energized."", ""start"": 24.0, ""end"": 27.0, ""confidence"": 0.94}, {""speaker"": 0, ""text"": ""Interesting! Have you experienced times when your job satisfaction dipped? What caused that?"", ""start"": 27.5, ""end"": 30.5, ""confidence"": 0.93}, {""speaker"": 1, ""text"": ""Yeah, definitely. There were times when projects felt pointless, or like I wasn\u2019t heard in meetings. That really drained me."", ""start"": 31.0, ""end"": 35.0, ""confidence"": 0.95}, {""speaker"": 0, ""text"": ""That\u2019s tough. So, how did you cope during those times?"", ""start"": 35.5, ""end"": 37.5, ""confidence"": 0.92}, {""speaker"": 1, ""text"": ""I tried to focus on what I could control, like my own tasks. And I talked to my manager about my concerns. Kind of made a difference."", ""start"": 38.0, ""end"": 42.0, ""confidence"": 0.96}, {""speaker"": 0, ""text"": ""That sounds proactive! Do you think feedback plays a role in your job satisfaction?"", ""start"": 42.5, ""end"": 44.5, ""confidence"": 0.91}, {""speaker"": 1, ""text"": ""Oh, for sure! Regular feedback helps me feel valued, like what I\u2019m doing matters. It\u2019s motivating!"", ""start"": 45.0, ""end"": 48.0, ""confidence"": 0.95}, {""speaker"": 0, ""text"": ""And what about growth opportunities? Do they matter to you?"", ""start"": 48.5, ""end"": 50.5, ""confidence"": 0.94}, {""speaker"": 1, ""text"": ""Definitely. I want to know I can progress, learn new skills. If I feel stuck, that's a huge red flag."", ""start"": 51.0, ""end"": 54.0, ""confidence"": 0.92}, {""speaker"": 0, ""text"": ""Makes perfect sense! Last question, what advice would you give to someone seeking more job satisfaction?"", ""start"": 54.5, ""end"": 57.5, ""confidence"": 0.93}, {""speaker"": 1, ""text"": ""Umm, I\u2019d say, really assess what you need. Don\u2019t be afraid to speak up, and if it's not right, don\u2019t hesitate to look elsewhere."", ""start"": 58.0, ""end"": 62.0, ""confidence"": 0.96}]}}}}"
06f599a8-795e-4c20-8abb-2a9f1c16823b,b7b82cc1-99f7-4129-948e-28e0c646c793,en,true,"{""body"": {""payload"": {""transcription"": {""utterances"": [{""speaker"": 0, ""text"": ""Thanks for taking the time to chat today. Let\u2019s dive right in. What does work-life balance mean to you?"", ""start"": 0.5, ""end"": 3.8, ""confidence"": 0.95}, {""speaker"": 1, ""text"": ""Yeah, work-life balance\u2026 I mean, for me, it's about finding that sweet spot where I can do my job well but also have time for my family and, you know, personal stuff. It\u2019s tricky sometimes."", ""start"": 4.0, ""end"": 8.2, ""confidence"": 0.93}, {""speaker"": 0, ""text"": ""Definitely! It can be a real challenge. So, how do you feel about your current work-life balance at your job?"", ""start"": 8.5, ""end"": 11.0, ""confidence"": 0.94}, {""speaker"": 1, ""text"": ""Honestly, it\u2019s a mixed bag. I really enjoy working with my team. We collaborate well and support each other a lot. But then there\u2019s management, and I feel like they don\u2019t quite get it."", ""start"": 11.2, ""end"": 15.5, ""confidence"": 0.92}, {""speaker"": 0, ""text"": ""In what ways do you feel management doesn\u2019t understand your needs?"", ""start"": 15.7, ""end"": 18.0, ""confidence"": 0.91}, {""speaker"": 1, ""text"": ""Well, they often push for longer hours and expect us to be available all the time, you know? Like, there's this pressure to always be on. It makes it hard to really unwind after work."", ""start"": 18.2, ""end"": 23.0, ""confidence"": 0.89}, {""speaker"": 0, ""text"": ""That sounds frustrating. Have you tried discussing this with them?"", ""start"": 23.2, ""end"": 25.5, ""confidence"": 0.92}, {""speaker"": 1, ""text"": ""Yeah, I've brought it up a few times, but it feels like it goes in one ear and out the other. They just nod and then nothing changes, you know?"", ""start"": 25.8, ""end"": 30.0, ""confidence"": 0.9}, {""speaker"": 0, ""text"": ""I can see how that would make you feel unsupported. What do you think could help improve the situation?"", ""start"": 30.2, ""end"": 33.6, ""confidence"": 0.93}, {""speaker"": 1, ""text"": ""Maybe if they could, like, promote more flexible hours or actually encourage taking time off instead of making us feel guilty about it. That would make a huge difference."", ""start"": 33.8, ""end"": 37.5, ""confidence"": 0.88}, {""speaker"": 0, ""text"": ""That\u2019s a great suggestion. It sounds like teamwork is a strength for you, but management needs to step up. How do you see your team helping you maintain that balance?"", ""start"": 37.8, ""end"": 42.0, ""confidence"": 0.92}, {""speaker"": 1, ""text"": ""Absolutely, my teammates are amazing! We often cover for each other, and if someone needs to leave early for a family thing, we just figure it out together. It\u2019s that camaraderie that really helps."", ""start"": 42.2, ""end"": 47.0, ""confidence"": 0.94}, {""speaker"": 0, ""text"": ""That\u2019s really wonderful to hear! It sounds like your team is a big support system for you. When things get tough, how do you cope?"", ""start"": 47.2, ""end"": 51.0, ""confidence"": 0.91}, {""speaker"": 1, ""text"": ""I try to set small goals and take breaks when I can. Also, I talk to my friends outside of work\u2014just to vent sometimes. It helps clear my mind a little."", ""start"": 51.3, ""end"": 55.1, ""confidence"": 0.9}, {""speaker"": 0, ""text"": ""That\u2019s a good strategy! Balancing all of that can be demanding. Any final thoughts on what work-life balance means to you and how it could be improved?"", ""start"": 55.3, ""end"": 59.0, ""confidence"": 0.93}, {""speaker"": 1, ""text"": ""Just that it\u2019s essential, you know? If I\u2019m not balanced, it affects my work and my happiness. I really wish management would prioritize that\u2014it would benefit everyone in the long run."", ""start"": 59.2, ""end"": 63.0, ""confidence"": 0.92}]}}}}"
2d11a9be-f668-4d39-bbed-4793363823a4,6b74b838-bd51-4f6b-a0e2-eb782d310ebe,en,true,"{""body"": {""payload"": {""transcription"": {""utterances"": [{""speaker"": 0, ""text"": ""Thanks for taking the time to chat with me today about performance reviews."", ""start"": 0.5, ""end"": 5.0, ""confidence"": 0.95}, {""speaker"": 1, ""text"": ""No problem, I think it's a really important topic."", ""start"": 5.1, ""end"": 8.0, ""confidence"": 0.93}, {""speaker"": 0, ""text"": ""Great! So, how do you usually feel about the performance review process?"", ""start"": 8.1, ""end"": 11.5, ""confidence"": 0.96}, {""speaker"": 1, ""text"": ""Honestly, I have mixed feelings. Sometimes it feels really helpful, but other times, it can be... a bit stressful, you know?"", ""start"": 11.6, ""end"": 17.0, ""confidence"": 0.92}, {""speaker"": 0, ""text"": ""Yeah, I can see that. What makes it stressful for you?"", ""start"": 17.1, ""end"": 19.5, ""confidence"": 0.94}, {""speaker"": 1, ""text"": ""Well, I guess it's the pressure to perform well and, uh, to meet expectations. Plus, the feedback can sometimes be vague."", ""start"": 19.6, ""end"": 25.0, ""confidence"": 0.91}, {""speaker"": 0, ""text"": ""That makes sense. Can you give me an example of vague feedback you\u2019ve received?"", ""start"": 25.1, ""end"": 29.0, ""confidence"": 0.95}, {""speaker"": 1, ""text"": ""Sure! Like, one time, my manager said I need to be more 'proactive.' But they didn't really explain what that meant in my context."", ""start"": 29.1, ""end"": 36.0, ""confidence"": 0.89}, {""speaker"": 0, ""text"": ""That sounds frustrating. How do you usually respond to feedback like that?"", ""start"": 36.1, ""end"": 39.5, ""confidence"": 0.96}, {""speaker"": 1, ""text"": ""I try to ask for clarification, but sometimes it feels like a struggle. You don\u2019t want to seem like you're not understanding, right?"", ""start"": 39.6, ""end"": 46.0, ""confidence"": 0.94}, {""speaker"": 0, ""text"": ""Definitely. What do you think would help improve the performance review process?"", ""start"": 46.1, ""end"": 48.9, ""confidence"": 0.97}, {""speaker"": 1, ""text"": ""I think more specific feedback would help a lot, and maybe having regular check-ins throughout the year. It\u2019d feel less overwhelming."", ""start"": 49.0, ""end"": 55.0, ""confidence"": 0.92}, {""speaker"": 0, ""text"": ""That sounds really practical. How often do you think those check-ins should happen?"", ""start"": 55.1, ""end"": 59.0, ""confidence"": 0.95}, {""speaker"": 1, ""text"": ""Maybe quarterly? Just enough to keep things on track without being too much."", ""start"": 59.1, ""end"": 62.5, ""confidence"": 0.93}, {""speaker"": 0, ""text"": ""Got it. So, what role do you think managers play in making reviews effective?"", ""start"": 62.6, ""end"": 66.0, ""confidence"": 0.96}, {""speaker"": 1, ""text"": ""They should be more like coaches, I think. Encouraging growth, not just evaluating performance."", ""start"": 66.1, ""end"": 71.0, ""confidence"": 0.94}, {""speaker"": 0, ""text"": ""That's an interesting perspective. How do you feel when you get constructive feedback?"", ""start"": 71.1, ""end"": 74.0, ""confidence"": 0.95}, {""speaker"": 1, ""text"": ""I appreciate it, but it can still be a bit hard to swallow sometimes. It\u2019s all about delivery, I guess."", ""start"": 74.1, ""end"": 80.0, ""confidence"": 0.92}]}}}}"
ffe22738-5848-4b7b-8016-0c6af1aba5ee,6b74b838-bd51-4f6b-a0e2-eb782d310ebe,en,true,"{""body"": {""payload"": {""transcription"": {""utterances"": [{""speaker"": 0, ""text"": ""Thanks for agreeing to chat today. Can you tell me a bit about your current career situation?"", ""start"": 0.5, ""end"": 4.2, ""confidence"": 0.96}, {""speaker"": 1, ""text"": ""Sure! So, I\u2019m currently working as a marketing coordinator at a tech startup. It\u2019s been a really interesting experience."", ""start"": 4.5, ""end"": 8.0, ""confidence"": 0.94}, {""speaker"": 0, ""text"": ""That sounds exciting! What do you love most about your job?"", ""start"": 8.3, ""end"": 11.0, ""confidence"": 0.95}, {""speaker"": 1, ""text"": ""I think it\u2019s the creativity involved. I get to think outside the box and come up with campaigns that really resonate with our audience."", ""start"": 11.5, ""end"": 15.0, ""confidence"": 0.93}, {""speaker"": 0, ""text"": ""Nice! So, what are your career goals moving forward? Do you have a specific direction you want to take?"", ""start"": 15.3, ""end"": 19.0, ""confidence"": 0.97}, {""speaker"": 1, ""text"": ""Yeah, I\u2019ve been thinking about that a lot. Ideally, I want to move into a management position within marketing. Like, leading a team would be great."", ""start"": 19.5, ""end"": 24.0, ""confidence"": 0.92}, {""speaker"": 0, ""text"": ""That\u2019s a great goal! What do you think it takes to get there?"", ""start"": 24.2, ""end"": 27.5, ""confidence"": 0.96}, {""speaker"": 1, ""text"": ""I believe it's about gaining more experience and developing my leadership skills. I also want to network more within the industry."", ""start"": 28.0, ""end"": 33.0, ""confidence"": 0.94}, {""speaker"": 0, ""text"": ""Networking is so important. Have you thought about any specific steps to build those connections?"", ""start"": 33.5, ""end"": 37.0, ""confidence"": 0.95}, {""speaker"": 1, ""text"": ""Yeah, definitely! I plan on attending more industry conferences and joining some marketing groups online. It\u2019s all about making those connections, right?"", ""start"": 37.5, ""end"": 42.0, ""confidence"": 0.93}, {""speaker"": 0, ""text"": ""Absolutely. What challenges do you think you might face in achieving those goals?"", ""start"": 42.3, ""end"": 46.0, ""confidence"": 0.96}, {""speaker"": 1, ""text"": ""I guess one challenge is competition. There are so many talented folks out there, and it can feel a bit overwhelming."", ""start"": 46.5, ""end"": 51.0, ""confidence"": 0.91}, {""speaker"": 0, ""text"": ""That makes sense. How do you plan to overcome that feeling of being overwhelmed?"", ""start"": 51.3, ""end"": 55.0, ""confidence"": 0.94}, {""speaker"": 1, ""text"": ""I think it\u2019s about focusing on my own journey. Like, setting small, achievable goals instead of stressing about the bigger picture."", ""start"": 55.5, ""end"": 59.5, ""confidence"": 0.92}, {""speaker"": 0, ""text"": ""Good approach! How do you stay motivated when you hit obstacles?"", ""start"": 59.8, ""end"": 62.5, ""confidence"": 0.95}, {""speaker"": 1, ""text"": ""I try to remind myself why I started in the first place. And also, talking to mentors helps a lot. They give great perspective."", ""start"": 63.0, ""end"": 67.0, ""confidence"": 0.93}, {""speaker"": 0, ""text"": ""Mentorship can be really valuable. Do you have a mentor you look up to?"", ""start"": 67.2, ""end"": 70.0, ""confidence"": 0.96}, {""speaker"": 1, ""text"": ""Yes! I have a former boss who's been really supportive. She\u2019s always there to provide advice and encouragement."", ""start"": 70.5, ""end"": 74.0, ""confidence"": 0.95}, {""speaker"": 0, ""text"": ""That\u2019s fantastic. Last question: what\u2019s one piece of advice you\u2019d give someone just starting out in their career?"", ""start"": 74.3, ""end"": 78.0, ""confidence"": 0.96}, {""speaker"": 1, ""text"": ""I\u2019d say, don\u2019t be afraid to take risks. Try different roles and don\u2019t stick to just one path. You never know what you might love."", ""start"": 78.5, ""end"": 82.0, ""confidence"": 0.94}]}}}}"
4022ffa1-2313-4736-b615-b2e3f940fa5e,b7b82cc1-99f7-4129-948e-28e0c646c793,en,true,"{""body"": {""payload"": {""transcription"": {""utterances"": [{""speaker"": 0, ""text"": ""Thanks for meeting with me today. To start, can you tell me a bit about your current team?"", ""start"": 0.5, ""end"": 3.2, ""confidence"": 0.96}, {""speaker"": 1, ""text"": ""Sure! So, I work in a marketing team that\u2019s pretty diverse in terms of skills and backgrounds. We\u2019ve got people from design, content writing, and even some data analytics folks."", ""start"": 3.5, ""end"": 7.5, ""confidence"": 0.94}, {""speaker"": 0, ""text"": ""That sounds interesting! How would you describe the dynamics in your team?"", ""start"": 7.8, ""end"": 10.1, ""confidence"": 0.93}, {""speaker"": 1, ""text"": ""Um, well, I\u2019d say it\u2019s mostly collaborative. We have regular brainstorming sessions, and it\u2019s great because everyone encourages each other to share ideas. But, there are times when\u2026 you know, some members are quieter."", ""start"": 10.3, ""end"": 15.4, ""confidence"": 0.92}, {""speaker"": 0, ""text"": ""Right. How do you handle those quieter members in the discussions?"", ""start"": 15.6, ""end"": 17.2, ""confidence"": 0.95}, {""speaker"": 1, ""text"": ""I think it\u2019s really about creating a safe space for everyone. Like, if someone isn\u2019t speaking up, I try to ask them directly for their thoughts. Sometimes they just need a little nudge."", ""start"": 17.5, ""end"": 21.0, ""confidence"": 0.91}, {""speaker"": 0, ""text"": ""That\u2019s a good approach! Do you think the team\u2019s diversity impacts the way you work together?"", ""start"": 21.3, ""end"": 24.0, ""confidence"": 0.94}, {""speaker"": 1, ""text"": ""Definitely! Having different perspectives helps us tackle problems from various angles. It can be challenging at times, though, especially when we have different opinions on strategies."", ""start"": 24.2, ""end"": 29.0, ""confidence"": 0.95}, {""speaker"": 0, ""text"": ""How do you resolve those differences in opinions?"", ""start"": 29.3, ""end"": 31.0, ""confidence"": 0.92}, {""speaker"": 1, ""text"": ""Honestly, we usually end up having open discussions where everyone lays out their points. We focus on being respectful and trying to find common ground, which\u2026 can lead to some really creative solutions."", ""start"": 31.2, ""end"": 36.5, ""confidence"": 0.93}, {""speaker"": 0, ""text"": ""Sounds productive! Can you share a specific instance where this collaboration really paid off?"", ""start"": 36.8, ""end"": 40.0, ""confidence"": 0.92}, {""speaker"": 1, ""text"": ""Sure! There was this one project where we were redesigning our website. We had a lot of back and forth, but eventually, combining the designer's visuals with the data insights led us to an amazing end product that... really boosted our engagement rates."", ""start"": 40.2, ""end"": 47.2, ""confidence"": 0.94}, {""speaker"": 0, ""text"": ""That\u2019s awesome! What role do you think leadership plays in team dynamics?"", ""start"": 47.5, ""end"": 50.0, ""confidence"": 0.95}, {""speaker"": 1, ""text"": ""I think it\u2019s crucial. A good leader sets the tone for the team. They need to foster that open dialogue and be approachable. If someone feels like they can\u2019t talk to their leader, it can really affect the teamwork."", ""start"": 50.2, ""end"": 55.0, ""confidence"": 0.96}, {""speaker"": 0, ""text"": ""Absolutely! Any final thoughts on how to improve team dynamics?"", ""start"": 55.3, ""end"": 58.0, ""confidence"": 0.94}, {""speaker"": 1, ""text"": ""Yeah, I think regular team-building activities can help. Just to strengthen those relationships outside of work tasks. Plus, being honest and encouraging feedback goes a long way."", ""start"": 58.2, ""end"": 63.2, ""confidence"": 0.93}, {""speaker"": 0, ""text"": ""Great insights! Thanks for sharing your experiences."", ""start"": 63.5, ""end"": 66.0, ""confidence"": 0.95}, {""speaker"": 1, ""text"": ""Thank you! Glad to share."", ""start"": 66.3, ""end"": 67.5, ""confidence"": 0.97}]}}}}"
754856ed-454d-47c4-9535-eb9ba1b310ee,b0d46c72-5527-4cec-8474-868d1da0eb55,en,true,"{""body"": {""payload"": {""transcription"": {""utterances"": [{""speaker"": 0, ""text"": ""Thanks for taking the time to chat with me today."", ""start"": 0.5, ""end"": 3.0, ""confidence"": 0.95}, {""speaker"": 1, ""text"": ""Yeah, no problem! It's good to be here."", ""start"": 3.5, ""end"": 5.0, ""confidence"": 0.96}, {""speaker"": 0, ""text"": ""Great! So, to kick things off, can you tell me about a recent conflict you had at work?"", ""start"": 5.5, ""end"": 8.5, ""confidence"": 0.94}, {""speaker"": 1, ""text"": ""Sure, um, there was this project deadline that got moved up, and my team was totally unprepared."", ""start"": 9.0, ""end"": 13.0, ""confidence"": 0.93}, {""speaker"": 0, ""text"": ""That sounds stressful. How did you and your team handle that situation?"", ""start"": 13.5, ""end"": 16.0, ""confidence"": 0.95}, {""speaker"": 1, ""text"": ""Well, at first, we were all kinda panicking, you know? But then, we sat down and talked it through."", ""start"": 16.5, ""end"": 20.0, ""confidence"": 0.91}, {""speaker"": 0, ""text"": ""What did that conversation look like? Any key moments?"", ""start"": 20.5, ""end"": 23.0, ""confidence"": 0.93}, {""speaker"": 1, ""text"": ""Definitely. It was important for everyone to voice their concerns, like, who was overloaded and stuff. We got, um, really honest about our limitations."", ""start"": 23.5, ""end"": 29.0, ""confidence"": 0.92}, {""speaker"": 0, ""text"": ""Sounds like a good approach. Did you come to any resolutions during that talk?"", ""start"": 29.5, ""end"": 32.5, ""confidence"": 0.94}, {""speaker"": 1, ""text"": ""Yeah, we did. We prioritized the tasks and, um, delegated more effectively. It helped a lot."", ""start"": 33.0, ""end"": 36.5, ""confidence"": 0.93}, {""speaker"": 0, ""text"": ""Nice! So, what's your personal style when it comes to resolving conflicts?"", ""start"": 37.0, ""end"": 39.5, ""confidence"": 0.94}, {""speaker"": 1, ""text"": ""I guess I try to be pretty open-minded. I listen a lot and, um, I find common ground where I can."", ""start"": 40.0, ""end"": 43.5, ""confidence"": 0.92}, {""speaker"": 0, ""text"": ""Do you think that helps in, like, de-escalating the situation?"", ""start"": 44.0, ""end"": 46.0, ""confidence"": 0.95}, {""speaker"": 1, ""text"": ""Totally! People feel heard, you know? It makes them less defensive. Like, if they feel understood, they\u2019re more willing to cooperate."", ""start"": 46.5, ""end"": 51.0, ""confidence"": 0.94}, {""speaker"": 0, ""text"": ""That makes sense. Have you had any experiences where it didn\u2019t go well?"", ""start"": 51.5, ""end"": 54.0, ""confidence"": 0.92}, {""speaker"": 1, ""text"": ""Oh, for sure. There was one time when I didn\u2019t listen enough, and it just blew up. It taught me a lot."", ""start"": 54.5, ""end"": 58.0, ""confidence"": 0.91}, {""speaker"": 0, ""text"": ""What did you take away from that?"", ""start"": 58.5, ""end"": 60.5, ""confidence"": 0.94}, {""speaker"": 1, ""text"": ""I learned that, like, being attentive is key. And sometimes, even a small acknowledgment can change everything."", ""start"": 61.0, ""end"": 64.5, ""confidence"": 0.93}]}}}}"
182747e5-0797-478d-921e-b1043f012e4f,6b74b838-bd51-4f6b-a0e2-eb782d310ebe,en,true,"{""body"": {""payload"": {""transcription"": {""utterances"": [{""speaker"": 0, ""text"": ""Thanks for taking the time to chat with me today."", ""start"": 0.5, ""end"": 2.3, ""confidence"": 0.95}, {""speaker"": 1, ""text"": ""Yeah, no problem! I'm actually excited to discuss this."", ""start"": 2.8, ""end"": 4.5, ""confidence"": 0.97}, {""speaker"": 0, ""text"": ""Great! So, how has remote work been for you overall?"", ""start"": 5.0, ""end"": 6.5, ""confidence"": 0.93}, {""speaker"": 1, ""text"": ""Honestly, it's been a mixed bag. Like, I love the flexibility, but sometimes, it feels isolating."", ""start"": 6.8, ""end"": 9.5, ""confidence"": 0.94}, {""speaker"": 0, ""text"": ""Yeah, I can imagine. What do you think you miss most about being in the office?"", ""start"": 10.0, ""end"": 11.8, ""confidence"": 0.92}, {""speaker"": 1, ""text"": ""Definitely the social interactions. Just casual chats with colleagues, you know? It adds so much to the workday."", ""start"": 12.1, ""end"": 15.0, ""confidence"": 0.96}, {""speaker"": 0, ""text"": ""Totally! Have you found any ways to stay connected with your team?"", ""start"": 15.5, ""end"": 17.0, ""confidence"": 0.91}, {""speaker"": 1, ""text"": ""We do virtual coffee breaks, which are nice. But it\u2019s not the same as grabbing lunch together."", ""start"": 17.3, ""end"": 20.0, ""confidence"": 0.94}, {""speaker"": 0, ""text"": ""Makes sense. How do you think remote work impacts productivity?"", ""start"": 20.5, ""end"": 22.0, ""confidence"": 0.93}, {""speaker"": 1, ""text"": ""It depends. For me, I can focus better without the office distractions, but others might struggle with motivation at home."", ""start"": 22.3, ""end"": 26.0, ""confidence"": 0.95}, {""speaker"": 0, ""text"": ""Interesting point! Have you noticed any changes in your work-life balance since you started remote work?"", ""start"": 26.5, ""end"": 29.0, ""confidence"": 0.92}, {""speaker"": 1, ""text"": ""Yeah, it\u2019s kind of blurry now. I find myself working later, just because it's so easy to check emails."", ""start"": 29.3, ""end"": 32.0, ""confidence"": 0.93}, {""speaker"": 0, ""text"": ""That's a common struggle, for sure. What strategies have you tried to manage that?"", ""start"": 32.5, ""end"": 34.5, ""confidence"": 0.91}, {""speaker"": 1, ""text"": ""I've set stricter boundaries. Like, I try to log off at a set time, but it's tough, honestly."", ""start"": 35.0, ""end"": 37.5, ""confidence"": 0.94}, {""speaker"": 0, ""text"": ""I get that. So, what do you think could make remote work better for you?"", ""start"": 38.0, ""end"": 40.0, ""confidence"": 0.92}, {""speaker"": 1, ""text"": ""More team-building activities, maybe? Just to foster that sense of community again."", ""start"": 40.3, ""end"": 42.5, ""confidence"": 0.95}, {""speaker"": 0, ""text"": ""Great idea! Is there anything else you\u2019d like to add about your remote work experience?"", ""start"": 43.0, ""end"": 45.0, ""confidence"": 0.93}, {""speaker"": 1, ""text"": ""Just that it\u2019s been a learning curve. Adapting to it all takes time, but I think we\u2019ll get there."", ""start"": 45.5, ""end"": 48.0, ""confidence"": 0.96}]}}}}"
d6fc1590-6aa3-4d99-bf37-b0e13e51cff6,6b74b838-bd51-4f6b-a0e2-eb782d310ebe,en,true,"{""body"": {""payload"": {""transcription"": {""utterances"": [{""speaker"": 0, ""text"": ""Thanks for coming in today. I want to chat a bit about salary expectations."", ""start"": 0.5, ""end"": 3.2, ""confidence"": 0.95}, {""speaker"": 1, ""text"": ""Sure, that sounds good. Salary is definitely an important topic."", ""start"": 3.5, ""end"": 6.0, ""confidence"": 0.96}, {""speaker"": 0, ""text"": ""Absolutely. So, can you tell me what your salary expectations are for this role?"", ""start"": 6.2, ""end"": 8.7, ""confidence"": 0.94}, {""speaker"": 1, ""text"": ""Well, I\u2019ve been thinking about it, and considering my experience and the market rates, I\u2019d say around, um, seventy to eighty thousand a year."", ""start"": 9.0, ""end"": 12.5, ""confidence"": 0.91}, {""speaker"": 0, ""text"": ""That\u2019s a reasonable range. What factors did you consider when coming up with that number?"", ""start"": 12.7, ""end"": 15.2, ""confidence"": 0.93}, {""speaker"": 1, ""text"": ""Mainly my previous salary, and, you know, also the job responsibilities. Plus, I did some research on industry standards."", ""start"": 15.5, ""end"": 18.2, ""confidence"": 0.92}, {""speaker"": 0, ""text"": ""Makes sense. Have you looked into benefits or other compensations that could influence your expectations?"", ""start"": 18.5, ""end"": 21.1, ""confidence"": 0.95}, {""speaker"": 1, ""text"": ""Yeah, definitely. Health benefits, retirement options, and even, like, bonuses can really add up. I think they\u2019re super important."", ""start"": 21.3, ""end"": 25.0, ""confidence"": 0.94}, {""speaker"": 0, ""text"": ""Right, benefits play a huge role. If you found a job that offered a bit less in salary but amazing benefits, how would you feel about that?"", ""start"": 25.2, ""end"": 29.0, ""confidence"": 0.92}, {""speaker"": 1, ""text"": ""I think I\u2019d have to weigh it out, you know? If the benefits are top-notch, I might be okay with a lower salary."", ""start"": 29.3, ""end"": 32.8, ""confidence"": 0.93}, {""speaker"": 0, ""text"": ""That\u2019s a good perspective. Have you ever had to negotiate your salary before?"", ""start"": 33.0, ""end"": 35.5, ""confidence"": 0.91}, {""speaker"": 1, ""text"": ""Yeah, actually. At my last job, I negotiated a bit. It was kinda nerve-racking, to be honest."", ""start"": 35.7, ""end"": 39.2, ""confidence"": 0.9}, {""speaker"": 0, ""text"": ""I can imagine! What strategies did you use during that negotiation?"", ""start"": 39.5, ""end"": 42.1, ""confidence"": 0.95}, {""speaker"": 1, ""text"": ""I did my homework, gathered data on average salaries for my position. And I was ready to explain why I deserved a higher pay."", ""start"": 42.3, ""end"": 46.0, ""confidence"": 0.92}, {""speaker"": 0, ""text"": ""Smart move! So, do you feel more confident in negotiating now compared to before?"", ""start"": 46.2, ""end"": 49.0, ""confidence"": 0.93}, {""speaker"": 1, ""text"": ""Yeah, definitely. I learned a lot from that experience, so I\u2019m feeling more prepared for future negotiations."", ""start"": 49.2, ""end"": 52.5, ""confidence"": 0.94}, {""speaker"": 0, ""text"": ""That\u2019s great to hear. Lastly, if you could give one piece of advice to someone negotiating their salary, what would it be?"", ""start"": 52.7, ""end"": 56.0, ""confidence"": 0.96}, {""speaker"": 1, ""text"": ""I\u2019d say, just be honest and know your worth. Don\u2019t be afraid to ask for what you deserve."", ""start"": 56.2, ""end"": 59.5, ""confidence"": 0.97}]}}}}"
4ea782a5-8dd8-4639-886f-2ac285ded322,b0d46c72-5527-4cec-8474-868d1da0eb55,en,true,"{""body"": {""payload"": {""transcription"": {""utterances"": [{""speaker"": 0, ""text"": ""Thanks for taking the time to talk with me today about company culture."", ""start"": 0.5, ""end"": 3.0, ""confidence"": 0.94}, {""speaker"": 1, ""text"": ""Yeah, no problem! It\u2019s an interesting topic."", ""start"": 3.5, ""end"": 5.2, ""confidence"": 0.92}, {""speaker"": 0, ""text"": ""Great! So, how would you describe the company culture here?"", ""start"": 5.7, ""end"": 8.0, ""confidence"": 0.93}, {""speaker"": 1, ""text"": ""Well, I think it\u2019s really collaborative. I mean, the team vibe is awesome. Everyone\u2019s pretty open and willing to help each other out."", ""start"": 8.5, ""end"": 13.0, ""confidence"": 0.95}, {""speaker"": 0, ""text"": ""That\u2019s good to hear. Can you give me an example of that teamwork in action?"", ""start"": 13.5, ""end"": 15.8, ""confidence"": 0.91}, {""speaker"": 1, ""text"": ""Sure! Like, last week, we had this big project coming up, and everyone just jumped in. We held brainstorming sessions, and people contributed ideas freely. It felt\u2026 united, you know?"", ""start"": 16.3, ""end"": 22.0, ""confidence"": 0.96}, {""speaker"": 0, ""text"": ""Sounds really supportive. But what about management? How do they fit into that culture?"", ""start"": 22.5, ""end"": 25.0, ""confidence"": 0.89}, {""speaker"": 1, ""text"": ""Ah, well, that\u2019s where it gets a bit tricky. The management style is, um, a bit top-down, I\u2019d say. They tend to make decisions without really consulting the team sometimes."", ""start"": 25.5, ""end"": 30.2, ""confidence"": 0.9}, {""speaker"": 0, ""text"": ""I see. How does that impact the team?"", ""start"": 30.7, ""end"": 32.5, ""confidence"": 0.94}, {""speaker"": 1, ""text"": ""Honestly, it can be frustrating. Like, we\u2019ll come up with great ideas, but then they\u2019re kind of ignored. It feels like there\u2019s a disconnect, you know?"", ""start"": 33.0, ""end"": 37.2, ""confidence"": 0.95}, {""speaker"": 0, ""text"": ""That does sound frustrating. Do you think it affects morale?"", ""start"": 37.7, ""end"": 40.0, ""confidence"": 0.92}, {""speaker"": 1, ""text"": ""A bit, yeah. When we\u2019re super engaged, but then it\u2019s like, the decisions come down from above and don\u2019t match up with what we think is best, it\u2019s deflating."", ""start"": 40.5, ""end"": 46.0, ""confidence"": 0.94}, {""speaker"": 0, ""text"": ""So, it\u2019s like a mixed bag of sorts? Good teamwork but some gaps in leadership?"", ""start"": 46.5, ""end"": 49.0, ""confidence"": 0.93}, {""speaker"": 1, ""text"": ""Exactly! I love the team, but management could really improve on listening to us and being more open to feedback."", ""start"": 49.5, ""end"": 52.3, ""confidence"": 0.96}, {""speaker"": 0, ""text"": ""That\u2019s a fair point. Any suggestions on how they could better engage the team?"", ""start"": 52.8, ""end"": 55.0, ""confidence"": 0.92}, {""speaker"": 1, ""text"": ""Definitely. Maybe more regular check-ins or, like, collaborative meetings where we can discuss strategies together would help."", ""start"": 55.5, ""end"": 59.0, ""confidence"": 0.95}, {""speaker"": 0, ""text"": ""Those sound like solid ideas. Thank you for sharing your thoughts with me!"", ""start"": 59.5, ""end"": 61.0, ""confidence"": 0.97}, {""speaker"": 1, ""text"": ""No problem! Happy to help."", ""start"": 61.5, ""end"": 63.0, ""confidence"": 0.96}]}}}}"
2eea03e1-cc23-49ef-ba00-7dc612697db7,f41ba610-9896-4cd8-9283-65c27d256b6c,en,true,"{""body"": {""payload"": {""transcription"": {""utterances"": [{""speaker"": 0, ""text"": ""Thanks for sitting down with me today."", ""start"": 0.5, ""end"": 3.0, ""confidence"": 0.95}, {""speaker"": 1, ""text"": ""No problem, happy to help."", ""start"": 3.5, ""end"": 5.0, ""confidence"": 0.96}, {""speaker"": 0, ""text"": ""So, let's dive into your onboarding experience. How would you describe it overall?"", ""start"": 5.2, ""end"": 8.5, ""confidence"": 0.94}, {""speaker"": 1, ""text"": ""Um, overall, I think it was pretty good. I mean, there were some bumps, but... it felt welcoming, you know?"", ""start"": 8.8, ""end"": 12.0, ""confidence"": 0.93}, {""speaker"": 0, ""text"": ""That's great to hear! Could you tell me more about those bumps you mentioned?"", ""start"": 12.3, ""end"": 14.5, ""confidence"": 0.92}, {""speaker"": 1, ""text"": ""Sure. Like, I didn't get all the necessary training materials right away. It took a few days to sort that out."", ""start"": 14.8, ""end"": 18.5, ""confidence"": 0.91}, {""speaker"": 0, ""text"": ""I see. That must have been a bit frustrating. How did that impact your first days?"", ""start"": 18.7, ""end"": 21.2, ""confidence"": 0.93}, {""speaker"": 1, ""text"": ""Yeah, definitely. I felt a bit lost at times. But my team was super helpful, which made it better."", ""start"": 21.5, ""end"": 24.0, ""confidence"": 0.95}, {""speaker"": 0, ""text"": ""That's good to know! Did you have a mentor or someone who helped guide you?"", ""start"": 24.3, ""end"": 26.5, ""confidence"": 0.94}, {""speaker"": 1, ""text"": ""Yeah! I was paired with someone who was really experienced. They were awesome, always available to answer my questions."", ""start"": 26.8, ""end"": 30.0, ""confidence"": 0.97}, {""speaker"": 0, ""text"": ""That sounds beneficial. What specific aspects did they help you with?"", ""start"": 30.3, ""end"": 33.0, ""confidence"": 0.93}, {""speaker"": 1, ""text"": ""Mostly just understanding the tools we use and the workflow. I felt more confident after a few sessions with them."", ""start"": 33.3, ""end"": 37.0, ""confidence"": 0.95}, {""speaker"": 0, ""text"": ""That's awesome! Were there any onboarding activities that stood out to you?"", ""start"": 37.3, ""end"": 39.5, ""confidence"": 0.92}, {""speaker"": 1, ""text"": ""Oh, definitely the team lunch. It was really nice to meet everyone in a casual setting, you know?"", ""start"": 39.8, ""end"": 42.5, ""confidence"": 0.94}, {""speaker"": 0, ""text"": ""Sounds lovely! How did that change your perspective on the team?"", ""start"": 42.8, ""end"": 45.0, ""confidence"": 0.93}, {""speaker"": 1, ""text"": ""It made me feel more connected, like, it was easier to approach them later on. Just made the whole environment feel friendly."", ""start"": 45.3, ""end"": 49.0, ""confidence"": 0.96}, {""speaker"": 0, ""text"": ""Great to hear! If you could change one thing about the onboarding process, what would it be?"", ""start"": 49.3, ""end"": 53.0, ""confidence"": 0.92}, {""speaker"": 1, ""text"": ""Hmm, maybe just streamline the access to training materials right from the start? That would clear up a lot of confusion."", ""start"": 53.3, ""end"": 56.5, ""confidence"": 0.95}]}}}}"
2fc68e1c-174f-4b3d-9681-c10450e43890,b7b82cc1-99f7-4129-948e-28e0c646c793,en,true,"{""body"": {""payload"": {""transcription"": {""utterances"": [{""speaker"": 0, ""text"": ""Thanks for taking the time to chat today about job satisfaction."", ""start"": 0.5, ""end"": 3.0, ""confidence"": 0.95}, {""speaker"": 1, ""text"": ""Yeah, no problem! Excited to share my thoughts."", ""start"": 3.5, ""end"": 5.0, ""confidence"": 0.94}, {""speaker"": 0, ""text"": ""Great! So, what does job satisfaction mean to you?"", ""start"": 5.5, ""end"": 7.5, ""confidence"": 0.96}, {""speaker"": 1, ""text"": ""Hmm, to me, it\u2019s about feeling valued, you know? Like, when I feel my work\u2019s appreciated."", ""start"": 8.0, ""end"": 11.0, ""confidence"": 0.93}, {""speaker"": 0, ""text"": ""Absolutely, appreciation can make a big difference. Can you think of a time when you felt particularly satisfied at work?"", ""start"": 11.5, ""end"": 14.5, ""confidence"": 0.97}, {""speaker"": 1, ""text"": ""Yeah, actually, last year, I led a project that went really well. My manager praised the team, and it just felt... amazing."", ""start"": 15.0, ""end"": 18.0, ""confidence"": 0.95}, {""speaker"": 0, ""text"": ""That sounds rewarding! What specifically made that project stand out for you?"", ""start"": 18.5, ""end"": 21.0, ""confidence"": 0.94}, {""speaker"": 1, ""text"": ""Well, I think it was the teamwork. Everyone was on board, and we actually communicated well."", ""start"": 21.5, ""end"": 24.5, ""confidence"": 0.96}, {""speaker"": 0, ""text"": ""Communication is key! Do you feel like that\u2019s common in your workplace?"", ""start"": 25.0, ""end"": 27.0, ""confidence"": 0.97}, {""speaker"": 1, ""text"": ""Not always, to be honest. There are times when it feels like people just... do their own thing. It can be frustrating."", ""start"": 27.5, ""end"": 31.0, ""confidence"": 0.92}, {""speaker"": 0, ""text"": ""I can imagine. So what would you say contributes to your overall job satisfaction?"", ""start"": 31.5, ""end"": 34.5, ""confidence"": 0.96}, {""speaker"": 1, ""text"": ""Definitely factors like recognition, work-life balance, and the variety of tasks. I get bored easily, so keeping it fresh helps."", ""start"": 35.0, ""end"": 39.0, ""confidence"": 0.93}, {""speaker"": 0, ""text"": ""That makes sense. Balancing tasks can really help keep motivation up. How do you usually manage stress at work?"", ""start"": 39.5, ""end"": 43.0, ""confidence"": 0.94}, {""speaker"": 1, ""text"": ""Oh, I try to take breaks when I can, maybe go for a walk or just step away for a few minutes. It really helps clear my head."", ""start"": 43.5, ""end"": 47.0, ""confidence"": 0.95}, {""speaker"": 0, ""text"": ""Sounds like a good strategy! Have you noticed any changes in your satisfaction recently?"", ""start"": 47.5, ""end"": 50.0, ""confidence"": 0.96}, {""speaker"": 1, ""text"": ""Yeah, actually. With the new management, there\u2019s been more focus on employee feedback, which makes me feel... more involved, I guess."", ""start"": 50.5, ""end"": 54.0, ""confidence"": 0.94}, {""speaker"": 0, ""text"": ""That\u2019s a positive change! Last question, if you could suggest one thing to improve job satisfaction in your workplace, what would it be?"", ""start"": 54.5, ""end"": 58.0, ""confidence"": 0.97}, {""speaker"": 1, ""text"": ""Oh, probably more team-building activities. Just to strengthen those connections and improve communication. It\u2019d make a big difference."", ""start"": 58.5, ""end"": 62.0, ""confidence"": 0.96}]}}}}"
b08e3feb-12e2-4bfb-b8ad-05cafe1fb5a7,f41ba610-9896-4cd8-9283-65c27d256b6c,en,true,"{""body"": {""payload"": {""transcription"": {""utterances"": [{""speaker"": 0, ""text"": ""Thanks for taking the time to chat with me today about work-life balance."", ""start"": 0.0, ""end"": 5.0, ""confidence"": 0.98}, {""speaker"": 1, ""text"": ""Yeah, no problem! I think it's really important."", ""start"": 5.5, ""end"": 8.0, ""confidence"": 0.96}, {""speaker"": 0, ""text"": ""So, how's your current role in terms of balance? Do you feel like you manage that well?"", ""start"": 8.5, ""end"": 12.5, ""confidence"": 0.94}, {""speaker"": 1, ""text"": ""Um, I mean, I generally like my job, you know? But, there are days when it really feels overwhelming."", ""start"": 13.0, ""end"": 18.0, ""confidence"": 0.92}, {""speaker"": 0, ""text"": ""What do you find overwhelming?"", ""start"": 18.5, ""end"": 20.5, ""confidence"": 0.95}, {""speaker"": 1, ""text"": ""Well, it's like, you know, the deadlines can be pretty tight, and sometimes I just feel like it's hard to keep up."", ""start"": 21.0, ""end"": 27.0, ""confidence"": 0.93}, {""speaker"": 0, ""text"": ""That sounds tough. Do you think that affects your personal time?"", ""start"": 27.5, ""end"": 30.0, ""confidence"": 0.96}, {""speaker"": 1, ""text"": ""Definitely, yeah. I mean, I say I like it, but when I\u2019m working late, it really cuts into my free time."", ""start"": 30.5, ""end"": 35.5, ""confidence"": 0.91}, {""speaker"": 0, ""text"": ""How do you usually spend your free time?"", ""start"": 36.0, ""end"": 38.0, ""confidence"": 0.94}, {""speaker"": 1, ""text"": ""Oh, I love reading or hanging out with friends, but honestly, I barely get to do that anymore."", ""start"": 38.5, ""end"": 43.0, ""confidence"": 0.93}, {""speaker"": 0, ""text"": ""What do you think could help you achieve a better balance?"", ""start"": 43.5, ""end"": 46.0, ""confidence"": 0.95}, {""speaker"": 1, ""text"": ""Hmm, I guess more flexible hours would be nice? But, I also worry about losing the job if I ask for that."", ""start"": 46.5, ""end"": 51.0, ""confidence"": 0.89}, {""speaker"": 0, ""text"": ""That\u2019s understandable. It can be tricky to navigate those conversations."", ""start"": 51.5, ""end"": 54.0, ""confidence"": 0.97}, {""speaker"": 1, ""text"": ""Yeah, it's just feels like I\u2019m stuck between wanting to be a team player and needing my own time."", ""start"": 54.5, ""end"": 59.0, ""confidence"": 0.9}, {""speaker"": 0, ""text"": ""Have you ever brought this up with your manager?"", ""start"": 59.5, ""end"": 62.0, ""confidence"": 0.92}, {""speaker"": 1, ""text"": ""Not really, I mean, I like my manager, but I don\u2019t want to seem like I can\u2019t handle my job. It\u2019s so confusing."", ""start"": 62.5, ""end"": 68.0, ""confidence"": 0.88}, {""speaker"": 0, ""text"": ""Totally get that. It's a tough balance to strike."", ""start"": 68.5, ""end"": 70.0, ""confidence"": 0.96}, {""speaker"": 1, ""text"": ""Right? Like, I want to be effective at work, but at what cost?"", ""start"": 70.5, ""end"": 73.0, ""confidence"": 0.91}]}}}}"
3ef81b46-e38a-46f6-abe5-cd42f61a0911,b0d46c72-5527-4cec-8474-868d1da0eb55,en,true,"{""body"": {""payload"": {""transcription"": {""utterances"": [{""speaker"": 0, ""text"": ""Thanks for meeting with me today! Let\u2019s dive right in. How do you feel about your last performance review?"", ""start"": 0.5, ""end"": 3.5, ""confidence"": 0.96}, {""speaker"": 1, ""text"": ""Yeah, um, I think it was pretty fair overall. I mean, I got some good feedback, but there were definitely areas where I felt a bit stuck, you know?"", ""start"": 4.0, ""end"": 7.5, ""confidence"": 0.94}, {""speaker"": 0, ""text"": ""What kind of feedback stood out to you the most?"", ""start"": 8.0, ""end"": 9.5, ""confidence"": 0.93}, {""speaker"": 1, ""text"": ""Well, there was a lot about my project management skills. They mentioned that I could improve on things like deadlines and communication. I get it, it\u2019s... it\u2019s just challenging sometimes, especially last year when we were so busy."", ""start"": 10.0, ""end"": 14.5, ""confidence"": 0.92}, {""speaker"": 0, ""text"": ""Busy can definitely make things tougher. How did that affect your work, do you think?"", ""start"": 15.0, ""end"": 17.0, ""confidence"": 0.91}, {""speaker"": 1, ""text"": ""Oh, it was a lot. I felt like I was always playing catch-up. So, I think I missed a few chances to share updates with the team. Like, I know communication\u2019s key, but... you know, time just flies."", ""start"": 17.5, ""end"": 21.0, ""confidence"": 0.93}, {""speaker"": 0, ""text"": ""Totally understand that. If you could change one thing about how your review was conducted, what would it be?"", ""start"": 21.5, ""end"": 24.0, ""confidence"": 0.9}, {""speaker"": 1, ""text"": ""Honestly? I wish we could\u2019ve had more of a two-way conversation. It felt a bit one-sided. Like, I had questions but didn\u2019t want to interrupt, especially last time."", ""start"": 24.5, ""end"": 28.0, ""confidence"": 0.93}, {""speaker"": 0, ""text"": ""That makes sense. What do you think could improve that kind of dialogue next time?"", ""start"": 28.5, ""end"": 31.0, ""confidence"": 0.92}, {""speaker"": 1, ""text"": ""Maybe just... scheduling a follow-up chat or even having a more informal setting? Sometimes I think... being too formal can stifle the conversation."", ""start"": 31.5, ""end"": 35.0, ""confidence"": 0.91}, {""speaker"": 0, ""text"": ""Good point! So, what do you plan to do differently in preparation for your next review?"", ""start"": 35.5, ""end"": 38.0, ""confidence"": 0.94}, {""speaker"": 1, ""text"": ""I think I\u2019ll keep better track of my wins and challenges throughout the year, instead of trying to remember everything right before the review. You know, kind of like a journal?"", ""start"": 38.5, ""end"": 42.0, ""confidence"": 0.95}, {""speaker"": 0, ""text"": ""That sounds like a solid approach! How has your role changed since the last review?"", ""start"": 42.5, ""end"": 45.0, ""confidence"": 0.89}, {""speaker"": 1, ""text"": ""Well, I\u2019ve taken on more responsibilities, for sure. There\u2019s been a shift in our priorities, so I\u2019m managing a different set of projects now. It feels like... every day is something new."", ""start"": 45.5, ""end"": 49.5, ""confidence"": 0.92}, {""speaker"": 0, ""text"": ""That\u2019s interesting! Do you feel supported in these new responsibilities?"", ""start"": 50.0, ""end"": 52.0, ""confidence"": 0.91}, {""speaker"": 1, ""text"": ""Mostly, yeah. I think my manager is pretty supportive, but at times, it can feel overwhelming. I just hope I can keep up with the expectations."", ""start"": 52.5, ""end"": 56.0, ""confidence"": 0.94}, {""speaker"": 0, ""text"": ""It\u2019s great that you feel supported! Any last thoughts on how performance reviews impact your motivation?"", ""start"": 56.5, ""end"": 59.0, ""confidence"": 0.9}, {""speaker"": 1, ""text"": ""Yeah, they definitely push me to reflect and improve, but also, they can be a bit daunting. I just want to keep growing, you know?"", ""start"": 59.5, ""end"": 62.0, ""confidence"": 0.93}]}}}}"
0db1cd98-6169-46ad-aa61-9439ec08feae,f41ba610-9896-4cd8-9283-65c27d256b6c,en,true,"{""body"": {""payload"": {""transcription"": {""utterances"": [{""speaker"": 0, ""text"": ""Thanks for coming in today!"", ""start"": 0.5, ""end"": 2.0, ""confidence"": 0.96}, {""speaker"": 1, ""text"": ""No problem, happy to chat about this."", ""start"": 2.5, ""end"": 4.2, ""confidence"": 0.94}, {""speaker"": 0, ""text"": ""Great! So, let\u2019s dive right in. What are your career goals?"", ""start"": 4.8, ""end"": 7.1, ""confidence"": 0.95}, {""speaker"": 1, ""text"": ""Um, well, I really want to move into a leadership role, you know?"", ""start"": 7.6, ""end"": 10.0, ""confidence"": 0.91}, {""speaker"": 0, ""text"": ""That\u2019s interesting! What kind of leadership role are you thinking about?"", ""start"": 10.5, ""end"": 12.5, ""confidence"": 0.93}, {""speaker"": 1, ""text"": ""Maybe something in project management or team lead. I just feel like I, um, have a lot to offer in those areas."", ""start"": 13.0, ""end"": 16.5, ""confidence"": 0.92}, {""speaker"": 0, ""text"": ""What makes you feel that way? What experiences have shaped that opinion?"", ""start"": 17.0, ""end"": 19.2, ""confidence"": 0.94}, {""speaker"": 1, ""text"": ""Well, I\u2019ve been on several projects where I, like, took the initiative, you know? and it really helped the team, I think."", ""start"": 19.7, ""end"": 23.3, ""confidence"": 0.91}, {""speaker"": 0, ""text"": ""Can you give me an example of one of those projects?"", ""start"": 23.8, ""end"": 25.7, ""confidence"": 0.95}, {""speaker"": 1, ""text"": ""Sure! There was this, um, project last year where we revamped our online platform. I ended up coordinating between departments."", ""start"": 26.0, ""end"": 30.0, ""confidence"": 0.93}, {""speaker"": 0, ""text"": ""That sounds like a big responsibility. How did you handle it?"", ""start"": 30.4, ""end"": 32.1, ""confidence"": 0.96}, {""speaker"": 1, ""text"": ""It was challenging but rewarding! I learned a lot about communication and keeping everyone on the same page."", ""start"": 32.5, ""end"": 35.9, ""confidence"": 0.92}, {""speaker"": 0, ""text"": ""And what skills do you think you need to develop further for that leadership path?"", ""start"": 36.2, ""end"": 39.0, ""confidence"": 0.94}, {""speaker"": 1, ""text"": ""Definitely, um, conflict resolution and maybe more strategic planning. I\u2019ve noticed those come up a lot."", ""start"": 39.5, ""end"": 42.5, ""confidence"": 0.93}, {""speaker"": 0, ""text"": ""How do you plan on developing those skills?"", ""start"": 42.9, ""end"": 44.5, ""confidence"": 0.96}, {""speaker"": 1, ""text"": ""I\u2019m thinking of taking a course or even, like, finding a mentor who\u2019s been through it."", ""start"": 44.8, ""end"": 48.0, ""confidence"": 0.93}, {""speaker"": 0, ""text"": ""That sounds like a solid plan. What else do you hope to achieve in your career?"", ""start"": 48.5, ""end"": 50.5, ""confidence"": 0.95}, {""speaker"": 1, ""text"": ""I want to make an impact, you know? Like, help shape the company culture and make it more inclusive."", ""start"": 51.0, ""end"": 54.2, ""confidence"": 0.91}, {""speaker"": 0, ""text"": ""That\u2019s a noble goal! What steps are you taking currently to work toward that?"", ""start"": 54.5, ""end"": 57.2, ""confidence"": 0.94}, {""speaker"": 1, ""text"": ""I\u2019m part of a diversity committee. We\u2019re brainstorming initiatives to promote inclusion within our team."", ""start"": 57.6, ""end"": 60.0, ""confidence"": 0.92}]}}}}"
17c2a741-11f8-4562-aac3-23b621f6e48b,f41ba610-9896-4cd8-9283-65c27d256b6c,en,true,"{""body"": {""payload"": {""transcription"": {""utterances"": [{""speaker"": 0, ""text"": ""Thanks for taking the time to chat today."", ""start"": 0.5, ""end"": 3.0, ""confidence"": 0.96}, {""speaker"": 1, ""text"": ""No problem! Happy to be here."", ""start"": 3.2, ""end"": 5.0, ""confidence"": 0.95}, {""speaker"": 0, ""text"": ""Great! So, to start off, how would you describe the team dynamics in your current workplace?"", ""start"": 5.5, ""end"": 9.0, ""confidence"": 0.94}, {""speaker"": 1, ""text"": ""Uh, I think they\u2019re pretty collaborative. We have, like, a mix of personalities, you know?"", ""start"": 9.5, ""end"": 13.0, ""confidence"": 0.93}, {""speaker"": 0, ""text"": ""Interesting! Can you give an example of how those personalities come into play?"", ""start"": 13.1, ""end"": 15.5, ""confidence"": 0.92}, {""speaker"": 1, ""text"": ""Sure! So, there\u2019s this one guy, he\u2019s super analytical, always wants to dig into the data. And then there's another who\u2019s really creative, just loves brainstorming ideas."", ""start"": 15.6, ""end"": 22.0, ""confidence"": 0.96}, {""speaker"": 0, ""text"": ""Sounds like a good balance. How do those different styles affect collaboration?"", ""start"": 22.2, ""end"": 25.0, ""confidence"": 0.94}, {""speaker"": 1, ""text"": ""Yeah, totally! Sometimes it gets a bit heated, but it usually leads to better solutions. They challenge each other, and it pushes the whole team forward."", ""start"": 25.5, ""end"": 31.0, ""confidence"": 0.95}, {""speaker"": 0, ""text"": ""That\u2019s a healthy dynamic! Have you noticed any conflicts arising from those differences?"", ""start"": 31.1, ""end"": 34.0, ""confidence"": 0.93}, {""speaker"": 1, ""text"": ""Yeah, for sure. Like, when deadlines are tight, the analytical guy can get frustrated with the creative one for not being\u2026 uh, more structured."", ""start"": 34.5, ""end"": 40.0, ""confidence"": 0.92}, {""speaker"": 0, ""text"": ""How do you all typically handle those conflicts?"", ""start"": 40.1, ""end"": 42.5, ""confidence"": 0.91}, {""speaker"": 1, ""text"": ""Well, we usually chat it out. We\u2019ve created this, um, safe space, I guess, where everyone feels okay to speak up. It helps."", ""start"": 42.6, ""end"": 48.0, ""confidence"": 0.94}, {""speaker"": 0, ""text"": ""That\u2019s good to hear. Do you think this approach has strengthened your team?"", ""start"": 48.1, ""end"": 51.0, ""confidence"": 0.93}, {""speaker"": 1, ""text"": ""Definitely! I think resolving issues openly has built trust. We\u2019re more like a family now, you know?"", ""start"": 51.5, ""end"": 55.0, ""confidence"": 0.96}, {""speaker"": 0, ""text"": ""That sounds really positive. What do you enjoy most about working in this team?"", ""start"": 55.1, ""end"": 58.0, ""confidence"": 0.92}, {""speaker"": 1, ""text"": ""I love the diversity of ideas. Like, every meeting is a blend of perspectives, and it just makes things more exciting and productive."", ""start"": 58.5, ""end"": 63.0, ""confidence"": 0.95}, {""speaker"": 0, ""text"": ""Any final thoughts on how team dynamics impact your work experience?"", ""start"": 63.1, ""end"": 66.0, ""confidence"": 0.92}, {""speaker"": 1, ""text"": ""I think they\u2019re everything. A strong team can make or break a project. It\u2019s all about how we connect and collaborate."", ""start"": 66.5, ""end"": 71.0, ""confidence"": 0.94}]}}}}"
98d8aa84-5b22-4641-859d-9a979f4925ce,6b74b838-bd51-4f6b-a0e2-eb782d310ebe,en,true,"{""body"": {""payload"": {""transcription"": {""utterances"": [{""speaker"": 0, ""text"": ""Thanks for agreeing to chat with me today about conflict resolution."", ""start"": 0.5, ""end"": 3.2, ""confidence"": 0.95}, {""speaker"": 1, ""text"": ""Yeah, no problem! It\u2019s an interesting topic."", ""start"": 3.5, ""end"": 5.2, ""confidence"": 0.93}, {""speaker"": 0, ""text"": ""Great! So, can you tell me about a time you faced a conflict at work?"", ""start"": 5.5, ""end"": 8.3, ""confidence"": 0.94}, {""speaker"": 1, ""text"": ""Sure, um, there was this project where my team and I had different ideas on how to proceed, right?"", ""start"": 8.6, ""end"": 12.0, ""confidence"": 0.92}, {""speaker"": 0, ""text"": ""That sounds challenging. How did you handle it?"", ""start"": 12.5, ""end"": 14.5, ""confidence"": 0.96}, {""speaker"": 1, ""text"": ""Well, at first, it was kinda tense. We all just kinda argued, you know?"", ""start"": 14.8, ""end"": 17.5, ""confidence"": 0.9}, {""speaker"": 0, ""text"": ""And what made you decide to resolve it?"", ""start"": 17.8, ""end"": 19.1, ""confidence"": 0.91}, {""speaker"": 1, ""text"": ""I realized that we needed to come together to meet the deadline, so I suggested a meeting."", ""start"": 19.4, ""end"": 23.0, ""confidence"": 0.97}, {""speaker"": 0, ""text"": ""Smart move! How did that meeting go?"", ""start"": 23.3, ""end"": 25.5, ""confidence"": 0.95}, {""speaker"": 1, ""text"": ""Honestly, much better than I expected. Everyone shared their views and we listened."", ""start"": 25.8, ""end"": 29.0, ""confidence"": 0.94}, {""speaker"": 0, ""text"": ""That\u2019s a relief! What was the result?"", ""start"": 29.3, ""end"": 31.0, ""confidence"": 0.96}, {""speaker"": 1, ""text"": ""We actually found a middle ground. The project turned out to be a success, surprisingly!"", ""start"": 31.3, ""end"": 34.5, ""confidence"": 0.92}, {""speaker"": 0, ""text"": ""That\u2019s awesome! What did you learn from that experience?"", ""start"": 34.8, ""end"": 36.8, ""confidence"": 0.97}, {""speaker"": 1, ""text"": ""I learned that communication is key. And also, um, being open to others' ideas really helps."", ""start"": 37.1, ""end"": 40.2, ""confidence"": 0.95}, {""speaker"": 0, ""text"": ""Absolutely! Any other strategies you use for conflict resolution?"", ""start"": 40.5, ""end"": 42.5, ""confidence"": 0.94}, {""speaker"": 1, ""text"": ""Yeah, I try to stay calm and, like, not take things personally. It makes a big difference."", ""start"": 42.8, ""end"": 46.1, ""confidence"": 0.92}, {""speaker"": 0, ""text"": ""That\u2019s really insightful. Thanks for sharing your thoughts!"", ""start"": 46.4, ""end"": 48.5, ""confidence"": 0.96}, {""speaker"": 1, ""text"": ""Of course! Glad to help."", ""start"": 48.8, ""end"": 50.0, ""confidence"": 0.95}]}}}}"
792e3cf6-7747-4935-83f1-5d52a20c2d14,b7b82cc1-99f7-4129-948e-28e0c646c793,en,true,"{""body"": {""payload"": {""transcription"": {""utterances"": [{""speaker"": 0, ""text"": ""Thanks for taking the time to chat with me today about remote work."", ""start"": 0.5, ""end"": 3.0, ""confidence"": 0.96}, {""speaker"": 1, ""text"": ""Yeah, no problem! I actually enjoy talking about it."", ""start"": 3.5, ""end"": 6.0, ""confidence"": 0.94}, {""speaker"": 0, ""text"": ""Great! So, how's your experience been with remote work so far?"", ""start"": 6.3, ""end"": 9.0, ""confidence"": 0.95}, {""speaker"": 1, ""text"": ""Honestly, I think it has its perks. I love the flexibility."", ""start"": 9.5, ""end"": 12.0, ""confidence"": 0.93}, {""speaker"": 0, ""text"": ""What do you like most about that flexibility?"", ""start"": 12.3, ""end"": 14.0, ""confidence"": 0.92}, {""speaker"": 1, ""text"": ""I mean, I can manage my time better and work from anywhere, you know?"", ""start"": 14.5, ""end"": 17.5, ""confidence"": 0.95}, {""speaker"": 0, ""text"": ""Sounds nice! And what about teamwork? How's that been affected?"", ""start"": 17.8, ""end"": 20.0, ""confidence"": 0.94}, {""speaker"": 1, ""text"": ""Actually, I think our team has adapted pretty well. We do a lot of video calls and collaboration tools."", ""start"": 20.5, ""end"": 24.0, ""confidence"": 0.92}, {""speaker"": 0, ""text"": ""That's good to hear! Do you feel like the team spirit is still there?"", ""start"": 24.3, ""end"": 27.0, ""confidence"": 0.93}, {""speaker"": 1, ""text"": ""Yeah, definitely! I mean, we still have our fun team meetings and stuff. It kind of keeps us connected."", ""start"": 27.5, ""end"": 31.0, ""confidence"": 0.94}, {""speaker"": 0, ""text"": ""Awesome! But what about management? Any challenges there?"", ""start"": 31.3, ""end"": 34.0, ""confidence"": 0.96}, {""speaker"": 1, ""text"": ""Ugh, that's where it gets tricky. The management style has been, um, a bit hands-off, I guess?"", ""start"": 34.5, ""end"": 37.5, ""confidence"": 0.91}, {""speaker"": 0, ""text"": ""Could you tell me more about that?"", ""start"": 37.8, ""end"": 39.5, ""confidence"": 0.92}, {""speaker"": 1, ""text"": ""Sure! It feels like there's less guidance. Sometimes I wish they\u2019d check in more often."", ""start"": 39.9, ""end"": 43.0, ""confidence"": 0.93}, {""speaker"": 0, ""text"": ""That makes sense. How does that impact your work?"", ""start"": 43.3, ""end"": 45.5, ""confidence"": 0.95}, {""speaker"": 1, ""text"": ""Well, it can be a bit isolating. I mean, I love being independent, but too much space can feel lonely."", ""start"": 45.8, ""end"": 50.0, ""confidence"": 0.94}, {""speaker"": 0, ""text"": ""Absolutely, I get that. So, what would you like to see change?"", ""start"": 50.3, ""end"": 53.0, ""confidence"": 0.92}, {""speaker"": 1, ""text"": ""I think more regular check-ins would help. Just to feel like we\u2019re all on the same page, you know?"", ""start"": 53.5, ""end"": 56.5, ""confidence"": 0.93}, {""speaker"": 0, ""text"": ""Totally! Communication is key. Any final thoughts on remote work overall?"", ""start"": 56.8, ""end"": 59.5, ""confidence"": 0.95}, {""speaker"": 1, ""text"": ""It has its ups and downs, for sure. I enjoy the independence but crave a bit more connection with management."", ""start"": 59.8, ""end"": 63.0, ""confidence"": 0.94}]}}}}"
4db077d6-b537-4d62-9b4d-f229bd1c08a3,b0d46c72-5527-4cec-8474-868d1da0eb55,en,true,"{""body"": {""payload"": {""transcription"": {""utterances"": [{""speaker"": 0, ""text"": ""Thanks for sitting down with me today. I wanted to talk a bit about your salary expectations. How do you feel about that topic?"", ""start"": 0.5, ""end"": 5.0, ""confidence"": 0.96}, {""speaker"": 1, ""text"": ""Yeah, sure! I mean, I really enjoy the role and the team seems great. But, uh, salary expectations... It's kind of tricky."", ""start"": 5.5, ""end"": 10.0, ""confidence"": 0.94}, {""speaker"": 0, ""text"": ""What makes it tricky for you?"", ""start"": 10.5, ""end"": 11.8, ""confidence"": 0.93}, {""speaker"": 1, ""text"": ""Well, on one hand, I think I bring a lot to the table and... I don't know, I guess I feel like I deserve a good salary. But on the other hand, I've been hearing some, um, mixed things about pay here."", ""start"": 12.2, ""end"": 18.0, ""confidence"": 0.92}, {""speaker"": 0, ""text"": ""What kind of mixed things have you heard?"", ""start"": 18.5, ""end"": 20.0, ""confidence"": 0.95}, {""speaker"": 1, ""text"": ""Well, just that it might not be competitive? Like, I like the role, but if the pay isn\u2019t right, then... I don\u2019t know if it\u2019s worth it, you know?"", ""start"": 20.5, ""end"": 26.0, ""confidence"": 0.91}, {""speaker"": 0, ""text"": ""That makes sense. So, if the pay was good, would that change how you feel about the role?"", ""start"": 26.5, ""end"": 29.0, ""confidence"": 0.94}, {""speaker"": 1, ""text"": ""Um, yeah, I mean, ideally, yes. But then again, I think there\u2019s more to a job than just money. Like, I love the work environment here, but still."", ""start"": 29.5, ""end"": 35.0, ""confidence"": 0.93}, {""speaker"": 0, ""text"": ""Absolutely. So you\u2019re saying the work environment matters just as much?"", ""start"": 35.5, ""end"": 37.0, ""confidence"": 0.95}, {""speaker"": 1, ""text"": ""Exactly! But, you know, if the salary's low\u2026 it just makes it harder to get excited, right?"", ""start"": 37.5, ""end"": 41.0, ""confidence"": 0.92}, {""speaker"": 0, ""text"": ""Of course! So what\u2019s your expectation for salary, then? Have you thought about a specific range?"", ""start"": 41.5, ""end"": 45.0, ""confidence"": 0.96}, {""speaker"": 1, ""text"": ""I guess I\u2019m thinking around... like, maybe 70 to 80 thousand? But then I worry if that\u2019s too high or justifiable."", ""start"": 45.5, ""end"": 50.0, ""confidence"": 0.91}, {""speaker"": 0, ""text"": ""That\u2019s a fair range. What factors are you considering that make you question if it\u2019s too high?"", ""start"": 50.5, ""end"": 54.0, ""confidence"": 0.95}, {""speaker"": 1, ""text"": ""Well, I mean, I look at what others in the field are making. And sometimes I feel like I haven't quite earned my stripes yet. But I also know my skills are solid."", ""start"": 54.5, ""end"": 60.0, ""confidence"": 0.93}, {""speaker"": 0, ""text"": ""It\u2019s definitely a balancing act. Have you had these kinds of conversations with other employers?"", ""start"": 60.5, ""end"": 63.0, ""confidence"": 0.94}, {""speaker"": 1, ""text"": ""A little. But I always end up feeling conflicted. Like, some places pay well but don\u2019t feel right, you know?"", ""start"": 63.5, ""end"": 67.0, ""confidence"": 0.92}, {""speaker"": 0, ""text"": ""Totally get that. Finding the right fit is essential. So, would you say salary is your main concern, or are there other factors too?"", ""start"": 67.5, ""end"": 71.0, ""confidence"": 0.96}, {""speaker"": 1, ""text"": ""It\u2019s a big one, for sure. But... I think overall satisfaction in a role is key. I just wish... it was easier to weigh all these things."", ""start"": 71.5, ""end"": 77.0, ""confidence"": 0.91}]}}}}"
87546abb-a1e0-46b9-8673-04480932cd96,6b74b838-bd51-4f6b-a0e2-eb782d310ebe,en,true,"{""body"": {""payload"": {""transcription"": {""utterances"": [{""speaker"": 0, ""text"": ""Thanks for taking the time to chat with me today."", ""start"": 0.5, ""end"": 3.5, ""confidence"": 0.96}, {""speaker"": 1, ""text"": ""Yeah, no problem! Happy to share my thoughts."", ""start"": 4.0, ""end"": 6.2, ""confidence"": 0.94}, {""speaker"": 0, ""text"": ""Great! So, to start off, how would you describe the company culture here?"", ""start"": 6.5, ""end"": 9.5, ""confidence"": 0.95}, {""speaker"": 1, ""text"": ""Well, I\u2019d say it's pretty collaborative. Like, everyone is super willing to help each other out, which is nice."", ""start"": 10.0, ""end"": 14.0, ""confidence"": 0.93}, {""speaker"": 0, ""text"": ""That sounds positive. Can you give me an example of a time when you felt that collaboration?"", ""start"": 14.5, ""end"": 17.5, ""confidence"": 0.95}, {""speaker"": 1, ""text"": ""Sure! Just last month, we had this big project deadline, and a few of us stayed late to brainstorm together. It really brought the team together."", ""start"": 18.0, ""end"": 23.0, ""confidence"": 0.92}, {""speaker"": 0, ""text"": ""Nice! So, what do you think motivates that collaborative spirit?"", ""start"": 23.5, ""end"": 26.5, ""confidence"": 0.94}, {""speaker"": 1, ""text"": ""I think it\u2019s the leadership, honestly. They encourage open communication and make it clear that everyone\u2019s input is valued."", ""start"": 27.0, ""end"": 31.5, ""confidence"": 0.95}, {""speaker"": 0, ""text"": ""That's really important. Are there aspects of the culture that you feel could be improved?"", ""start"": 32.0, ""end"": 35.0, ""confidence"": 0.93}, {""speaker"": 1, ""text"": ""Hmm, maybe the work-life balance? Sometimes, it feels like everyone is just... always on."", ""start"": 35.5, ""end"": 39.0, ""confidence"": 0.91}, {""speaker"": 0, ""text"": ""I get that. How does that affect your work life?"", ""start"": 39.5, ""end"": 41.5, ""confidence"": 0.92}, {""speaker"": 1, ""text"": ""Well, I love my job, but there are times I feel burnt out, which isn't great. I mean, I want to give my best, but yeah..."", ""start"": 42.0, ""end"": 46.0, ""confidence"": 0.9}, {""speaker"": 0, ""text"": ""That makes sense. So, how do you think management could help with that?"", ""start"": 46.5, ""end"": 49.5, ""confidence"": 0.94}, {""speaker"": 1, ""text"": ""Maybe by promoting time off more? Like, encouraging people to actually unplug. I think that could really help the team recharge."", ""start"": 50.0, ""end"": 55.0, ""confidence"": 0.93}, {""speaker"": 0, ""text"": ""Absolutely, that\u2019s a good point. Is there anything else about the culture that stands out to you?"", ""start"": 55.5, ""end"": 58.5, ""confidence"": 0.94}, {""speaker"": 1, ""text"": ""You know, I really appreciate the diversity here. It brings in so many perspectives, and I think that's a huge strength."", ""start"": 59.0, ""end"": 63.0, ""confidence"": 0.92}, {""speaker"": 0, ""text"": ""Diversity is key! How does that play out day to day?"", ""start"": 63.5, ""end"": 66.0, ""confidence"": 0.93}, {""speaker"": 1, ""text"": ""Well, there are always different viewpoints in meetings, and we often celebrate various cultural events. It just makes it feel inclusive."", ""start"": 66.5, ""end"": 71.0, ""confidence"": 0.92}]}}}}"
65f5d7b1-d6d1-4507-aca7-0e0f516593cf,f41ba610-9896-4cd8-9283-65c27d256b6c,en,true,"{""body"": {""payload"": {""transcription"": {""utterances"": [{""speaker"": 0, ""text"": ""Thanks for agreeing to chat with me about your onboarding experience."", ""start"": 0.5, ""end"": 3.0, ""confidence"": 0.96}, {""speaker"": 1, ""text"": ""Yeah, no problem! I'm happy to share."", ""start"": 3.5, ""end"": 5.0, ""confidence"": 0.94}, {""speaker"": 0, ""text"": ""Great! So, can you tell me what your first impressions were when you joined the team?"", ""start"": 5.5, ""end"": 8.5, ""confidence"": 0.93}, {""speaker"": 1, ""text"": ""Honestly, I was a bit overwhelmed at first. Like, everything was new, and I just tried to soak it all in, you know?"", ""start"": 9.0, ""end"": 12.5, ""confidence"": 0.92}, {""speaker"": 0, ""text"": ""I get that. Did you have any support during that initial phase?"", ""start"": 12.7, ""end"": 14.5, ""confidence"": 0.95}, {""speaker"": 1, ""text"": ""Yeah, I had a buddy assigned to me. They were super helpful, like, showing me around and explaining things."", ""start"": 15.0, ""end"": 18.0, ""confidence"": 0.97}, {""speaker"": 0, ""text"": ""That sounds nice! What kind of things did they help you with?"", ""start"": 18.3, ""end"": 20.0, ""confidence"": 0.94}, {""speaker"": 1, ""text"": ""Mostly just the little stuff, like how to use the software and where to find the resources. But also, they just made me feel more comfortable."", ""start"": 20.5, ""end"": 24.0, ""confidence"": 0.95}, {""speaker"": 0, ""text"": ""That\u2019s really important. So, were there any parts of the onboarding process that you found particularly challenging?"", ""start"": 24.5, ""end"": 27.5, ""confidence"": 0.92}, {""speaker"": 1, ""text"": ""Definitely! The first week was like drinking from a fire hose. There was so much info."", ""start"": 28.0, ""end"": 30.5, ""confidence"": 0.91}, {""speaker"": 0, ""text"": ""I can imagine. Did you feel like you had enough time to learn everything?"", ""start"": 30.8, ""end"": 32.5, ""confidence"": 0.93}, {""speaker"": 1, ""text"": ""Not really. I think maybe a slower pace would have helped a lot. Like, I wanted to really understand things instead of just memorizing."", ""start"": 33.0, ""end"": 36.0, ""confidence"": 0.96}, {""speaker"": 0, ""text"": ""That makes sense. Were there any tools or resources that you found helpful during your onboarding?"", ""start"": 36.5, ""end"": 39.0, ""confidence"": 0.94}, {""speaker"": 1, ""text"": ""The online portal was great! It had videos and guides, which I could refer back to whenever I got confused."", ""start"": 39.5, ""end"": 42.0, ""confidence"": 0.95}, {""speaker"": 0, ""text"": ""Sounds useful. How did you feel about the communication from your managers during onboarding?"", ""start"": 42.5, ""end"": 45.0, ""confidence"": 0.89}, {""speaker"": 1, ""text"": ""Honestly, it was a bit spotty. Some days I'd hear a lot, other days not much at all. A little consistency would have been nice."", ""start"": 45.5, ""end"": 49.0, ""confidence"": 0.92}, {""speaker"": 0, ""text"": ""That\u2019s important feedback. If you could change one thing about your onboarding experience, what would it be?"", ""start"": 49.3, ""end"": 52.0, ""confidence"": 0.96}, {""speaker"": 1, ""text"": ""I think just having more check-ins with my manager, like, maybe weekly instead of just at the start. It would have helped a lot."", ""start"": 52.5, ""end"": 55.5, ""confidence"": 0.95}, {""speaker"": 0, ""text"": ""Thank you for sharing all of that! It\u2019s really insightful to hear your perspective."", ""start"": 56.0, ""end"": 58.5, ""confidence"": 0.97}]}}}}"
b1087cb3-caca-4810-9ed0-235f5bab596d,6b74b838-bd51-4f6b-a0e2-eb782d310ebe,en,true,"{""body"": {""payload"": {""transcription"": {""utterances"": [{""speaker"": 0, ""text"": ""Hi there, thanks for agreeing to chat with me today."", ""start"": 0.5, ""end"": 3.0, ""confidence"": 0.96}, {""speaker"": 1, ""text"": ""No problem, happy to help!"", ""start"": 3.5, ""end"": 5.0, ""confidence"": 0.94}, {""speaker"": 0, ""text"": ""Great! So, to start, how would you describe your overall job satisfaction?"", ""start"": 5.5, ""end"": 8.5, ""confidence"": 0.95}, {""speaker"": 1, ""text"": ""Um, I\u2019d say I\u2019m pretty satisfied, like, most days. I mean, it can be stressful, but overall, I enjoy what I do."", ""start"": 9.0, ""end"": 12.5, ""confidence"": 0.93}, {""speaker"": 0, ""text"": ""That\u2019s good to hear! Can you tell me what specifically makes you feel satisfied?"", ""start"": 13.0, ""end"": 15.5, ""confidence"": 0.92}, {""speaker"": 1, ""text"": ""Sure! I think it\u2019s the variety of tasks I get to do. I really like being challenged and not doing the same thing every day."", ""start"": 16.0, ""end"": 19.0, ""confidence"": 0.96}, {""speaker"": 0, ""text"": ""Interesting! And how about your work environment? Does it contribute to your satisfaction?"", ""start"": 19.5, ""end"": 22.5, ""confidence"": 0.94}, {""speaker"": 1, ""text"": ""Definitely. My team is supportive, which really helps. We communicate well, and it feels like everyone\u2019s on the same page most of the time."", ""start"": 23.0, ""end"": 27.0, ""confidence"": 0.95}, {""speaker"": 0, ""text"": ""That sounds positive! Are there any aspects of your job that you feel could be improved?"", ""start"": 27.5, ""end"": 30.5, ""confidence"": 0.91}, {""speaker"": 1, ""text"": ""Yeah, I think maybe the workload could be more balanced. Sometimes it feels like too much, and that can be overwhelming."", ""start"": 31.0, ""end"": 34.5, ""confidence"": 0.92}, {""speaker"": 0, ""text"": ""I see. Do you feel comfortable discussing workload concerns with your manager?"", ""start"": 35.0, ""end"": 37.5, ""confidence"": 0.93}, {""speaker"": 1, ""text"": ""Mostly, yeah. I think they\u2019re open to feedback, but sometimes it\u2019s hard to bring it up when you\u2019re already swamped, you know?"", ""start"": 38.0, ""end"": 42.0, ""confidence"": 0.94}, {""speaker"": 0, ""text"": ""Totally get that! If you don\u2019t mind me asking, what keeps you motivated in your job?"", ""start"": 42.5, ""end"": 45.5, ""confidence"": 0.92}, {""speaker"": 1, ""text"": ""I think it\u2019s the personal growth opportunities. I love learning new skills, and my job sometimes offers courses or training."", ""start"": 46.0, ""end"": 49.5, ""confidence"": 0.96}, {""speaker"": 0, ""text"": ""That\u2019s fantastic! So, is there a particular skill or course you\u2019ve enjoyed the most?"", ""start"": 50.0, ""end"": 53.0, ""confidence"": 0.94}, {""speaker"": 1, ""text"": ""Yeah, I really enjoyed a recent project management course. It not only helped my work, but I think it\u2019ll help my career long-term too."", ""start"": 53.5, ""end"": 57.0, ""confidence"": 0.95}, {""speaker"": 0, ""text"": ""Sounds like a smart move! Last question\u2014how do you think your job satisfaction impacts your personal life?"", ""start"": 57.5, ""end"": 60.5, ""confidence"": 0.92}, {""speaker"": 1, ""text"": ""Oh, it really does! When I'm satisfied at work, I\u2019m way happier at home, too. It\u2019s like everything flows better."", ""start"": 61.0, ""end"": 64.0, ""confidence"": 0.93}]}}}}"
f5e13029-e6b6-44be-9903-513dc5edfaef,b7b82cc1-99f7-4129-948e-28e0c646c793,en,true,"{""body"": {""payload"": {""transcription"": {""utterances"": [{""speaker"": 0, ""text"": ""Thanks for agreeing to chat with me today about work-life balance."", ""start"": 0.5, ""end"": 3.0, ""confidence"": 0.95}, {""speaker"": 1, ""text"": ""Yeah, no problem! It\u2019s a topic that\u2019s super important to me."", ""start"": 3.5, ""end"": 6.0, ""confidence"": 0.96}, {""speaker"": 0, ""text"": ""Awesome! So, can you tell me how you define work-life balance?"", ""start"": 6.2, ""end"": 8.5, ""confidence"": 0.94}, {""speaker"": 1, ""text"": ""Sure! For me, it\u2019s about making sure that my job doesn\u2019t take over my life, you know? Like, I want to be able to enjoy my time off."", ""start"": 8.7, ""end"": 12.0, ""confidence"": 0.97}, {""speaker"": 0, ""text"": ""That makes sense. What are some specific ways you try to achieve that balance?"", ""start"": 12.2, ""end"": 14.5, ""confidence"": 0.92}, {""speaker"": 1, ""text"": ""Well, I\u2019ve set strict boundaries. Like, I don\u2019t check emails after a certain time. And, um, weekends are for me and my family. That\u2019s non-negotiable."", ""start"": 14.7, ""end"": 18.0, ""confidence"": 0.98}, {""speaker"": 0, ""text"": ""Nice! Do you feel like your workplace supports those boundaries?"", ""start"": 18.1, ""end"": 20.3, ""confidence"": 0.93}, {""speaker"": 1, ""text"": ""Sometimes. It depends on the project, honestly. Some managers get it, while others, not so much. It can be a bit frustrating."", ""start"": 20.5, ""end"": 24.0, ""confidence"": 0.9}, {""speaker"": 0, ""text"": ""Totally understandable. Have you ever felt overwhelmed trying to manage both work and personal life?"", ""start"": 24.1, ""end"": 27.0, ""confidence"": 0.94}, {""speaker"": 1, ""text"": ""Oh, for sure! There were times when deadlines were just insane, and I found myself working late and missing out on family stuff."", ""start"": 27.2, ""end"": 31.0, ""confidence"": 0.96}, {""speaker"": 0, ""text"": ""That sounds tough. How did you handle those situations?"", ""start"": 31.1, ""end"": 33.5, ""confidence"": 0.92}, {""speaker"": 1, ""text"": ""I had to learn to communicate better. I started saying no more often and was upfront about my limits. It was hard at first."", ""start"": 33.7, ""end"": 37.5, ""confidence"": 0.95}, {""speaker"": 0, ""text"": ""That\u2019s a really important skill. What advice would you give someone struggling with work-life balance?"", ""start"": 37.6, ""end"": 40.0, ""confidence"": 0.94}, {""speaker"": 1, ""text"": ""Definitely prioritize what matters. And don\u2019t be afraid to advocate for yourself. Everyone deserves that balance, right?"", ""start"": 40.2, ""end"": 43.5, ""confidence"": 0.97}, {""speaker"": 0, ""text"": ""Absolutely! Before we wrap up, is there anything else you\u2019d like to share about your experience?"", ""start"": 43.6, ""end"": 46.0, ""confidence"": 0.92}, {""speaker"": 1, ""text"": ""Just that it\u2019s an ongoing journey. I\u2019m still working on it, and that\u2019s okay. It\u2019s all about finding what works best for you."", ""start"": 46.2, ""end"": 49.0, ""confidence"": 0.96}]}}}}"
aa03c30a-3dcd-41ad-b259-aaf6c73942a3,f41ba610-9896-4cd8-9283-65c27d256b6c,en,true,"{""body"": {""payload"": {""transcription"": {""utterances"": [{""speaker"": 0, ""text"": ""Thanks for taking the time to chat today. Let's dive right in. How do you feel about the performance review process here?"", ""start"": 0.5, ""end"": 5.3, ""confidence"": 0.94}, {""speaker"": 1, ""text"": ""Yeah, no problem! Honestly, I think the process can be pretty helpful, but it sometimes feels a bit rushed, you know? Like, you don't get enough time to really discuss everything."", ""start"": 5.4, ""end"": 11.2, ""confidence"": 0.93}, {""speaker"": 0, ""text"": ""That's interesting. Can you give me an example of when it felt rushed?"", ""start"": 11.3, ""end"": 13.5, ""confidence"": 0.92}, {""speaker"": 1, ""text"": ""Sure! Last year, I remember my review with Tom. We had so much to cover, and he was great, but it felt like we only scratched the surface. I had a bunch of points I wanted to discuss, but there just wasn\u2019t enough time."", ""start"": 13.6, ""end"": 20.1, ""confidence"": 0.91}, {""speaker"": 0, ""text"": ""I see. So, do you think you got enough feedback during that review?"", ""start"": 20.2, ""end"": 22.4, ""confidence"": 0.89}, {""speaker"": 1, ""text"": ""Mostly, yeah. But, it would\u2019ve been nice to go deeper into some of the projects I worked on. Like the one with Kayla, I felt we nailed it, but the review didn\u2019t really reflect that."", ""start"": 22.5, ""end"": 28.1, ""confidence"": 0.9}, {""speaker"": 0, ""text"": ""What do you think could be changed to improve the process?"", ""start"": 28.2, ""end"": 30.6, ""confidence"": 0.88}, {""speaker"": 1, ""text"": ""I think having more flexibility in the schedule would help a lot. Maybe even allowing us to submit our thoughts ahead of time. Like, I\u2019d love to hear more from people like Jenna and Mike in those discussions too."", ""start"": 30.7, ""end"": 37.0, ""confidence"": 0.94}, {""speaker"": 0, ""text"": ""That sounds like a great idea. Do you think those changes would encourage more engagement?"", ""start"": 37.1, ""end"": 39.5, ""confidence"": 0.91}, {""speaker"": 1, ""text"": ""Definitely! If we had more room to talk, I think it\u2019d lead to better conversations. People feel less pressure to just get through the review, you know?"", ""start"": 39.6, ""end"": 44.2, ""confidence"": 0.92}, {""speaker"": 0, ""text"": ""Absolutely, I get that. What about recognition? Do you feel acknowledged for your work during these reviews?"", ""start"": 44.3, ""end"": 47.8, ""confidence"": 0.89}, {""speaker"": 1, ""text"": ""Typically, yeah, but it varies. I think when people mention my work with Ben, it feels good. But sometimes, it feels like the recognition is just a checkbox thing. Like, 'Oh, by the way, good job on that project.'"", ""start"": 47.9, ""end"": 54.2, ""confidence"": 0.9}, {""speaker"": 0, ""text"": ""So, do you think more personalized feedback would help with that?"", ""start"": 54.3, ""end"": 56.5, ""confidence"": 0.88}, {""speaker"": 1, ""text"": ""For sure! If they focused more on our individual contributions, I think we\u2019d all feel more valued. It makes a difference when it's genuine, like what Sarah does sometimes."", ""start"": 56.6, ""end"": 61.8, ""confidence"": 0.91}, {""speaker"": 0, ""text"": ""Yeah, I think personalization can really change the tone of feedback. Do you think the timing of the reviews also impacts how you feel about them?"", ""start"": 61.9, ""end"": 66.0, ""confidence"": 0.9}, {""speaker"": 1, ""text"": ""Oh, totally. If they happen too close to deadlines, it just adds pressure. I think they should be more spaced out, like maybe quarterly instead of just once a year. That way, we can adjust and improve continuously."", ""start"": 66.1, ""end"": 73.0, ""confidence"": 0.92}, {""speaker"": 0, ""text"": ""That\u2019s a solid point. Last question, what do you hope to see in your next review?"", ""start"": 73.1, ""end"": 76.0, ""confidence"": 0.89}, {""speaker"": 1, ""text"": ""I\u2019d love a chance to share my own goals and how I see my path forward. Maybe something collaborative with my manager? It would feel more like a partnership than just a formal check-in."", ""start"": 76.1, ""end"": 82.0, ""confidence"": 0.93}]}}}}"
1f82a05a-dd96-4a1b-9706-257b8e336c02,4cf59f89-f0bc-4d8c-9516-9c238fa1f934,en,true,"{""body"": {""payload"": {""transcription"": {""utterances"": [{""speaker"": 0, ""text"": ""Thanks for taking the time to chat with me today about your career goals."", ""start"": 0.5, ""end"": 3.0, ""confidence"": 0.95}, {""speaker"": 1, ""text"": ""Yeah, no problem! It\u2019s nice to reflect on all that."", ""start"": 3.5, ""end"": 5.2, ""confidence"": 0.94}, {""speaker"": 0, ""text"": ""So, to start, what are some of your main career goals right now?"", ""start"": 5.5, ""end"": 8.0, ""confidence"": 0.96}, {""speaker"": 1, ""text"": ""Well, um, I\u2019ve been thinking a lot about moving into a management position. Like, kind of like what Sam is doing."", ""start"": 8.3, ""end"": 11.5, ""confidence"": 0.93}, {""speaker"": 0, ""text"": ""What attracts you to the idea of management?"", ""start"": 11.8, ""end"": 13.7, ""confidence"": 0.94}, {""speaker"": 1, ""text"": ""I guess I just really enjoy helping others develop their skills. Like, I\u2019ve seen how Mike has grown this past year, and it\u2019s really inspiring."", ""start"": 14.0, ""end"": 17.3, ""confidence"": 0.92}, {""speaker"": 0, ""text"": ""That\u2019s great to hear! Do you have specific steps in mind to reach that goal?"", ""start"": 17.6, ""end"": 19.5, ""confidence"": 0.95}, {""speaker"": 1, ""text"": ""Yeah, for sure. I\u2019ve been looking into some leadership training programs. I actually talked to Jess about it, and she recommended a few good ones."", ""start"": 19.8, ""end"": 23.5, ""confidence"": 0.93}, {""speaker"": 0, ""text"": ""That sounds like a solid plan. How do you think those programs will help you?"", ""start"": 23.8, ""end"": 26.2, ""confidence"": 0.95}, {""speaker"": 1, ""text"": ""I think they\u2019ll give me the tools I need to manage a team effectively. Like, um, conflict resolution and communication skills, you know?"", ""start"": 26.5, ""end"": 30.0, ""confidence"": 0.94}, {""speaker"": 0, ""text"": ""Absolutely. What do you think might hold you back from those goals?"", ""start"": 30.3, ""end"": 32.8, ""confidence"": 0.96}, {""speaker"": 1, ""text"": ""Honestly? I sometimes worry about being too young. Like, can I really lead a team when some folks have more experience? Like how Tim has been here forever."", ""start"": 33.1, ""end"": 37.0, ""confidence"": 0.92}, {""speaker"": 0, ""text"": ""That\u2019s a valid concern. How do you plan to deal with that feeling?"", ""start"": 37.3, ""end"": 39.5, ""confidence"": 0.95}, {""speaker"": 1, ""text"": ""I think I need to focus more on my strengths. I mean, I have fresh ideas, and I connect with the team. I just gotta remind myself of that."", ""start"": 39.8, ""end"": 43.5, ""confidence"": 0.94}, {""speaker"": 0, ""text"": ""That\u2019s a healthy way to look at it. Do you have a timeframe for when you want to achieve this?"", ""start"": 43.8, ""end"": 46.2, ""confidence"": 0.96}, {""speaker"": 1, ""text"": ""I\u2019d say within the next couple of years. I want to be ready. Like, I don\u2019t want to rush it."", ""start"": 46.5, ""end"": 49.5, ""confidence"": 0.93}, {""speaker"": 0, ""text"": ""That makes sense. And what does success look like for you in that role?"", ""start"": 49.8, ""end"": 52.0, ""confidence"": 0.94}, {""speaker"": 1, ""text"": ""For me, it\u2019s all about the team\u2019s success. Like, if they\u2019re achieving their goals and feeling motivated, then I know I\u2019m doing my job right."", ""start"": 52.3, ""end"": 56.0, ""confidence"": 0.95}]}}}}"
b8912136-6fc0-4390-b08b-bebd9b93bf21,b0d46c72-5527-4cec-8474-868d1da0eb55,en,true,"{""body"": {""payload"": {""transcription"": {""utterances"": [{""speaker"": 0, ""text"": ""Thanks for agreeing to chat about team dynamics today."", ""start"": 0.5, ""end"": 3.1, ""confidence"": 0.95}, {""speaker"": 1, ""text"": ""Yeah, no problem! I actually enjoy my role in the team."", ""start"": 3.5, ""end"": 6.2, ""confidence"": 0.94}, {""speaker"": 0, ""text"": ""That's great to hear! What do you like most about it?"", ""start"": 6.5, ""end"": 8.9, ""confidence"": 0.92}, {""speaker"": 1, ""text"": ""I think it\u2019s the collaboration aspect. You know, bouncing ideas off each other."", ""start"": 9.1, ""end"": 12.0, ""confidence"": 0.93}, {""speaker"": 0, ""text"": ""Collaboration is key. Have there been any challenges within the team?"", ""start"": 12.3, ""end"": 15.0, ""confidence"": 0.96}, {""speaker"": 1, ""text"": ""Yeah, definitely. Sometimes it feels like we\u2019re not all on the same page."", ""start"": 15.2, ""end"": 17.3, ""confidence"": 0.91}, {""speaker"": 0, ""text"": ""That sounds tough. Can you give me an example?"", ""start"": 17.5, ""end"": 19.6, ""confidence"": 0.94}, {""speaker"": 1, ""text"": ""Sure! Like, there are days when I feel overwhelmed. I love working with everyone but... yeah, sometimes I doubt whether we\u2019re actually making progress."", ""start"": 19.8, ""end"": 24.0, ""confidence"": 0.9}, {""speaker"": 0, ""text"": ""That's understandable. What do you think contributes to that feeling?"", ""start"": 24.3, ""end"": 27.0, ""confidence"": 0.93}, {""speaker"": 1, ""text"": ""I guess it\u2019s the communication breakdown. We have our meetings but... still, things get lost in translation, you know?"", ""start"": 27.2, ""end"": 31.0, ""confidence"": 0.92}, {""speaker"": 0, ""text"": ""Absolutely, communication is crucial. Have you discussed these feelings with your team?"", ""start"": 31.3, ""end"": 34.1, ""confidence"": 0.95}, {""speaker"": 1, ""text"": ""Not really. I like the team, but I... I worry about sounding negative."", ""start"": 34.4, ""end"": 37.5, ""confidence"": 0.89}, {""speaker"": 0, ""text"": ""That makes sense. Balancing honesty and positivity can be tricky. How do you think your team would react?"", ""start"": 37.8, ""end"": 41.0, ""confidence"": 0.91}, {""speaker"": 1, ""text"": ""Um, I think they\u2019d be supportive, but... I don\u2019t want to bring the mood down, you know?"", ""start"": 41.3, ""end"": 44.5, ""confidence"": 0.9}, {""speaker"": 0, ""text"": ""Totally get that. But maybe addressing these issues could improve things overall?"", ""start"": 44.8, ""end"": 48.0, ""confidence"": 0.94}, {""speaker"": 1, ""text"": ""Yeah, I guess so. It\u2019s just tough to balance. I mean, I love being part of this team, but... sometimes I really question if it\u2019s the right fit for me."", ""start"": 48.3, ""end"": 53.0, ""confidence"": 0.88}]}}}}"
a6cd85d9-51b2-4d4f-8188-987cbe3aaaf7,6b74b838-bd51-4f6b-a0e2-eb782d310ebe,en,true,"{""body"": {""payload"": {""transcription"": {""utterances"": [{""speaker"": 0, ""text"": ""Thanks for agreeing to this interview. How's your day going so far?"", ""start"": 0.5, ""end"": 3.0, ""confidence"": 0.96}, {""speaker"": 1, ""text"": ""It's going well, thanks! Just the usual busy day, you know?"", ""start"": 3.5, ""end"": 5.5, ""confidence"": 0.94}, {""speaker"": 0, ""text"": ""I totally get that. So, let\u2019s dive into conflict resolution. Can you tell me about a time you faced a conflict at work?"", ""start"": 6.0, ""end"": 8.5, ""confidence"": 0.95}, {""speaker"": 1, ""text"": ""Yeah, there was this project last year where two team members disagreed on the approach. It got kinda heated."", ""start"": 9.0, ""end"": 12.0, ""confidence"": 0.92}, {""speaker"": 0, ""text"": ""That sounds tough. How did you handle it?"", ""start"": 12.5, ""end"": 13.8, ""confidence"": 0.93}, {""speaker"": 1, ""text"": ""Well, first, I tried to listen to both sides. You know, really understand their perspectives before jumping in."", ""start"": 14.0, ""end"": 17.0, ""confidence"": 0.94}, {""speaker"": 0, ""text"": ""That's a good approach. Did you find that listening helped to ease the situation?"", ""start"": 17.5, ""end"": 19.0, ""confidence"": 0.95}, {""speaker"": 1, ""text"": ""Definitely! Once they felt heard, they were more open to finding a compromise. It was like a switch flipped."", ""start"": 19.5, ""end"": 22.0, ""confidence"": 0.96}, {""speaker"": 0, ""text"": ""That\u2019s interesting. What strategies did you suggest to resolve the conflict?"", ""start"": 22.5, ""end"": 25.0, ""confidence"": 0.94}, {""speaker"": 1, ""text"": ""I suggested a brainstorming session where we could discuss all ideas without judgment. Just to get everything out there, you know?"", ""start"": 25.5, ""end"": 29.0, ""confidence"": 0.95}, {""speaker"": 0, ""text"": ""That sounds effective! How did they respond to that idea?"", ""start"": 29.5, ""end"": 31.5, ""confidence"": 0.94}, {""speaker"": 1, ""text"": ""They were actually really receptive. It took some time, but we ended up merging their ideas into a solid plan."", ""start"": 32.0, ""end"": 35.5, ""confidence"": 0.93}, {""speaker"": 0, ""text"": ""Great outcome! Looking back, what do you think was the key to resolving this conflict?"", ""start"": 36.0, ""end"": 39.0, ""confidence"": 0.95}, {""speaker"": 1, ""text"": ""I think it was all about creating a safe space to communicate. When people feel safe, they\u2019re more willing to work together."", ""start"": 39.5, ""end"": 43.0, ""confidence"": 0.96}, {""speaker"": 0, ""text"": ""That makes a lot of sense. Do you have any tips for others dealing with workplace conflicts?"", ""start"": 43.5, ""end"": 46.0, ""confidence"": 0.93}, {""speaker"": 1, ""text"": ""For sure! I\u2019d say, focus on listening first. It\u2019s easy to jump into problem-solving, but understanding is key."", ""start"": 46.5, ""end"": 50.0, ""confidence"": 0.95}, {""speaker"": 0, ""text"": ""Thanks for sharing that! Any final thoughts on conflict resolution?"", ""start"": 50.5, ""end"": 53.0, ""confidence"": 0.94}, {""speaker"": 1, ""text"": ""Just that it\u2019s a skill that takes practice. The more you engage in these situations, the better you get at handling them."", ""start"": 53.5, ""end"": 57.0, ""confidence"": 0.96}]}}}}"
87b9e945-168d-4608-a984-2212c00fce95,f41ba610-9896-4cd8-9283-65c27d256b6c,en,true,"{""body"": {""payload"": {""transcription"": {""utterances"": [{""speaker"": 0, ""text"": ""Thanks for taking the time to chat with me today."", ""start"": 0.0, ""end"": 3.0, ""confidence"": 0.96}, {""speaker"": 1, ""text"": ""Yeah, no problem. I'm glad to do it."", ""start"": 3.5, ""end"": 5.5, ""confidence"": 0.94}, {""speaker"": 0, ""text"": ""So, how has remote work been for you overall?"", ""start"": 6.0, ""end"": 8.3, ""confidence"": 0.93}, {""speaker"": 1, ""text"": ""Well, honestly, it's been a mix. Some days are great, but then others... not so much."", ""start"": 8.5, ""end"": 11.5, ""confidence"": 0.95}, {""speaker"": 0, ""text"": ""What do you mean by a mix? Could you elaborate on those days?"", ""start"": 11.8, ""end"": 14.2, ""confidence"": 0.94}, {""speaker"": 1, ""text"": ""Yeah, like, I love the flexibility, for sure, but I also find it hard to separate work from home life, you know?"", ""start"": 14.5, ""end"": 18.0, ""confidence"": 0.97}, {""speaker"": 0, ""text"": ""That makes sense. How do you usually manage that separation?"", ""start"": 18.3, ""end"": 20.8, ""confidence"": 0.92}, {""speaker"": 1, ""text"": ""I try to set strict work hours, but, um, sometimes I just... forget? And I end up working late."", ""start"": 21.0, ""end"": 24.0, ""confidence"": 0.96}, {""speaker"": 0, ""text"": ""Have you found any particular strategies that help you stay focused?"", ""start"": 24.5, ""end"": 27.5, ""confidence"": 0.91}, {""speaker"": 1, ""text"": ""I think so. I use a timer for breaks... and I block distracting sites. But, honestly, I'm not sure how effective it is."", ""start"": 27.8, ""end"": 31.5, ""confidence"": 0.94}, {""speaker"": 0, ""text"": ""Interesting! Have you missed any aspects of in-office work?"", ""start"": 31.8, ""end"": 34.2, ""confidence"": 0.93}, {""speaker"": 1, ""text"": ""Definitely! The social aspect is huge. Sometimes I miss just chatting with coworkers... and those spontaneous meetings, I guess."", ""start"": 34.5, ""end"": 38.2, ""confidence"": 0.95}, {""speaker"": 0, ""text"": ""Yeah, that's a common sentiment. How do you stay connected with your team remotely?"", ""start"": 38.5, ""end"": 41.5, ""confidence"": 0.92}, {""speaker"": 1, ""text"": ""We have regular video calls and chats, and I try to reach out individually, but... I don't remember exactly how often that happens."", ""start"": 41.8, ""end"": 45.5, ""confidence"": 0.93}, {""speaker"": 0, ""text"": ""What about the tools you use? Do you find them effective for collaboration?"", ""start"": 45.8, ""end"": 48.0, ""confidence"": 0.89}, {""speaker"": 1, ""text"": ""Most of them work fine, but sometimes it feels like too many platforms\u2014like, I get confused switching between them."", ""start"": 48.2, ""end"": 52.0, ""confidence"": 0.94}, {""speaker"": 0, ""text"": ""That sounds frustrating. If you could change something about remote work, what would it be?"", ""start"": 52.3, ""end"": 55.5, ""confidence"": 0.91}, {""speaker"": 1, ""text"": ""Hmm, maybe just a better balance? Like, more team-building activities or something online? It feels like we need that."", ""start"": 55.8, ""end"": 59.2, ""confidence"": 0.95}, {""speaker"": 0, ""text"": ""That's a great point. Thanks for sharing your thoughts today!"", ""start"": 59.5, ""end"": 61.5, ""confidence"": 0.96}, {""speaker"": 1, ""text"": ""Thanks for having me! I enjoyed this chat."", ""start"": 61.8, ""end"": 63.0, ""confidence"": 0.95}]}}}}"
619755b8-96d7-4088-9d60-39ed4cd68e53,b7b82cc1-99f7-4129-948e-28e0c646c793,en,true,"{""body"": {""payload"": {""transcription"": {""utterances"": [{""speaker"": 0, ""text"": ""Thanks for taking the time to chat today! Let's dive into salary expectations."", ""start"": 0.5, ""end"": 3.2, ""confidence"": 0.95}, {""speaker"": 1, ""text"": ""Sure thing! I think it's a really important topic."", ""start"": 3.5, ""end"": 5.2, ""confidence"": 0.92}, {""speaker"": 0, ""text"": ""Absolutely. So, can you tell me what your salary expectations are?"", ""start"": 5.5, ""end"": 8.0, ""confidence"": 0.94}, {""speaker"": 1, ""text"": ""Well, I've been doing some research, you know, and for my role, I\u2019d say around... um, fifty to sixty thousand would be ideal."", ""start"": 8.3, ""end"": 12.0, ""confidence"": 0.9}, {""speaker"": 0, ""text"": ""Got it. What factors led you to that range?"", ""start"": 12.3, ""end"": 14.0, ""confidence"": 0.96}, {""speaker"": 1, ""text"": ""So, I've looked at job postings and talked to a few people in the industry, plus my experience and skills... I think they align with that."", ""start"": 14.5, ""end"": 19.0, ""confidence"": 0.93}, {""speaker"": 0, ""text"": ""That makes sense! How did your previous jobs influence your expectations?"", ""start"": 19.5, ""end"": 22.0, ""confidence"": 0.91}, {""speaker"": 1, ""text"": ""Well, in my last job, I was earning around forty-five thousand. It felt low for the amount of work I was doing, honestly."", ""start"": 22.3, ""end"": 26.0, ""confidence"": 0.89}, {""speaker"": 0, ""text"": ""I see. So, you're looking for a better match this time around?"", ""start"": 26.3, ""end"": 28.0, ""confidence"": 0.95}, {""speaker"": 1, ""text"": ""Exactly! Plus, I\u2019ve taken on more responsibilities, so it seems fair to ask for more."", ""start"": 28.5, ""end"": 31.0, ""confidence"": 0.93}, {""speaker"": 0, ""text"": ""That\u2019s totally valid. Have you thought about how you would negotiate this with a potential employer?"", ""start"": 31.3, ""end"": 35.0, ""confidence"": 0.97}, {""speaker"": 1, ""text"": ""Yeah, I\u2019ve been practicing! I think it\u2019s really about showing my value and what I can bring to the team."", ""start"": 35.5, ""end"": 39.0, ""confidence"": 0.92}, {""speaker"": 0, ""text"": ""Definitely. What do you think is the most challenging part of salary negotiations?"", ""start"": 39.3, ""end"": 42.0, ""confidence"": 0.94}, {""speaker"": 1, ""text"": ""Hmm, probably talking about money itself. It feels kinda awkward, you know? Like, can I ask for too much?"", ""start"": 42.3, ""end"": 46.0, ""confidence"": 0.91}, {""speaker"": 0, ""text"": ""That\u2019s a common worry. Do you have any strategies to handle that discomfort?"", ""start"": 46.3, ""end"": 49.0, ""confidence"": 0.96}, {""speaker"": 1, ""text"": ""I try to remind myself it's a normal part of the process. And I aim to be prepared, like having data to back up my request."", ""start"": 49.5, ""end"": 55.0, ""confidence"": 0.89}, {""speaker"": 0, ""text"": ""Preparation is key for sure! Last question: do you think expectations vary a lot between different industries?"", ""start"": 55.3, ""end"": 58.0, ""confidence"": 0.95}, {""speaker"": 1, ""text"": ""Oh, absolutely. I mean, tech is way different from education, for example. It all depends on demand and what skills are valued."", ""start"": 58.3, ""end"": 62.0, ""confidence"": 0.92}]}}}}"
aca0aa00-841f-454e-b9a1-6076ec5f40fc,f41ba610-9896-4cd8-9283-65c27d256b6c,en,true,"{""body"": {""payload"": {""transcription"": {""utterances"": [{""speaker"": 0, ""text"": ""Thanks for coming in today. To start off, how would you describe the overall culture of your company?"", ""start"": 0.5, ""end"": 4.2, ""confidence"": 0.93}, {""speaker"": 1, ""text"": ""Yeah, I\u2019d say it\u2019s pretty collaborative. Everyone\u2019s encouraged to share ideas and, um, speak up, you know?"", ""start"": 4.5, ""end"": 8.1, ""confidence"": 0.94}, {""speaker"": 0, ""text"": ""That sounds great! Can you give me an example of how that collaboration plays out in your day-to-day work?"", ""start"": 8.3, ""end"": 12.0, ""confidence"": 0.92}, {""speaker"": 1, ""text"": ""Sure! So, we have these weekly brainstorming sessions where anyone can pitch ideas. Last week, someone suggested a new approach to our client meetings, and it... it really took off!"", ""start"": 12.2, ""end"": 17.0, ""confidence"": 0.93}, {""speaker"": 0, ""text"": ""Wow, that sounds like a productive environment. What do you think makes people feel comfortable sharing their ideas?"", ""start"": 17.3, ""end"": 21.4, ""confidence"": 0.91}, {""speaker"": 1, ""text"": ""I think it\u2019s the leadership, honestly. They really value what everyone has to say and, um, they listen. And it\u2019s also about trust; we know we won\u2019t be shot down."", ""start"": 21.7, ""end"": 26.2, ""confidence"": 0.95}, {""speaker"": 0, ""text"": ""That\u2019s really important. Are there any particular values that your company emphasizes?"", ""start"": 26.5, ""end"": 29.7, ""confidence"": 0.89}, {""speaker"": 1, ""text"": ""Absolutely! Innovation, integrity, and teamwork are big ones. We have these values posted everywhere, and they\u2019re really part of our daily discussions."", ""start"": 29.9, ""end"": 34.4, ""confidence"": 0.96}, {""speaker"": 0, ""text"": ""How do those values influence the way people interact with each other?"", ""start"": 34.6, ""end"": 38.3, ""confidence"": 0.9}, {""speaker"": 1, ""text"": ""Well, you know, when integrity's a core value, people tend to be more honest in their feedback, and when teamwork is, um, encouraged, we just work better together!"", ""start"": 38.5, ""end"": 43.0, ""confidence"": 0.94}, {""speaker"": 0, ""text"": ""That makes sense! Have you noticed any challenges in maintaining this culture?"", ""start"": 43.2, ""end"": 46.3, ""confidence"": 0.88}, {""speaker"": 1, ""text"": ""Definitely. Sometimes, when the workload gets heavy, it feels like communication suffers. People just get... overwhelmed and might not reach out as much."", ""start"": 46.5, ""end"": 51.4, ""confidence"": 0.92}, {""speaker"": 0, ""text"": ""Yeah, I can see how that would happen. How do you think the company addresses that?"", ""start"": 51.7, ""end"": 54.9, ""confidence"": 0.89}, {""speaker"": 1, ""text"": ""They try to promote work-life balance, like offering flexible hours and encouraging breaks. It's like they really want us to take care of ourselves, you know?"", ""start"": 55.1, ""end"": 59.8, ""confidence"": 0.95}, {""speaker"": 0, ""text"": ""That\u2019s a great approach. So, looking ahead, what do you hope to see change or improve in the company culture?"", ""start"": 60.0, ""end"": 65.0, ""confidence"": 0.91}, {""speaker"": 1, ""text"": ""I\u2019d love to see more, um, mentorship programs. I think that could really help newer employees feel more connected and engaged."", ""start"": 65.2, ""end"": 68.8, ""confidence"": 0.94}, {""speaker"": 0, ""text"": ""That\u2019s a wonderful idea! Thank you so much for sharing your thoughts today. Any final words on what makes your company unique?"", ""start"": 69.0, ""end"": 73.2, ""confidence"": 0.92}, {""speaker"": 1, ""text"": ""Just that it feels like a family, you know? We support each other, and it really does feel like we\u2019re all in this together."", ""start"": 73.5, ""end"": 77.0, ""confidence"": 0.95}]}}}}"
021725ff-fcb3-4c2b-92b6-8221e05b93df,b0d46c72-5527-4cec-8474-868d1da0eb55,en,true,"{""body"": {""payload"": {""transcription"": {""utterances"": [{""speaker"": 0, ""text"": ""Thanks for chatting with me today about your onboarding experience."", ""start"": 0.5, ""end"": 3.0, ""confidence"": 0.94}, {""speaker"": 1, ""text"": ""Yeah, no problem! It's a big topic for me."", ""start"": 3.2, ""end"": 5.5, ""confidence"": 0.93}, {""speaker"": 0, ""text"": ""Great! So could you tell me what your first day felt like?"", ""start"": 5.7, ""end"": 8.0, ""confidence"": 0.95}, {""speaker"": 1, ""text"": ""Sure! Honestly, it was a bit overwhelming at first."", ""start"": 8.3, ""end"": 10.3, ""confidence"": 0.9}, {""speaker"": 1, ""text"": ""I mean, I got there and the place was buzzing with activity."", ""start"": 10.5, ""end"": 12.5, ""confidence"": 0.92}, {""speaker"": 0, ""text"": ""That sounds exciting! What did you do next?"", ""start"": 12.8, ""end"": 14.5, ""confidence"": 0.96}, {""speaker"": 1, ""text"": ""Well, I got a tour of the office, which was kinda cool, but also a lot to take in."", ""start"": 14.8, ""end"": 17.5, ""confidence"": 0.89}, {""speaker"": 0, ""text"": ""And how about meeting your team?"", ""start"": 17.7, ""end"": 19.2, ""confidence"": 0.94}, {""speaker"": 1, ""text"": ""Oh, that was nice! They were really welcoming, but I still felt a bit like an outsider."", ""start"": 19.5, ""end"": 22.5, ""confidence"": 0.91}, {""speaker"": 0, ""text"": ""Totally understandable. Did they have any onboarding activities planned?"", ""start"": 22.8, ""end"": 25.0, ""confidence"": 0.95}, {""speaker"": 1, ""text"": ""Yeah! They had some icebreakers and team lunches, which helped."", ""start"": 25.3, ""end"": 27.5, ""confidence"": 0.92}, {""speaker"": 0, ""text"": ""That's good to hear! Did you feel prepared for your role?"", ""start"": 27.8, ""end"": 30.1, ""confidence"": 0.96}, {""speaker"": 1, ""text"": ""Honestly, not really at first. I was still figuring things out."", ""start"": 30.4, ""end"": 32.5, ""confidence"": 0.9}, {""speaker"": 0, ""text"": ""What do you think could've made it easier for you?"", ""start"": 32.8, ""end"": 35.0, ""confidence"": 0.92}, {""speaker"": 1, ""text"": ""Maybe a more structured plan? Like, clear goals for the first few weeks?"", ""start"": 35.3, ""end"": 38.0, ""confidence"": 0.91}, {""speaker"": 0, ""text"": ""That makes a lot of sense. Anything else you wish was different?"", ""start"": 38.3, ""end"": 40.5, ""confidence"": 0.94}, {""speaker"": 1, ""text"": ""Just more one-on-one check-ins would\u2019ve helped, I think."", ""start"": 40.8, ""end"": 42.5, ""confidence"": 0.93}, {""speaker"": 0, ""text"": ""Right, feedback is important. Overall, how do you feel about the experience now?"", ""start"": 42.8, ""end"": 46.0, ""confidence"": 0.95}, {""speaker"": 1, ""text"": ""I feel way better now, but it took a bit to get there."", ""start"": 46.3, ""end"": 48.5, ""confidence"": 0.92}, {""speaker"": 0, ""text"": ""Thank you for sharing all this. It\u2019s really helpful!"", ""start"": 48.8, ""end"": 50.5, ""confidence"": 0.97}]}}}}"
37327b8a-1aa6-40fe-af99-f5b78b058992,6b74b838-bd51-4f6b-a0e2-eb782d310ebe,en,true,"{""body"": {""payload"": {""transcription"": {""utterances"": [{""speaker"": 0, ""text"": ""Thanks for agreeing to this interview about job satisfaction."", ""start"": 0.5, ""end"": 3.0, ""confidence"": 0.95}, {""speaker"": 1, ""text"": ""Yeah, no problem! I think it's an interesting topic."", ""start"": 3.5, ""end"": 6.0, ""confidence"": 0.93}, {""speaker"": 0, ""text"": ""To start off, can you tell me what job satisfaction means to you?"", ""start"": 6.2, ""end"": 9.0, ""confidence"": 0.97}, {""speaker"": 1, ""text"": ""Sure! I guess for me, it\u2019s about feeling content and fulfilled at work. Like, um, enjoying what I do and feeling appreciated."", ""start"": 9.5, ""end"": 14.0, ""confidence"": 0.95}, {""speaker"": 0, ""text"": ""That makes sense. So, what aspects of your job do you think contribute most to your satisfaction?"", ""start"": 14.2, ""end"": 17.5, ""confidence"": 0.96}, {""speaker"": 1, ""text"": ""I think it\u2019s mainly the team I work with. We have a good vibe, and I feel like I can rely on them. Also, the flexible hours help a lot."", ""start"": 17.8, ""end"": 23.0, ""confidence"": 0.94}, {""speaker"": 0, ""text"": ""Nice! And what do you find less satisfying about your job?"", ""start"": 23.2, ""end"": 26.2, ""confidence"": 0.95}, {""speaker"": 1, ""text"": ""Hmm, I\u2019d say sometimes the workload can be overwhelming. I mean, deadlines can really stress me out. And, uh, I don't remember exactly when it started, but it's been a bit much lately."", ""start"": 26.5, ""end"": 33.0, ""confidence"": 0.91}, {""speaker"": 0, ""text"": ""Yeah, I can understand that. How do you usually cope with those stressful moments?"", ""start"": 33.2, ""end"": 36.0, ""confidence"": 0.96}, {""speaker"": 1, ""text"": ""Well, I try to take short breaks, you know? Just step away from my desk and clear my head. Sometimes, I chat with coworkers to lighten the mood."", ""start"": 36.5, ""end"": 42.0, ""confidence"": 0.94}, {""speaker"": 0, ""text"": ""That sounds helpful! Have you ever thought about changing jobs due to dissatisfaction?"", ""start"": 42.2, ""end"": 45.2, ""confidence"": 0.96}, {""speaker"": 1, ""text"": ""Yeah, I\u2019ve considered it a couple of times. But, um, I think I\u2019m still learning and growing in my current role, so I\u2019m kinda holding off for now."", ""start"": 45.5, ""end"": 51.0, ""confidence"": 0.93}, {""speaker"": 0, ""text"": ""That\u2019s a good perspective. Do you think your job satisfaction has changed over time?"", ""start"": 51.2, ""end"": 54.0, ""confidence"": 0.95}, {""speaker"": 1, ""text"": ""Definitely. When I first started, I was super excited, but then, you know, reality hits. So, it kinda fluctuates. I'm not sure if it\u2019s just me or if it's the environment, but yeah."", ""start"": 54.3, ""end"": 61.0, ""confidence"": 0.92}, {""speaker"": 0, ""text"": ""Interesting! What do you think would improve your job satisfaction?"", ""start"": 61.2, ""end"": 64.0, ""confidence"": 0.95}, {""speaker"": 1, ""text"": ""Maybe more recognition for the work we do? And some more resources would help too. I don\u2019t remember exactly, but it feels like there have been budget cuts."", ""start"": 64.3, ""end"": 70.5, ""confidence"": 0.9}, {""speaker"": 0, ""text"": ""That\u2019s a valid point. So, overall, how satisfied are you with your job right now?"", ""start"": 70.7, ""end"": 73.5, ""confidence"": 0.96}, {""speaker"": 1, ""text"": ""I\u2019d say I\u2019m moderately satisfied. There are definitely things I love, but there\u2019s room for improvement too."", ""start"": 73.8, ""end"": 78.0, ""confidence"": 0.94}, {""speaker"": 0, ""text"": ""Thanks for sharing that! It's been really insightful."", ""start"": 78.2, ""end"": 81.0, ""confidence"": 0.97}, {""speaker"": 1, ""text"": ""No problem! Happy to help."", ""start"": 81.2, ""end"": 83.0, ""confidence"": 0.95}]}}}}"
c565c33e-6931-4914-9bac-503daa0ffe64,6b74b838-bd51-4f6b-a0e2-eb782d310ebe,en,true,"{""body"": {""payload"": {""transcription"": {""utterances"": [{""speaker"": 0, ""text"": ""Thanks for taking the time to chat with me today about work-life balance."", ""start"": 0.5, ""end"": 3.0, ""confidence"": 0.95}, {""speaker"": 1, ""text"": ""Yeah, no problem! I think it's super important."", ""start"": 3.5, ""end"": 5.2, ""confidence"": 0.94}, {""speaker"": 0, ""text"": ""To start off, could you tell me what work-life balance means to you?"", ""start"": 5.5, ""end"": 8.0, ""confidence"": 0.96}, {""speaker"": 1, ""text"": ""Sure! For me, it's about finding that sweet spot between my job and, like, personal life. You know, not letting one take over the other."", ""start"": 8.5, ""end"": 12.0, ""confidence"": 0.93}, {""speaker"": 0, ""text"": ""That makes sense. Do you feel like you have that balance right now?"", ""start"": 12.5, ""end"": 14.9, ""confidence"": 0.91}, {""speaker"": 1, ""text"": ""Uh, it's a bit tricky. I mean, some weeks are better than others. Lately, I've been working a lot of overtime, so it's kinda hard to switch off."", ""start"": 15.2, ""end"": 19.0, ""confidence"": 0.89}, {""speaker"": 0, ""text"": ""What do you think contributes to that overtime? Is it project deadlines or something else?"", ""start"": 19.5, ""end"": 22.3, ""confidence"": 0.92}, {""speaker"": 1, ""text"": ""Definitely project deadlines! But also, I think there's this unspoken pressure to always be on. Like, people expect you to respond to emails at night or on weekends."", ""start"": 22.5, ""end"": 27.5, ""confidence"": 0.9}, {""speaker"": 0, ""text"": ""That sounds exhausting. How do you usually cope with that pressure?"", ""start"": 28.0, ""end"": 30.5, ""confidence"": 0.94}, {""speaker"": 1, ""text"": ""I try to set boundaries, but honestly, it\u2019s tough. I sometimes just need to switch off my phone to get a break."", ""start"": 31.0, ""end"": 34.5, ""confidence"": 0.93}, {""speaker"": 0, ""text"": ""It's good that you recognize the need for boundaries. Have you talked to your team or manager about this?"", ""start"": 34.8, ""end"": 37.5, ""confidence"": 0.91}, {""speaker"": 1, ""text"": ""I have! They\u2019re pretty understanding, but you know how it is. Everyone's busy, and it feels like there's always more work."", ""start"": 37.7, ""end"": 41.0, ""confidence"": 0.88}, {""speaker"": 0, ""text"": ""Totally get that. What do you think organizations can do to help improve work-life balance for their employees?"", ""start"": 41.5, ""end"": 45.0, ""confidence"": 0.92}, {""speaker"": 1, ""text"": ""I think they could offer more flexible hours or remote work options. It really helps if you can manage your own schedule."", ""start"": 45.5, ""end"": 48.5, ""confidence"": 0.95}, {""speaker"": 0, ""text"": ""That\u2019s a great idea. Have you noticed any changes in how your workplace approaches this lately?"", ""start"": 49.0, ""end"": 52.0, ""confidence"": 0.93}, {""speaker"": 1, ""text"": ""Yeah, actually! They started these 'digital detox' days where we\u2019re encouraged to not check emails at all. It's been nice."", ""start"": 52.5, ""end"": 55.5, ""confidence"": 0.94}, {""speaker"": 0, ""text"": ""That sounds refreshing! How has it impacted you?"", ""start"": 56.0, ""end"": 58.5, ""confidence"": 0.92}, {""speaker"": 1, ""text"": ""Honestly, it helps a lot. Gives me a chance to unwind and focus on other things, like my hobbies."", ""start"": 59.0, ""end"": 62.0, ""confidence"": 0.93}, {""speaker"": 0, ""text"": ""That\u2019s awesome to hear! What hobbies do you enjoy?"", ""start"": 62.5, ""end"": 64.0, ""confidence"": 0.91}, {""speaker"": 1, ""text"": ""I love painting, actually! And also hiking when the weather's nice. It really helps me clear my head."", ""start"": 64.5, ""end"": 68.0, ""confidence"": 0.95}]}}}}"
c4bf1f1b-409a-4e4a-8889-602d68ef40f4,f41ba610-9896-4cd8-9283-65c27d256b6c,en,true,"{""body"": {""payload"": {""transcription"": {""utterances"": [{""speaker"": 0, ""text"": ""Thanks for taking the time to chat with me today."", ""start"": 0.5, ""end"": 3.0, ""confidence"": 0.95}, {""speaker"": 1, ""text"": ""No problem, I appreciate the opportunity."", ""start"": 3.5, ""end"": 5.0, ""confidence"": 0.96}, {""speaker"": 0, ""text"": ""So, let's dive right in. How do you generally feel about performance reviews?"", ""start"": 5.5, ""end"": 8.5, ""confidence"": 0.94}, {""speaker"": 1, ""text"": ""Honestly, they can be a bit nerve-wracking, you know? I mean, it's like, you want to hear good things, but there's always that worry about what might come up."", ""start"": 9.0, ""end"": 14.0, ""confidence"": 0.93}, {""speaker"": 0, ""text"": ""That makes sense. Can you tell me about a specific review that stood out to you?"", ""start"": 14.5, ""end"": 17.0, ""confidence"": 0.92}, {""speaker"": 1, ""text"": ""Yeah, last year\u2019s review was pretty memorable. My manager was super direct about my performance, which was kinda refreshing, but also... intense."", ""start"": 17.5, ""end"": 23.0, ""confidence"": 0.94}, {""speaker"": 0, ""text"": ""What do you mean by 'intense'?"", ""start"": 23.5, ""end"": 25.0, ""confidence"": 0.91}, {""speaker"": 1, ""text"": ""Well, he really laid out my strengths and weaknesses, but in a way that felt... personal? Like, it wasn\u2019t just numbers on a page, it felt like he actually cared."", ""start"": 25.5, ""end"": 30.5, ""confidence"": 0.95}, {""speaker"": 0, ""text"": ""That's interesting. How did you respond to that feedback?"", ""start"": 31.0, ""end"": 33.0, ""confidence"": 0.92}, {""speaker"": 1, ""text"": ""I was a bit taken aback at first. I mean, it was hard to hear some of the critiques, but eventually, I saw it as a chance to improve. Like, it motivated me, you know?"", ""start"": 33.5, ""end"": 39.5, ""confidence"": 0.93}, {""speaker"": 0, ""text"": ""It sounds like it was a catalyst for change. Do you think that kind of honesty is typical in performance reviews?"", ""start"": 40.0, ""end"": 42.0, ""confidence"": 0.91}, {""speaker"": 1, ""text"": ""Not really. I feel like a lot of reviews are kinda surface-level? But I think if more managers were open like that, it could really help."", ""start"": 42.5, ""end"": 48.0, ""confidence"": 0.94}, {""speaker"": 0, ""text"": ""Interesting perspective. What would you say are the biggest benefits of a well-conducted performance review?"", ""start"": 48.5, ""end"": 52.0, ""confidence"": 0.92}, {""speaker"": 1, ""text"": ""For me, it\u2019s about clarity. You get a clear picture of where you stand and what\u2019s expected. Also, it can really boost morale if done right, like, when you're acknowledged for your hard work."", ""start"": 52.5, ""end"": 58.5, ""confidence"": 0.95}, {""speaker"": 0, ""text"": ""And on the flip side, what do you think are the drawbacks?"", ""start"": 59.0, ""end"": 61.0, ""confidence"": 0.93}, {""speaker"": 1, ""text"": ""I guess if they're too vague or negative, they can really demotivate someone? Like, if you walk away feeling worse than before, that's not helpful at all."", ""start"": 61.5, ""end"": 66.0, ""confidence"": 0.94}, {""speaker"": 0, ""text"": ""Absolutely. So what changes would you like to see in future reviews?"", ""start"": 66.5, ""end"": 69.0, ""confidence"": 0.91}, {""speaker"": 1, ""text"": ""I think more regular check-ins would be great, instead of just annual reviews. That way, feedback is more timely and less overwhelming."", ""start"": 69.5, ""end"": 74.0, ""confidence"": 0.95}]}}}}"
7fca29e6-852b-4566-847c-d7ba2003843b,6b74b838-bd51-4f6b-a0e2-eb782d310ebe,en,true,"{""body"": {""payload"": {""transcription"": {""utterances"": [{""speaker"": 0, ""text"": ""Hi, thanks for taking the time to chat with me today. How are you?"", ""start"": 0.5, ""end"": 3.0, ""confidence"": 0.96}, {""speaker"": 1, ""text"": ""I\u2019m doing well, thanks! Just, uh, trying to balance work and studying a bit, you know?"", ""start"": 3.5, ""end"": 6.5, ""confidence"": 0.94}, {""speaker"": 0, ""text"": ""Absolutely, that makes sense. So, what are your current career goals?"", ""start"": 7.0, ""end"": 9.0, ""confidence"": 0.95}, {""speaker"": 1, ""text"": ""Right! Well, I\u2019m really aiming to transition into a management position. I\u2019ve been in my current role for a couple of years now, and I feel ready for more responsibility."", ""start"": 9.5, ""end"": 14.0, ""confidence"": 0.93}, {""speaker"": 0, ""text"": ""That\u2019s great! What specific skills do you think you need to develop for that transition?"", ""start"": 14.5, ""end"": 16.5, ""confidence"": 0.94}, {""speaker"": 1, ""text"": ""So, definitely leadership skills, like, uh, managing teams effectively. I also want to improve my strategic thinking, like, planning long term, you know?"", ""start"": 17.0, ""end"": 22.0, ""confidence"": 0.92}, {""speaker"": 0, ""text"": ""Yeah, those are crucial. How do you plan to develop those skills?"", ""start"": 22.5, ""end"": 24.0, ""confidence"": 0.95}, {""speaker"": 1, ""text"": ""I\u2019m actually looking into some online courses, and I\u2019ve also asked my manager if I can shadow her during meetings to see how she handles things."", ""start"": 24.5, ""end"": 30.0, ""confidence"": 0.93}, {""speaker"": 0, ""text"": ""That sounds like a solid plan! What motivates you to pursue this management path?"", ""start"": 30.5, ""end"": 33.0, ""confidence"": 0.94}, {""speaker"": 1, ""text"": ""I think it\u2019s just, like, I want to have a bigger impact. I enjoy mentoring my colleagues and, um, helping them grow, so I feel like management would let me do that on a larger scale."", ""start"": 33.5, ""end"": 39.0, ""confidence"": 0.91}, {""speaker"": 0, ""text"": ""That\u2019s a great perspective! Have you had any experiences that shaped this goal?"", ""start"": 39.5, ""end"": 41.5, ""confidence"": 0.95}, {""speaker"": 1, ""text"": ""Yeah, actually. Last year, I led a small project team, and it was, uh, challenging but really rewarding. We, like, achieved our targets, and it felt great to see my team succeed."", ""start"": 42.0, ""end"": 48.0, ""confidence"": 0.92}, {""speaker"": 0, ""text"": ""That must have been a pivotal moment for you. What do you think is your biggest challenge in reaching these goals?"", ""start"": 48.5, ""end"": 51.5, ""confidence"": 0.94}, {""speaker"": 1, ""text"": ""Honestly, I think it\u2019s, like, the confidence to step up and take initiative. Sometimes I doubt if I\u2019m ready, you know? Like, there\u2019s always that fear of failing."", ""start"": 52.0, ""end"": 57.5, ""confidence"": 0.93}, {""speaker"": 0, ""text"": ""That\u2019s pretty common, I think. How do you usually cope with that uncertainty?"", ""start"": 58.0, ""end"": 60.0, ""confidence"": 0.95}, {""speaker"": 1, ""text"": ""I try to remind myself of, um, my past successes and get feedback from trusted peers. It really helps to have their support and validation."", ""start"": 60.5, ""end"": 64.0, ""confidence"": 0.94}, {""speaker"": 0, ""text"": ""That\u2019s a very constructive approach! Any last thoughts on where you see yourself in, say, five years?"", ""start"": 64.5, ""end"": 67.0, ""confidence"": 0.95}, {""speaker"": 1, ""text"": ""I\u2019d love to be in a managerial role, hopefully in a company where I can keep learning and growing. And maybe even mentoring others by then!"", ""start"": 67.5, ""end"": 71.0, ""confidence"": 0.92}, {""speaker"": 0, ""text"": ""That sounds like a fantastic goal! Thanks so much for sharing your journey with me."", ""start"": 71.5, ""end"": 73.5, ""confidence"": 0.96}]}}}}"
3ec2d67a-ef5c-482c-acfb-3de2d77e3a12,b0d46c72-5527-4cec-8474-868d1da0eb55,en,true,"{""body"": {""payload"": {""transcription"": {""utterances"": [{""speaker"": 0, ""text"": ""Thanks for taking the time to chat today."", ""start"": 0.5, ""end"": 2.2, ""confidence"": 0.95}, {""speaker"": 1, ""text"": ""No problem! I'm glad to be here."", ""start"": 2.5, ""end"": 4.0, ""confidence"": 0.96}, {""speaker"": 0, ""text"": ""So, to kick things off, how would you describe the dynamics of your current team?"", ""start"": 4.5, ""end"": 7.2, ""confidence"": 0.94}, {""speaker"": 1, ""text"": ""Hmm, I\u2019d say it's pretty collaborative, you know? Everyone's got their strengths, and we really try to leverage that."", ""start"": 7.5, ""end"": 11.0, ""confidence"": 0.97}, {""speaker"": 0, ""text"": ""That sounds great! Can you give me an example of how that collaboration plays out?"", ""start"": 11.5, ""end"": 14.0, ""confidence"": 0.93}, {""speaker"": 1, ""text"": ""Sure! Like, last week we were working on a project that needed input from a few different areas. We had a brainstorming session, and everyone contributed ideas."", ""start"": 14.5, ""end"": 19.0, ""confidence"": 0.95}, {""speaker"": 0, ""text"": ""Nice! Were there any challenges during that process?"", ""start"": 19.5, ""end"": 21.6, ""confidence"": 0.92}, {""speaker"": 1, ""text"": ""Yeah, a couple. Some team members had different views on priorities, which led to some back and forth, but I think it helped us get to a better solution in the end."", ""start"": 21.9, ""end"": 27.0, ""confidence"": 0.96}, {""speaker"": 0, ""text"": ""That's an interesting point. How do you think those disagreements were resolved?"", ""start"": 27.5, ""end"": 29.5, ""confidence"": 0.94}, {""speaker"": 1, ""text"": ""Well, we all respect each other's opinions, so we took a step back and made sure everyone felt heard. Then we just voted on what we thought was best."", ""start"": 30.0, ""end"": 35.0, ""confidence"": 0.97}, {""speaker"": 0, ""text"": ""That\u2019s a good strategy! How do you feel about the leadership in your team? Does it impact dynamics?"", ""start"": 35.5, ""end"": 39.0, ""confidence"": 0.93}, {""speaker"": 1, ""text"": ""Definitely! Our manager encourages open communication, which helps a lot. It feels like we can approach them with anything, which is key for teamwork."", ""start"": 39.5, ""end"": 45.0, ""confidence"": 0.98}, {""speaker"": 0, ""text"": ""That\u2019s really valuable. Are there any specific practices your team uses to maintain these dynamics?"", ""start"": 45.5, ""end"": 48.5, ""confidence"": 0.92}, {""speaker"": 1, ""text"": ""Yeah, we do regular check-ins. It\u2019s like a quick pulse on how everyone\u2019s feeling about projects and the team overall. Keeps us aligned."", ""start"": 49.0, ""end"": 54.0, ""confidence"": 0.95}, {""speaker"": 0, ""text"": ""That sounds effective! How often do those check-ins happen?"", ""start"": 54.5, ""end"": 56.5, ""confidence"": 0.91}, {""speaker"": 1, ""text"": ""We do them bi-weekly, and they\u2019re pretty informal. Just a way to touch base, you know?"", ""start"": 57.0, ""end"": 60.0, ""confidence"": 0.94}, {""speaker"": 0, ""text"": ""Good to know! Lastly, what do you think could improve your team dynamics even further?"", ""start"": 60.5, ""end"": 63.0, ""confidence"": 0.93}, {""speaker"": 1, ""text"": ""Maybe some team-building activities? We\u2019re all pretty close, but I think having some fun outside of work could strengthen those bonds even more."", ""start"": 63.5, ""end"": 68.0, ""confidence"": 0.96}]}}}}"
7ff045d1-27ec-45b1-aa31-875baee00c3a,4cf59f89-f0bc-4d8c-9516-9c238fa1f934,en,true,"{""body"": {""payload"": {""transcription"": {""utterances"": [{""speaker"": 0, ""text"": ""Thanks for being here today to talk about conflict resolution."", ""start"": 0.5, ""end"": 3.1, ""confidence"": 0.96}, {""speaker"": 1, ""text"": ""Yeah, no problem! I'm glad to share my thoughts."", ""start"": 3.5, ""end"": 5.0, ""confidence"": 0.94}, {""speaker"": 0, ""text"": ""So, can you describe a situation where you had to resolve a conflict?"", ""start"": 5.2, ""end"": 8.0, ""confidence"": 0.95}, {""speaker"": 1, ""text"": ""Sure! Last year at work, a colleague and I disagreed on a project approach."", ""start"": 8.3, ""end"": 11.0, ""confidence"": 0.93}, {""speaker"": 0, ""text"": ""What was the main point of disagreement?"", ""start"": 11.2, ""end"": 12.8, ""confidence"": 0.94}, {""speaker"": 1, ""text"": ""It was about the direction we should take with the project timeline. I thought we should push back, but they wanted to stick to the original schedule."", ""start"": 13.0, ""end"": 17.0, ""confidence"": 0.92}, {""speaker"": 0, ""text"": ""How did you approach that conversation?"", ""start"": 17.2, ""end"": 19.0, ""confidence"": 0.95}, {""speaker"": 1, ""text"": ""Well, I tried to be open and listen. I asked them why they felt so strongly about the timeline."", ""start"": 19.3, ""end"": 22.0, ""confidence"": 0.93}, {""speaker"": 0, ""text"": ""And what did they say?"", ""start"": 22.1, ""end"": 23.4, ""confidence"": 0.94}, {""speaker"": 1, ""text"": ""They were really concerned about meeting client expectations, which made sense."", ""start"": 23.6, ""end"": 25.5, ""confidence"": 0.91}, {""speaker"": 0, ""text"": ""So how did you find common ground?"", ""start"": 25.7, ""end"": 27.5, ""confidence"": 0.95}, {""speaker"": 1, ""text"": ""We ended up discussing a compromise. I suggested some buffer time, and they agreed it could work if we communicated it clearly to the client."", ""start"": 27.7, ""end"": 31.5, ""confidence"": 0.92}, {""speaker"": 0, ""text"": ""That sounds productive! How did you feel after resolving it?"", ""start"": 31.7, ""end"": 34.0, ""confidence"": 0.94}, {""speaker"": 1, ""text"": ""Honestly, relieved. It felt good to work through it together rather than just arguing."", ""start"": 34.2, ""end"": 37.0, ""confidence"": 0.93}, {""speaker"": 0, ""text"": ""Do you think you learned anything from that experience?"", ""start"": 37.2, ""end"": 39.0, ""confidence"": 0.95}, {""speaker"": 1, ""text"": ""Definitely! Listening is key. And being open to compromise can really help in a conflict."", ""start"": 39.2, ""end"": 42.0, ""confidence"": 0.94}, {""speaker"": 0, ""text"": ""Great insight! How do you usually prepare for potential conflicts?"", ""start"": 42.2, ""end"": 45.0, ""confidence"": 0.93}, {""speaker"": 1, ""text"": ""I try to stay calm and think about the other person's perspective. It helps me to not get defensive."", ""start"": 45.2, ""end"": 48.5, ""confidence"": 0.92}, {""speaker"": 0, ""text"": ""That\u2019s a valuable strategy! Thank you for sharing your experience."", ""start"": 48.7, ""end"": 51.0, ""confidence"": 0.96}]}}}}"
19f60797-b0ae-4eac-aa0d-2a1a6175d83a,b0d46c72-5527-4cec-8474-868d1da0eb55,en,true,"{""body"": {""payload"": {""transcription"": {""utterances"": [{""speaker"": 0, ""text"": ""Thanks for taking the time to chat with me today."", ""start"": 0.5, ""end"": 3.0, ""confidence"": 0.95}, {""speaker"": 1, ""text"": ""No problem! I actually enjoy these kinds of discussions."", ""start"": 3.2, ""end"": 5.5, ""confidence"": 0.93}, {""speaker"": 0, ""text"": ""Great to hear! So, can you tell me how long you've been working remotely?"", ""start"": 5.7, ""end"": 8.0, ""confidence"": 0.96}, {""speaker"": 1, ""text"": ""Yeah, it's been about two years now. I transitioned just before the pandemic hit."", ""start"": 8.2, ""end"": 11.0, ""confidence"": 0.94}, {""speaker"": 0, ""text"": ""Interesting timing! How has that experience been for you?"", ""start"": 11.2, ""end"": 13.5, ""confidence"": 0.97}, {""speaker"": 1, ""text"": ""Well, it was a bit rocky at first. I mean, adjusting to a home office setup was... challenging, to say the least."", ""start"": 13.7, ""end"": 17.2, ""confidence"": 0.92}, {""speaker"": 0, ""text"": ""What challenges did you face specifically?"", ""start"": 17.4, ""end"": 19.2, ""confidence"": 0.95}, {""speaker"": 1, ""text"": ""Mostly distractions at home. You know, family and just... the lure of the couch."", ""start"": 19.4, ""end"": 22.5, ""confidence"": 0.9}, {""speaker"": 0, ""text"": ""Totally get that! Have you found ways to manage those distractions?"", ""start"": 22.7, ""end"": 25.2, ""confidence"": 0.96}, {""speaker"": 1, ""text"": ""Yeah, I set up a dedicated workspace and set strict hours for myself. That really helps."", ""start"": 25.4, ""end"": 28.5, ""confidence"": 0.93}, {""speaker"": 0, ""text"": ""That\u2019s smart! How do you feel about the balance between work and personal life now?"", ""start"": 28.7, ""end"": 31.2, ""confidence"": 0.95}, {""speaker"": 1, ""text"": ""It's definitely better than it was at the start. I think I\u2019ve learned to... like, clock off more effectively now."", ""start"": 31.4, ""end"": 34.5, ""confidence"": 0.91}, {""speaker"": 0, ""text"": ""That\u2019s awesome! What about social interactions? Do you miss the office environment?"", ""start"": 34.7, ""end"": 37.0, ""confidence"": 0.94}, {""speaker"": 1, ""text"": ""Oh, for sure! I mean, video calls are nice, but it\u2019s not the same as grabbing coffee with a colleague."", ""start"": 37.2, ""end"": 40.0, ""confidence"": 0.92}, {""speaker"": 0, ""text"": ""Absolutely. Have you found ways to stay connected with coworkers?"", ""start"": 40.2, ""end"": 42.8, ""confidence"": 0.95}, {""speaker"": 1, ""text"": ""Yeah, we do virtual happy hours which help a lot! It\u2019s fun to unwind together, even online."", ""start"": 43.0, ""end"": 46.0, ""confidence"": 0.93}, {""speaker"": 0, ""text"": ""That sounds nice! Lastly, do you think you\u2019d want to go back to the office full-time?"", ""start"": 46.2, ""end"": 48.5, ""confidence"": 0.96}, {""speaker"": 1, ""text"": ""Honestly? I\u2019d prefer a hybrid model. A little of both would be ideal for me."", ""start"": 48.7, ""end"": 51.0, ""confidence"": 0.92}]}}}}"
d6cc0f8c-c6e2-4b89-9cf0-e6554cb9ce44,4cf59f89-f0bc-4d8c-9516-9c238fa1f934,en,true,"{""body"": {""payload"": {""transcription"": {""utterances"": [{""speaker"": 0, ""text"": ""Thanks for meeting with me today. I wanted to chat especially about salary expectations."", ""start"": 0.5, ""end"": 4.2, ""confidence"": 0.96}, {""speaker"": 1, ""text"": ""Sure, that's a big topic for a lot of people, right?"", ""start"": 4.5, ""end"": 6.7, ""confidence"": 0.93}, {""speaker"": 0, ""text"": ""Definitely. So, how do you usually approach discussing your salary expectations?"", ""start"": 7.0, ""end"": 10.2, ""confidence"": 0.95}, {""speaker"": 1, ""text"": ""Well, I try to do some research first. You know, look at industry standards and what similar roles are paying."", ""start"": 10.5, ""end"": 14.0, ""confidence"": 0.94}, {""speaker"": 0, ""text"": ""That makes sense. How do you find that information? Is it hard to come by?"", ""start"": 14.2, ""end"": 17.0, ""confidence"": 0.92}, {""speaker"": 1, ""text"": ""Not really. There are a bunch of websites and reports out there. LinkedIn salary insights, Glassdoor, that sort of thing."", ""start"": 17.3, ""end"": 21.1, ""confidence"": 0.95}, {""speaker"": 0, ""text"": ""Right, I've heard about those. Once you have those figures, how do you feel about presenting your expectations?"", ""start"": 21.3, ""end"": 25.0, ""confidence"": 0.93}, {""speaker"": 1, ""text"": ""Honestly, it can be nerve-wracking. I mean, you want to ask for enough but not too much, you know?"", ""start"": 25.3, ""end"": 29.1, ""confidence"": 0.94}, {""speaker"": 0, ""text"": ""Totally, that balance is tricky. Do you have a strategy for finding that sweet spot?"", ""start"": 29.3, ""end"": 33.2, ""confidence"": 0.91}, {""speaker"": 1, ""text"": ""Yeah, I usually consider my own experience and skills. I also think about what I really need to live comfortably."", ""start"": 33.5, ""end"": 37.8, ""confidence"": 0.96}, {""speaker"": 0, ""text"": ""That's a solid approach. How do you feel about negotiating if the initial offer is lower than expected?"", ""start"": 38.0, ""end"": 41.9, ""confidence"": 0.94}, {""speaker"": 1, ""text"": ""It\u2019s tough! I try to stay calm and present my case. Like, I\u2019ll revisit the data I found and explain my value."", ""start"": 42.1, ""end"": 46.0, ""confidence"": 0.97}, {""speaker"": 0, ""text"": ""Great strategy! Do you think most employers expect candidates to negotiate?"", ""start"": 46.2, ""end"": 49.5, ""confidence"": 0.92}, {""speaker"": 1, ""text"": ""Yeah, I think so. I mean, some might be surprised if you don\u2019t. It shows you're really engaged."", ""start"": 49.7, ""end"": 53.4, ""confidence"": 0.95}, {""speaker"": 0, ""text"": ""Exactly! So, have you had any experiences where negotiations went particularly well or poorly?"", ""start"": 53.7, ""end"": 57.4, ""confidence"": 0.92}, {""speaker"": 1, ""text"": ""Definitely. I once negotiated a salary increase successfully by highlighting my project impacts. But I\u2019ve also had offers fall flat..."", ""start"": 57.6, ""end"": 62.1, ""confidence"": 0.94}, {""speaker"": 0, ""text"": ""Sounds like a learning experience. What would you say was the biggest takeaway from those situations?"", ""start"": 62.3, ""end"": 66.1, ""confidence"": 0.91}, {""speaker"": 1, ""text"": ""To be prepared. Always have your numbers and justification ready. Confidence really makes a difference, I think."", ""start"": 66.4, ""end"": 70.0, ""confidence"": 0.96}, {""speaker"": 0, ""text"": ""That's really insightful! Thank you for sharing your thoughts on this."", ""start"": 70.3, ""end"": 73.0, ""confidence"": 0.95}, {""speaker"": 1, ""text"": ""No problem! I enjoyed talking about it."", ""start"": 73.2, ""end"": 75.0, ""confidence"": 0.97}]}}}}"
acfd0abb-1470-4355-ba35-a106078fe40d,6b74b838-bd51-4f6b-a0e2-eb782d310ebe,en,true,"{""body"": {""payload"": {""transcription"": {""utterances"": [{""speaker"": 0, ""text"": ""Thanks for taking the time to chat today."", ""start"": 0.5, ""end"": 2.5, ""confidence"": 0.95}, {""speaker"": 1, ""text"": ""Yeah, no problem! I'm excited to talk about this."", ""start"": 3.0, ""end"": 5.0, ""confidence"": 0.93}, {""speaker"": 0, ""text"": ""Great! So, how would you describe the company culture here?"", ""start"": 5.5, ""end"": 8.0, ""confidence"": 0.96}, {""speaker"": 1, ""text"": ""Hmm, well, I think it\u2019s pretty collaborative. Like, last year, we had a lot of team projects that really brought people together."", ""start"": 8.5, ""end"": 12.0, ""confidence"": 0.94}, {""speaker"": 0, ""text"": ""That sounds positive. Can you give me an example of one of those projects?"", ""start"": 12.5, ""end"": 14.5, ""confidence"": 0.97}, {""speaker"": 1, ""text"": ""Sure! There was this initiative to improve our customer service process, and the whole team... I mean, almost everyone got involved. It felt really inclusive."", ""start"": 15.0, ""end"": 19.5, ""confidence"": 0.92}, {""speaker"": 0, ""text"": ""Interesting! What do you think contributes to that inclusiveness?"", ""start"": 20.0, ""end"": 22.5, ""confidence"": 0.95}, {""speaker"": 1, ""text"": ""I\u2019d say the leadership. They really encourage open dialogue. Like, they check in with us regularly, y'know? It wasn't always like that, but... recently, it feels more genuine."", ""start"": 23.0, ""end"": 29.0, ""confidence"": 0.91}, {""speaker"": 0, ""text"": ""And what about challenges? Have you noticed any cultural issues?"", ""start"": 29.5, ""end"": 31.5, ""confidence"": 0.96}, {""speaker"": 1, ""text"": ""Definitely. There can be some silos, especially in different departments. Last year, I think it was really apparent during our busy periods. Some teams felt left out of the loop."", ""start"": 32.0, ""end"": 37.0, ""confidence"": 0.93}, {""speaker"": 0, ""text"": ""That\u2019s good insight. How do you think those silos could be addressed?"", ""start"": 37.5, ""end"": 40.0, ""confidence"": 0.94}, {""speaker"": 1, ""text"": ""I think more cross-departmental meetings would help\u2014like, even informal ones. Just to share updates and stuff. Just makes everyone feel more connected."", ""start"": 40.5, ""end"": 45.0, ""confidence"": 0.92}, {""speaker"": 0, ""text"": ""That makes sense. Have you personally experienced any changes in the culture since you joined?"", ""start"": 45.5, ""end"": 48.0, ""confidence"": 0.95}, {""speaker"": 1, ""text"": ""Oh, for sure! When I first started, it felt more traditional, kinda strict, I guess? But now, there\u2019s just... more flexibility. People are encouraged to be themselves."", ""start"": 48.5, ""end"": 54.0, ""confidence"": 0.93}, {""speaker"": 0, ""text"": ""That\u2019s great to hear! What do you think sparked that change?"", ""start"": 54.5, ""end"": 57.0, ""confidence"": 0.94}, {""speaker"": 1, ""text"": ""I think it\u2019s a mix of leadership changes and feedback from employees, maybe? Like, they started taking surveys more seriously, and people felt heard."", ""start"": 57.5, ""end"": 62.0, ""confidence"": 0.91}, {""speaker"": 0, ""text"": ""Awesome! So, overall, do you feel optimistic about the future of the company culture?"", ""start"": 62.5, ""end"": 65.0, ""confidence"": 0.95}, {""speaker"": 1, ""text"": ""Yeah, I really do! As long as we keep the communication lines open, I think it can only get better."", ""start"": 65.5, ""end"": 68.0, ""confidence"": 0.92}]}}}}"
3297c2a0-1a39-4697-ac3b-286df907dc02,b7b82cc1-99f7-4129-948e-28e0c646c793,en,true,"{""body"": {""payload"": {""transcription"": {""utterances"": [{""speaker"": 0, ""text"": ""Thanks for taking the time to chat today about your onboarding experience."", ""start"": 0.5, ""end"": 3.5, ""confidence"": 0.96}, {""speaker"": 1, ""text"": ""Yeah, no problem! Happy to share."", ""start"": 4.0, ""end"": 6.0, ""confidence"": 0.93}, {""speaker"": 0, ""text"": ""Great! So, can you describe how your first day went?"", ""start"": 6.5, ""end"": 9.2, ""confidence"": 0.95}, {""speaker"": 1, ""text"": ""Oh, it was a bit overwhelming, honestly. Lots of new faces and info all at once."", ""start"": 9.5, ""end"": 12.5, ""confidence"": 0.94}, {""speaker"": 0, ""text"": ""I can imagine! Were there any particular things that stood out to you?"", ""start"": 12.8, ""end"": 15.5, ""confidence"": 0.92}, {""speaker"": 1, ""text"": ""Yeah, the welcome presentation was nice but felt so packed. I didn\u2019t remember half of it."", ""start"": 15.9, ""end"": 18.5, ""confidence"": 0.9}, {""speaker"": 0, ""text"": ""That makes sense. Did you feel supported or had anyone to guide you?"", ""start"": 19.0, ""end"": 21.9, ""confidence"": 0.97}, {""speaker"": 1, ""text"": ""Absolutely! My mentor was really helpful. She stayed with me most of the day, answered questions."", ""start"": 22.2, ""end"": 26.0, ""confidence"": 0.95}, {""speaker"": 0, ""text"": ""That's awesome to hear! How did that help you settle in?"", ""start"": 26.3, ""end"": 29.1, ""confidence"": 0.93}, {""speaker"": 1, ""text"": ""It made a huge difference. I felt less lost and more confident. We even grabbed lunch together."", ""start"": 29.5, ""end"": 32.5, ""confidence"": 0.91}, {""speaker"": 0, ""text"": ""Lunch together sounds nice! Did you get to meet other team members during that time?"", ""start"": 32.8, ""end"": 35.6, ""confidence"": 0.94}, {""speaker"": 1, ""text"": ""Yeah, a few. It was a bit casual, which helped, but I still felt like I was applying for a job, you know?"", ""start"": 36.0, ""end"": 39.5, ""confidence"": 0.92}, {""speaker"": 0, ""text"": ""Totally understand that. How did you feel about the training materials provided?"", ""start"": 39.8, ""end"": 42.7, ""confidence"": 0.95}, {""speaker"": 1, ""text"": ""They were good but kinda scattered, you know? I had to piece things together myself sometimes."", ""start"": 43.0, ""end"": 46.0, ""confidence"": 0.91}, {""speaker"": 0, ""text"": ""That\u2019s frustrating! Did you bring that up with anyone?"", ""start"": 46.5, ""end"": 48.0, ""confidence"": 0.9}, {""speaker"": 1, ""text"": ""I did mention it to my mentor, and she said they\u2019re updating some things, so hopefully, it'll get better."", ""start"": 48.5, ""end"": 52.0, ""confidence"": 0.93}, {""speaker"": 0, ""text"": ""That\u2019s good to hear. Overall, how would you rate your onboarding experience?"", ""start"": 52.5, ""end"": 55.1, ""confidence"": 0.95}, {""speaker"": 1, ""text"": ""I'd say a solid 7 out of 10. It was good, but it could definitely improve with some tweaks."", ""start"": 55.5, ""end"": 59.0, ""confidence"": 0.94}, {""speaker"": 0, ""text"": ""Sounds fair! Thanks for sharing your insights today."", ""start"": 59.3, ""end"": 61.2, ""confidence"": 0.96}, {""speaker"": 1, ""text"": ""No problem! Glad to help out."", ""start"": 61.5, ""end"": 63.0, ""confidence"": 0.92}]}}}}"
9724887b-d9ae-4aae-93e9-e7e89b22b775,4cf59f89-f0bc-4d8c-9516-9c238fa1f934,en,true,"{""body"": {""payload"": {""transcription"": {""utterances"": [{""speaker"": 0, ""text"": ""Thanks for taking the time to chat today about job satisfaction."", ""start"": 0.5, ""end"": 3.0, ""confidence"": 0.96}, {""speaker"": 1, ""text"": ""No problem, happy to share my thoughts."", ""start"": 3.5, ""end"": 5.0, ""confidence"": 0.94}, {""speaker"": 0, ""text"": ""Great! So, what does job satisfaction mean to you?"", ""start"": 5.5, ""end"": 8.0, ""confidence"": 0.95}, {""speaker"": 1, ""text"": ""Hmm, I guess it\u2019s feeling good about where I work and what I do, you know? Like, I want to feel valued."", ""start"": 8.5, ""end"": 12.0, ""confidence"": 0.93}, {""speaker"": 0, ""text"": ""Absolutely, feeling valued is key. Can you tell me about a time when you felt particularly satisfied at work?"", ""start"": 12.5, ""end"": 16.0, ""confidence"": 0.91}, {""speaker"": 1, ""text"": ""Sure! Last year, I worked on a big project and my manager really acknowledged my efforts. I got a shoutout in a team meeting, it felt amazing."", ""start"": 16.5, ""end"": 21.0, ""confidence"": 0.95}, {""speaker"": 0, ""text"": ""That sounds really rewarding! What aspects of your job do you find most satisfying?"", ""start"": 21.5, ""end"": 24.0, ""confidence"": 0.92}, {""speaker"": 1, ""text"": ""I enjoy solving problems and being creative, you know? Plus, collaborating with my team is super fulfilling."", ""start"": 24.5, ""end"": 28.0, ""confidence"": 0.94}, {""speaker"": 0, ""text"": ""Collaboration can really boost satisfaction, for sure. Are there any challenges that affect your job satisfaction?"", ""start"": 28.5, ""end"": 32.0, ""confidence"": 0.93}, {""speaker"": 1, ""text"": ""Yeah, sometimes the workload gets pretty overwhelming. When deadlines pile up, it can get stressful and impact my mood."", ""start"": 32.5, ""end"": 37.0, ""confidence"": 0.91}, {""speaker"": 0, ""text"": ""That makes sense. How do you usually cope with that stress?"", ""start"": 37.5, ""end"": 40.0, ""confidence"": 0.95}, {""speaker"": 1, ""text"": ""I try to take breaks, maybe go for a walk or chat with a coworker. It helps clear my head."", ""start"": 40.5, ""end"": 43.5, ""confidence"": 0.96}, {""speaker"": 0, ""text"": ""Taking breaks is so important! How do you feel when you're not satisfied at work?"", ""start"": 44.0, ""end"": 47.0, ""confidence"": 0.92}, {""speaker"": 1, ""text"": ""Honestly, it can be pretty draining. I get unmotivated and it affects my performance, which is frustrating."", ""start"": 47.5, ""end"": 51.0, ""confidence"": 0.94}, {""speaker"": 0, ""text"": ""Yeah, that\u2019s tough. What changes would you like to see to improve job satisfaction in your workplace?"", ""start"": 51.5, ""end"": 55.0, ""confidence"": 0.93}, {""speaker"": 1, ""text"": ""I think more recognition for hard work and perhaps flexible hours would really help. It\u2019s nice to feel appreciated."", ""start"": 55.5, ""end"": 60.0, ""confidence"": 0.95}, {""speaker"": 0, ""text"": ""Those are great suggestions! What motivates you to stay in your current job despite the ups and downs?"", ""start"": 60.5, ""end"": 64.0, ""confidence"": 0.94}, {""speaker"": 1, ""text"": ""Honestly, the team. We have a great dynamic. And I like the work itself, it challenges me."", ""start"": 64.5, ""end"": 67.0, ""confidence"": 0.96}]}}}}"
211375ef-abc3-44bd-a4f1-3c9f56e3ebd1,b7b82cc1-99f7-4129-948e-28e0c646c793,en,true,"{""body"": {""payload"": {""transcription"": {""utterances"": [{""speaker"": 0, ""text"": ""Thanks for taking the time to chat with me today about work-life balance."", ""start"": 0.5, ""end"": 3.2, ""confidence"": 0.95}, {""speaker"": 1, ""text"": ""Yeah, no problem. It\u2019s a topic I\u2019m pretty passionate about."", ""start"": 3.5, ""end"": 5.0, ""confidence"": 0.93}, {""speaker"": 0, ""text"": ""Great! So, can you tell me a bit about what work-life balance means to you?"", ""start"": 5.3, ""end"": 8.0, ""confidence"": 0.96}, {""speaker"": 1, ""text"": ""Well, for me, it\u2019s about finding that sweet spot between my job and my personal life. Like, um, not letting work spill over into my evenings and weekends."", ""start"": 8.5, ""end"": 12.0, ""confidence"": 0.91}, {""speaker"": 0, ""text"": ""That makes sense. How do you manage to keep that balance?"", ""start"": 12.2, ""end"": 14.5, ""confidence"": 0.94}, {""speaker"": 1, ""text"": ""I try to set clear boundaries. Like, I don\u2019t check emails after 6 PM, unless it\u2019s something urgent. I also, uh, schedule my personal time like it\u2019s a meeting, you know?"", ""start"": 14.8, ""end"": 19.0, ""confidence"": 0.92}, {""speaker"": 0, ""text"": ""Interesting approach! Have you found that effective?"", ""start"": 19.2, ""end"": 21.0, ""confidence"": 0.95}, {""speaker"": 1, ""text"": ""Definitely! It helps me stay focused during work hours, and then I can really unplug after."", ""start"": 21.2, ""end"": 24.0, ""confidence"": 0.94}, {""speaker"": 0, ""text"": ""That\u2019s awesome. Have there been times when it was challenging to maintain that balance?"", ""start"": 24.3, ""end"": 27.0, ""confidence"": 0.95}, {""speaker"": 1, ""text"": ""Oh for sure. Especially during busy seasons or when there\u2019s a project deadline. I sometimes feel guilty taking time off."", ""start"": 27.5, ""end"": 31.0, ""confidence"": 0.89}, {""speaker"": 0, ""text"": ""Guilt can be tough! How do you deal with those feelings?"", ""start"": 31.3, ""end"": 33.5, ""confidence"": 0.93}, {""speaker"": 1, ""text"": ""I remind myself that, um, taking breaks actually makes me more productive in the long run. Plus, I talk to my manager about it, which helps a lot."", ""start"": 33.8, ""end"": 38.0, ""confidence"": 0.9}, {""speaker"": 0, ""text"": ""That\u2019s a good strategy. Do you feel supported by your workplace in achieving work-life balance?"", ""start"": 38.3, ""end"": 41.0, ""confidence"": 0.94}, {""speaker"": 1, ""text"": ""Mostly, yes. They\u2019ve implemented flexible hours, which is a game changer. But sometimes I wish there was more emphasis on mental health resources."", ""start"": 41.3, ""end"": 45.0, ""confidence"": 0.92}, {""speaker"": 0, ""text"": ""That\u2019s a valid point. What do you think could improve the situation?"", ""start"": 45.3, ""end"": 47.5, ""confidence"": 0.93}, {""speaker"": 1, ""text"": ""Honestly, more workshops or training around stress management could be really beneficial. And maybe regular check-ins with staff."", ""start"": 47.8, ""end"": 51.0, ""confidence"": 0.91}, {""speaker"": 0, ""text"": ""Those sound like great ideas. Last question\u2014what advice would you give to someone struggling with work-life balance?"", ""start"": 51.2, ""end"": 55.0, ""confidence"": 0.95}, {""speaker"": 1, ""text"": ""I\u2019d say, start small. Set daily boundaries, and don't be afraid to speak up about your needs. It\u2019s all about finding what works for you!"", ""start"": 55.3, ""end"": 59.0, ""confidence"": 0.94}]}}}}"
c9e3e136-76af-4fde-b028-f7874e986e72,6b74b838-bd51-4f6b-a0e2-eb782d310ebe,en,true,"{""body"": {""payload"": {""transcription"": {""utterances"": [{""speaker"": 0, ""text"": ""Thanks for taking the time to chat with me today."", ""start"": 0.5, ""end"": 3.0, ""confidence"": 0.95}, {""speaker"": 1, ""text"": ""Yeah, no problem! I\u2019ve been looking forward to this."", ""start"": 3.5, ""end"": 6.0, ""confidence"": 0.96}, {""speaker"": 0, ""text"": ""Great! So, to start off, how do you feel about the performance review process here?"", ""start"": 6.5, ""end"": 10.0, ""confidence"": 0.94}, {""speaker"": 1, ""text"": ""Um, I think it\u2019s kind of a mixed bag, honestly. Like, some parts are really helpful, but others feel... I don\u2019t know, a bit pointless?"", ""start"": 10.5, ""end"": 15.0, ""confidence"": 0.92}, {""speaker"": 0, ""text"": ""Interesting. Can you share more about what feels helpful and what doesn\u2019t?"", ""start"": 15.5, ""end"": 18.0, ""confidence"": 0.93}, {""speaker"": 1, ""text"": ""Sure! I mean, getting feedback on specific projects is awesome. It helps me know where I stand. But sometimes the goals set for the next review... they feel really vague and not tied to my actual work."", ""start"": 18.5, ""end"": 25.0, ""confidence"": 0.91}, {""speaker"": 0, ""text"": ""Vague goals can definitely be frustrating. How do you think that impacts your motivation?"", ""start"": 25.5, ""end"": 29.0, ""confidence"": 0.95}, {""speaker"": 1, ""text"": ""Right? It kinda makes me feel like I\u2019m just going through the motions and not really pushing myself. Like, if I don\u2019t know what I\u2019m aiming for, why should I care to stretch?"", ""start"": 29.5, ""end"": 35.0, ""confidence"": 0.89}, {""speaker"": 0, ""text"": ""That makes a lot of sense. So what do you think would help improve that?"", ""start"": 35.5, ""end"": 38.5, ""confidence"": 0.92}, {""speaker"": 1, ""text"": ""I think more alignment between my manager and me on what success looks like would be key. Maybe more regular check-ins, you know?"", ""start"": 39.0, ""end"": 43.0, ""confidence"": 0.94}, {""speaker"": 0, ""text"": ""Regular check-ins sound useful. Have you had any experiences with those in the past?"", ""start"": 43.5, ""end"": 47.0, ""confidence"": 0.97}, {""speaker"": 1, ""text"": ""Yeah, I have. When I had more frequent chats with my last boss, it really felt like we were collaborating on my goals, and it boosted my confidence a lot."", ""start"": 47.5, ""end"": 53.0, ""confidence"": 0.96}, {""speaker"": 0, ""text"": ""That\u2019s awesome to hear! So, is there a part of the review process that you absolutely dislike?"", ""start"": 53.5, ""end"": 57.0, ""confidence"": 0.92}, {""speaker"": 1, ""text"": ""Oh, definitely the self-evaluation part. It feels so awkward to rate myself. Like, how do I even measure my own success?"", ""start"": 57.5, ""end"": 62.0, ""confidence"": 0.9}, {""speaker"": 0, ""text"": ""I can see how that could be tough. What do you think would make that easier for people?"", ""start"": 62.5, ""end"": 65.0, ""confidence"": 0.93}, {""speaker"": 1, ""text"": ""Maybe if there were guidelines or examples to follow, it would help? Like, things to reflect on rather than just a blank slate."", ""start"": 65.5, ""end"": 70.0, ""confidence"": 0.94}, {""speaker"": 0, ""text"": ""That\u2019s a great suggestion! Thanks for sharing your thoughts on this. Is there anything else you want to add before we wrap up?"", ""start"": 70.5, ""end"": 75.0, ""confidence"": 0.95}, {""speaker"": 1, ""text"": ""Just that I really appreciate being asked about my perspective. It makes me feel valued, you know?"", ""start"": 75.5, ""end"": 80.0, ""confidence"": 0.96}, {""speaker"": 0, ""text"": ""Absolutely, thank you for your honest feedback! It\u2019s been really insightful."", ""start"": 80.5, ""end"": 83.0, ""confidence"": 0.98}]}}}}"
b8cf490c-9463-470d-8194-e5e4f8b0dc91,b0d46c72-5527-4cec-8474-868d1da0eb55,en,true,"{""body"": {""payload"": {""transcription"": {""utterances"": [{""speaker"": 0, ""text"": ""Thanks for meeting with me today, I really appreciate it."", ""start"": 0.5, ""end"": 3.0, ""confidence"": 0.95}, {""speaker"": 1, ""text"": ""No problem! I\u2019m glad to share."", ""start"": 3.5, ""end"": 5.2, ""confidence"": 0.93}, {""speaker"": 0, ""text"": ""So, to kick things off, what are your career goals at the moment?"", ""start"": 5.5, ""end"": 8.2, ""confidence"": 0.97}, {""speaker"": 1, ""text"": ""Um, well, I\u2019m really looking to advance into a management position. I\u2019ve been in my role for, like, three years now, and I feel ready for the next step."", ""start"": 8.5, ""end"": 14.0, ""confidence"": 0.91}, {""speaker"": 0, ""text"": ""That\u2019s great! What specifically about management appeals to you?"", ""start"": 14.3, ""end"": 16.0, ""confidence"": 0.96}, {""speaker"": 1, ""text"": ""I guess it\u2019s the ability to impact people\u2019s growth and, um, the team dynamics. I love collaborating with others, and I think I could really help elevate my team\u2019s performance."", ""start"": 16.3, ""end"": 22.0, ""confidence"": 0.92}, {""speaker"": 0, ""text"": ""That makes a lot of sense. Have you thought about the skills you want to develop to get there?"", ""start"": 22.3, ""end"": 25.0, ""confidence"": 0.94}, {""speaker"": 1, ""text"": ""For sure. I need to work on my strategic thinking and, like, maybe delegate more effectively. I tend to take on a lot myself, which isn\u2019t always the best."", ""start"": 25.3, ""end"": 31.0, ""confidence"": 0.9}, {""speaker"": 0, ""text"": ""Totally understandable! What steps are you taking to improve those skills?"", ""start"": 31.3, ""end"": 34.0, ""confidence"": 0.96}, {""speaker"": 1, ""text"": ""I\u2019ve started reading a few books on leadership and, um, I joined a mentorship program. I think having someone guide me through is super helpful."", ""start"": 34.3, ""end"": 40.0, ""confidence"": 0.92}, {""speaker"": 0, ""text"": ""That sounds like a solid plan! How has the mentorship been for you so far?"", ""start"": 40.3, ""end"": 43.2, ""confidence"": 0.95}, {""speaker"": 1, ""text"": ""It\u2019s been really good! My mentor shares a lot of their experiences, and it kinda opens my eyes to different approaches to problems."", ""start"": 43.5, ""end"": 48.0, ""confidence"": 0.9}, {""speaker"": 0, ""text"": ""Nice! Are there any particular challenges you\u2019re facing in your current role while aiming for this promotion?"", ""start"": 48.3, ""end"": 51.5, ""confidence"": 0.94}, {""speaker"": 1, ""text"": ""Yeah, sometimes I feel like I\u2019m not taken seriously when I suggest ideas. It\u2019s, um, frustrating, especially when I know they could work."", ""start"": 51.8, ""end"": 56.5, ""confidence"": 0.89}, {""speaker"": 0, ""text"": ""I can see how that would be tough. What do you think would help change that perception?"", ""start"": 56.8, ""end"": 59.5, ""confidence"": 0.93}, {""speaker"": 1, ""text"": ""Maybe, like, sharing more results from my projects? I think if I could show concrete data, it might help bolster my credibility."", ""start"": 59.8, ""end"": 64.2, ""confidence"": 0.92}, {""speaker"": 0, ""text"": ""That\u2019s a good idea! How do you feel about discussing your goals with your manager?"", ""start"": 64.5, ""end"": 67.5, ""confidence"": 0.96}, {""speaker"": 1, ""text"": ""I\u2019m a bit nervous, honestly. I want to make sure I approach it the right way, you know?"", ""start"": 67.8, ""end"": 71.0, ""confidence"": 0.88}, {""speaker"": 0, ""text"": ""Definitely understandable. Maybe framing it as seeking feedback on your growth could help?"", ""start"": 71.3, ""end"": 74.0, ""confidence"": 0.95}, {""speaker"": 1, ""text"": ""Yeah, that might work! I\u2019ll think about it. Thanks for the tip!"", ""start"": 74.3, ""end"": 77.0, ""confidence"": 0.91}]}}}}"
7852823f-2c0c-48b3-8252-dc681f6a8772,4cf59f89-f0bc-4d8c-9516-9c238fa1f934,en,true,"{""body"": {""payload"": {""transcription"": {""utterances"": [{""speaker"": 0, ""text"": ""Thanks for taking the time to chat with me today."", ""start"": 0.5, ""end"": 2.3, ""confidence"": 0.96}, {""speaker"": 1, ""text"": ""Yeah, no problem! Happy to help."", ""start"": 2.5, ""end"": 4.0, ""confidence"": 0.95}, {""speaker"": 0, ""text"": ""Can you tell me a bit about your current team?"", ""start"": 4.2, ""end"": 6.0, ""confidence"": 0.95}, {""speaker"": 1, ""text"": ""Sure! We\u2019re a small team of five. Mostly focused on product development."", ""start"": 6.2, ""end"": 8.5, ""confidence"": 0.92}, {""speaker"": 0, ""text"": ""That sounds interesting! How do you usually interact with each other?"", ""start"": 8.7, ""end"": 10.5, ""confidence"": 0.93}, {""speaker"": 1, ""text"": ""Well, we have daily stand-ups, and we use Slack for quick chats. It keeps the communication flowing."", ""start"": 10.7, ""end"": 13.0, ""confidence"": 0.94}, {""speaker"": 0, ""text"": ""Nice! Do you find that helps with team dynamics?"", ""start"": 13.2, ""end"": 15.0, ""confidence"": 0.97}, {""speaker"": 1, ""text"": ""Definitely. When we\u2019re all on the same page, it just... it creates a better atmosphere."", ""start"": 15.2, ""end"": 17.0, ""confidence"": 0.96}, {""speaker"": 0, ""text"": ""Have you experienced any challenges within the team?"", ""start"": 17.2, ""end"": 19.0, ""confidence"": 0.94}, {""speaker"": 1, ""text"": ""Oh, for sure. Sometimes, there are misunderstandings, especially when we're not face-to-face."", ""start"": 19.2, ""end"": 21.5, ""confidence"": 0.93}, {""speaker"": 0, ""text"": ""Right, remote work can complicate things. How do you handle those misunderstandings?"", ""start"": 21.7, ""end"": 24.0, ""confidence"": 0.96}, {""speaker"": 1, ""text"": ""We usually just have a quick video call to clear things up. It\u2019s much better than... you know, typing back and forth."", ""start"": 24.2, ""end"": 27.0, ""confidence"": 0.95}, {""speaker"": 0, ""text"": ""That's smart! So, would you say your team has a strong sense of trust?"", ""start"": 27.2, ""end"": 29.0, ""confidence"": 0.94}, {""speaker"": 1, ""text"": ""I think so. We\u2019re all pretty transparent with each other. It really helps when tackling tough projects."", ""start"": 29.2, ""end"": 32.0, ""confidence"": 0.96}, {""speaker"": 0, ""text"": ""That\u2019s great to hear. How do you think this trust impacts your overall productivity?"", ""start"": 32.2, ""end"": 35.0, ""confidence"": 0.95}, {""speaker"": 1, ""text"": ""Well, I believe it allows us to take risks and share ideas without fear of judgment. So, in that sense, we get more creative."", ""start"": 35.2, ""end"": 38.5, ""confidence"": 0.94}, {""speaker"": 0, ""text"": ""Creative freedom is so important. Any specific examples of that in action?"", ""start"": 38.7, ""end"": 40.6, ""confidence"": 0.93}, {""speaker"": 1, ""text"": ""Yeah! Recently, one of my teammates suggested an unconventional feature for our app. We all loved it and ended up implementing it."", ""start"": 40.8, ""end"": 43.5, ""confidence"": 0.96}]}}}}"
71914420-4e91-4f8b-a0ad-42317b2fe1e0,4cf59f89-f0bc-4d8c-9516-9c238fa1f934,en,true,"{""body"": {""payload"": {""transcription"": {""utterances"": [{""speaker"": 0, ""text"": ""Thanks for taking the time to chat with me today."", ""start"": 0.3, ""end"": 3.0, ""confidence"": 0.95}, {""speaker"": 1, ""text"": ""Yeah, no problem! I\u2019m glad to be here."", ""start"": 3.5, ""end"": 5.0, ""confidence"": 0.93}, {""speaker"": 0, ""text"": ""So, let's dive right in. Can you tell me about a recent conflict you encountered at work?"", ""start"": 5.1, ""end"": 8.0, ""confidence"": 0.96}, {""speaker"": 1, ""text"": ""Sure! There was this project where... um, a couple of us had different ideas about the direction we should take."", ""start"": 8.2, ""end"": 11.5, ""confidence"": 0.94}, {""speaker"": 0, ""text"": ""That sounds challenging. How did you feel about it at the time?"", ""start"": 11.6, ""end"": 13.8, ""confidence"": 0.95}, {""speaker"": 1, ""text"": ""Honestly, I was a bit frustrated. I felt like my ideas were, you know, being overlooked, and it kinda bothered me."", ""start"": 14.0, ""end"": 17.2, ""confidence"": 0.92}, {""speaker"": 0, ""text"": ""Totally get that. So, what steps did you take to resolve the situation?"", ""start"": 17.3, ""end"": 19.6, ""confidence"": 0.97}, {""speaker"": 1, ""text"": ""Well, I decided to bring it up in a team meeting. I thought, if we talk it out, it might help everyone feel heard."", ""start"": 19.7, ""end"": 23.0, ""confidence"": 0.96}, {""speaker"": 0, ""text"": ""That\u2019s a great approach. How did the team respond? Was it constructive?"", ""start"": 23.1, ""end"": 25.6, ""confidence"": 0.98}, {""speaker"": 1, ""text"": ""Yeah, surprisingly, it was really productive! Everyone started sharing their thoughts, and it felt like... like we were all on the same page."", ""start"": 25.7, ""end"": 29.2, ""confidence"": 0.94}, {""speaker"": 0, ""text"": ""Awesome! Did you learn anything from that experience on how to handle conflicts in the future?"", ""start"": 29.3, ""end"": 32.0, ""confidence"": 0.96}, {""speaker"": 1, ""text"": ""Definitely. I realized that communication is key. Also, sometimes stepping back and hearing others out can... make a big difference."", ""start"": 32.1, ""end"": 35.5, ""confidence"": 0.95}, {""speaker"": 0, ""text"": ""Absolutely! Have you ever found it hard to communicate during a conflict?"", ""start"": 35.6, ""end"": 38.0, ""confidence"": 0.94}, {""speaker"": 1, ""text"": ""For sure. There are times I\u2019ve gotten too emotional, and... I just couldn't articulate my side very well."", ""start"": 38.1, ""end"": 41.2, ""confidence"": 0.92}, {""speaker"": 0, ""text"": ""That makes sense. What do you think helps you when that happens?"", ""start"": 41.3, ""end"": 43.6, ""confidence"": 0.95}, {""speaker"": 1, ""text"": ""I try to take a deep breath and sort of... take a moment before responding. It helps me stay calm."", ""start"": 43.7, ""end"": 46.0, ""confidence"": 0.93}, {""speaker"": 0, ""text"": ""That\u2019s a great strategy. Do you think you could train others in your team to handle conflicts similarly?"", ""start"": 46.1, ""end"": 49.0, ""confidence"": 0.94}, {""speaker"": 1, ""text"": ""Yeah, I think so! We actually talked about having some workshops, maybe on communication skills."", ""start"": 49.1, ""end"": 52.0, ""confidence"": 0.96}]}}}}"
1afad4e1-abd5-4b43-a25f-9481f28c57a5,b0d46c72-5527-4cec-8474-868d1da0eb55,en,true,"{""body"": {""payload"": {""transcription"": {""utterances"": [{""speaker"": 0, ""text"": ""So, thanks for taking the time to chat today about remote work."", ""start"": 0.5, ""end"": 3.2, ""confidence"": 0.95}, {""speaker"": 1, ""text"": ""Yeah, no problem! Happy to share my thoughts."", ""start"": 3.5, ""end"": 5.1, ""confidence"": 0.93}, {""speaker"": 0, ""text"": ""Great! To start, how do you feel about working remotely?"", ""start"": 5.3, ""end"": 7.2, ""confidence"": 0.94}, {""speaker"": 1, ""text"": ""I mean, I love the flexibility, you know? Like, I can set my own hours and stuff."", ""start"": 7.5, ""end"": 10.2, ""confidence"": 0.96}, {""speaker"": 0, ""text"": ""That makes sense! What about teamwork? How's that been for you?"", ""start"": 10.5, ""end"": 12.8, ""confidence"": 0.92}, {""speaker"": 1, ""text"": ""Honestly, teamwork\u2019s been a bright spot. We have regular video calls and it's cool, everyone chips in."", ""start"": 13.0, ""end"": 15.5, ""confidence"": 0.97}, {""speaker"": 0, ""text"": ""That sounds positive! But, any challenges you\u2019ve faced?"", ""start"": 15.8, ""end"": 17.5, ""confidence"": 0.9}, {""speaker"": 1, ""text"": ""Yeah, definitely. The management style... it's not great. Feels kinda distant, you know?"", ""start"": 17.8, ""end"": 20.0, ""confidence"": 0.92}, {""speaker"": 0, ""text"": ""What do you mean by distant?"", ""start"": 20.2, ""end"": 21.4, ""confidence"": 0.89}, {""speaker"": 1, ""text"": ""Like, there\u2019s no real support or guidance. You just get tasks, but no check-ins or feedback."", ""start"": 21.6, ""end"": 24.0, ""confidence"": 0.94}, {""speaker"": 0, ""text"": ""That sounds frustrating. How does that affect your work?"", ""start"": 24.3, ""end"": 26.2, ""confidence"": 0.91}, {""speaker"": 1, ""text"": ""It makes it hard to stay motivated. Sometimes I feel lost without direction."", ""start"": 26.5, ""end"": 28.5, ""confidence"": 0.93}, {""speaker"": 0, ""text"": ""Do you think that's common among your colleagues?"", ""start"": 28.8, ""end"": 30.5, ""confidence"": 0.9}, {""speaker"": 1, ""text"": ""Totally, I\u2019ve heard similar complaints. We all want a little more connection."", ""start"": 30.8, ""end"": 32.9, ""confidence"": 0.95}, {""speaker"": 0, ""text"": ""Interesting! So, what would you like to see change?"", ""start"": 33.2, ""end"": 35.0, ""confidence"": 0.91}, {""speaker"": 1, ""text"": ""More regular one-on-ones or team-building activities. Just to feel more... together, I guess?"", ""start"": 35.3, ""end"": 37.9, ""confidence"": 0.96}, {""speaker"": 0, ""text"": ""That sounds like a good idea. Do you think management is open to feedback?"", ""start"": 38.1, ""end"": 40.1, ""confidence"": 0.89}, {""speaker"": 1, ""text"": ""Hmm, not really. It feels like they\u2019re set in their ways. It\u2019s a bit discouraging."", ""start"": 40.3, ""end"": 42.4, ""confidence"": 0.92}, {""speaker"": 0, ""text"": ""I can imagine! Any last thoughts on remote work overall?"", ""start"": 42.7, ""end"": 44.3, ""confidence"": 0.91}, {""speaker"": 1, ""text"": ""Yeah, I mean, I like it, just hope they can improve the management side of things."", ""start"": 44.6, ""end"": 47.0, ""confidence"": 0.94}]}}}}"
0a21c794-97fe-4cd4-bc9b-7928af71b919,6b74b838-bd51-4f6b-a0e2-eb782d310ebe,en,true,"{""body"": {""payload"": {""transcription"": {""utterances"": [{""speaker"": 0, ""text"": ""Hi there, thanks for taking the time to chat with me today."", ""start"": 0.5, ""end"": 3.0, ""confidence"": 0.96}, {""speaker"": 1, ""text"": ""No problem, happy to be here!"", ""start"": 3.5, ""end"": 5.0, ""confidence"": 0.94}, {""speaker"": 0, ""text"": ""Great! So, let\u2019s dive right in. Can you tell me about your current salary expectations?"", ""start"": 5.5, ""end"": 8.0, ""confidence"": 0.93}, {""speaker"": 1, ""text"": ""Yeah, um, I\u2019ve been thinking about this a lot. I\u2019d say I'm looking for something in the range of, uh, fifty to sixty thousand a year."", ""start"": 8.5, ""end"": 12.0, ""confidence"": 0.95}, {""speaker"": 0, ""text"": ""Got it. What factors are influencing that range for you?"", ""start"": 12.5, ""end"": 14.0, ""confidence"": 0.92}, {""speaker"": 1, ""text"": ""Well, mostly my experience and the kind of roles I\u2019m aiming for. I\u2019ve been in the field for about five years now, and I feel like that should be reflected in my salary."", ""start"": 14.5, ""end"": 19.0, ""confidence"": 0.93}, {""speaker"": 0, ""text"": ""That makes sense. Have you done any research on typical salaries for positions you're applying for?"", ""start"": 19.5, ""end"": 22.0, ""confidence"": 0.94}, {""speaker"": 1, ""text"": ""Yeah, a bit. I\u2019ve looked at Glassdoor and some industry reports. It seems like the average is around the mid-fifties for similar roles in my area."", ""start"": 22.5, ""end"": 26.0, ""confidence"": 0.95}, {""speaker"": 0, ""text"": ""And how do you feel about negotiating that range in an interview?"", ""start"": 26.5, ""end"": 29.0, ""confidence"": 0.92}, {""speaker"": 1, ""text"": ""I mean, it kind of makes me nervous, to be honest. I want to be fair but also not sell myself short, you know?"", ""start"": 29.5, ""end"": 33.0, ""confidence"": 0.96}, {""speaker"": 0, ""text"": ""Absolutely, that\u2019s a tough balance to strike. What do you think would make you feel more confident during those discussions?"", ""start"": 33.5, ""end"": 37.0, ""confidence"": 0.93}, {""speaker"": 1, ""text"": ""I guess having a clear understanding of my worth and maybe some practice would help. Like, if I prepare some bullet points to reference, it might make it easier."", ""start"": 37.5, ""end"": 42.0, ""confidence"": 0.94}, {""speaker"": 0, ""text"": ""That\u2019s a solid strategy. Have you thought about any specific benefits or perks that are important to you beyond just the salary?"", ""start"": 42.5, ""end"": 46.0, ""confidence"": 0.91}, {""speaker"": 1, ""text"": ""For sure. Things like remote work options and professional development opportunities are really important to me. I\u2019d take a slightly lower salary for better benefits."", ""start"": 46.5, ""end"": 51.0, ""confidence"": 0.95}, {""speaker"": 0, ""text"": ""That\u2019s really insightful. It sounds like having a holistic package matters to you."", ""start"": 51.5, ""end"": 54.0, ""confidence"": 0.93}, {""speaker"": 1, ""text"": ""Definitely! I think it\u2019s all about the overall experience, not just the paycheck."", ""start"": 54.5, ""end"": 57.0, ""confidence"": 0.94}, {""speaker"": 0, ""text"": ""Absolutely. One last question: If the salary offered is lower than your expectations but you love the company, what would you do?"", ""start"": 57.5, ""end"": 61.0, ""confidence"": 0.92}, {""speaker"": 1, ""text"": ""I\u2019d try to negotiate, but if there\u2019s room for growth and I really connect with the company culture, I might consider accepting it."", ""start"": 61.5, ""end"": 65.0, ""confidence"": 0.93}]}}}}"
a42a039b-a577-4032-9678-852cae5db336,6b74b838-bd51-4f6b-a0e2-eb782d310ebe,en,true,"{""body"": {""payload"": {""transcription"": {""utterances"": [{""speaker"": 0, ""text"": ""Thanks for taking the time to chat with me today about company culture."", ""start"": 0.5, ""end"": 3.0, ""confidence"": 0.95}, {""speaker"": 1, ""text"": ""Yeah, no problem! Happy to share my thoughts."", ""start"": 3.2, ""end"": 5.3, ""confidence"": 0.92}, {""speaker"": 0, ""text"": ""Great! So, how would you describe the company culture here?"", ""start"": 5.5, ""end"": 7.8, ""confidence"": 0.94}, {""speaker"": 1, ""text"": ""Um, it\u2019s... it\u2019s quite vibrant, really. Teamwork is, like, super strong among us, you know?"", ""start"": 8.0, ""end"": 11.2, ""confidence"": 0.93}, {""speaker"": 0, ""text"": ""That sounds positive! Can you give me an example of that teamwork?"", ""start"": 11.4, ""end"": 13.7, ""confidence"": 0.96}, {""speaker"": 1, ""text"": ""Sure! We recently worked on a project together, and everyone just jumped in to help, like, no one hesitated. It felt great to collaborate."", ""start"": 13.9, ""end"": 17.5, ""confidence"": 0.94}, {""speaker"": 0, ""text"": ""That\u2019s awesome! But, how do you feel about the management style here?"", ""start"": 17.7, ""end"": 19.9, ""confidence"": 0.91}, {""speaker"": 1, ""text"": ""Honestly? It's a bit tricky for me. I feel like... sometimes the management is just a bit distant? Like, they don\u2019t really engage with us on a personal level."", ""start"": 20.1, ""end"": 25.0, ""confidence"": 0.9}, {""speaker"": 0, ""text"": ""I see, that sounds frustrating. Can you elaborate on that?"", ""start"": 25.2, ""end"": 27.4, ""confidence"": 0.93}, {""speaker"": 1, ""text"": ""Yeah, it can be. I mean, we have our team meetings, but it feels more like they\u2019re delivering orders than, like, actually getting to know us. You know?"", ""start"": 27.6, ""end"": 31.5, ""confidence"": 0.92}, {""speaker"": 0, ""text"": ""Absolutely, that makes sense. How does that impact the overall morale of the team?"", ""start"": 31.7, ""end"": 34.2, ""confidence"": 0.95}, {""speaker"": 1, ""text"": ""I think it creates a bit of a gap, honestly. While we work well together, there's this underlying feeling that we're not fully supported. Like, we\u2019re just getting things done."", ""start"": 34.4, ""end"": 39.6, ""confidence"": 0.92}, {""speaker"": 0, ""text"": ""That sounds challenging. Have you seen any attempts by management to change that?"", ""start"": 39.8, ""end"": 42.1, ""confidence"": 0.91}, {""speaker"": 1, ""text"": ""Not really, no. There have been some conversations but... nothing tangible, you know? It\u2019s like, they say they care but it doesn\u2019t really show in actions."", ""start"": 42.3, ""end"": 46.0, ""confidence"": 0.89}, {""speaker"": 0, ""text"": ""That\u2019s really insightful, thank you. What do you think would help improve that relationship?"", ""start"": 46.2, ""end"": 49.0, ""confidence"": 0.93}, {""speaker"": 1, ""text"": ""I think more open dialogues would help. Like, regular check-ins where we can share our thoughts, not just project updates. That could make a difference."", ""start"": 49.2, ""end"": 53.0, ""confidence"": 0.94}, {""speaker"": 0, ""text"": ""That\u2019s a great suggestion! Anything else you\u2019d want to add about the culture here?"", ""start"": 53.2, ""end"": 55.5, ""confidence"": 0.92}, {""speaker"": 1, ""text"": ""Just that, for as strong as the teamwork is, I really hope management steps up. It could really take us to the next level, you know?"", ""start"": 55.7, ""end"": 59.5, ""confidence"": 0.95}]}}}}"
c390bbda-93d5-4967-a204-0a512923aef9,6b74b838-bd51-4f6b-a0e2-eb782d310ebe,en,true,"{""body"": {""payload"": {""transcription"": {""utterances"": [{""speaker"": 0, ""text"": ""Thanks for agreeing to chat with me today about your onboarding experience."", ""start"": 0.8, ""end"": 3.5, ""confidence"": 0.96}, {""speaker"": 1, ""text"": ""Yeah, no problem! Happy to share."", ""start"": 3.8, ""end"": 5.2, ""confidence"": 0.94}, {""speaker"": 0, ""text"": ""Great! So, can you tell me what your first impression was when you started onboarding?"", ""start"": 5.5, ""end"": 8.7, ""confidence"": 0.95}, {""speaker"": 1, ""text"": ""Honestly, I was a bit overwhelmed at first. There was just so much information, you know? Like, all the policies and procedures."", ""start"": 9.0, ""end"": 13.1, ""confidence"": 0.93}, {""speaker"": 0, ""text"": ""That makes sense. Was there anything that stood out as particularly helpful or, you know, maybe confusing?"", ""start"": 13.3, ""end"": 16.0, ""confidence"": 0.94}, {""speaker"": 1, ""text"": ""Yeah! The team introductions were super helpful. It made me feel more connected, but, like, the technology training? Ugh, that was a lot."", ""start"": 16.2, ""end"": 20.1, ""confidence"": 0.92}, {""speaker"": 0, ""text"": ""I hear you! Sometimes the tech stuff can really pile up. Did you have a buddy or mentor assigned to help you along the way?"", ""start"": 20.3, ""end"": 24.0, ""confidence"": 0.95}, {""speaker"": 1, ""text"": ""I did! My buddy was awesome. She answered all my questions and, like, helped me navigate the software. That made a huge difference."", ""start"": 24.2, ""end"": 28.0, ""confidence"": 0.94}, {""speaker"": 0, ""text"": ""Sounds like a good support system. How did you feel about the communication from your manager during onboarding?"", ""start"": 28.3, ""end"": 31.6, ""confidence"": 0.93}, {""speaker"": 1, ""text"": ""It was pretty good! He checked in regularly and set clear expectations. I really appreciated that."", ""start"": 31.8, ""end"": 35.0, ""confidence"": 0.95}, {""speaker"": 0, ""text"": ""Awesome! Did you have any expectations going into onboarding that were met or maybe not met?"", ""start"": 35.2, ""end"": 39.0, ""confidence"": 0.94}, {""speaker"": 1, ""text"": ""I definitely expected a bit more hands-on training. Like, I thought we\u2019d get to do more real tasks right away."", ""start"": 39.2, ""end"": 42.5, ""confidence"": 0.92}, {""speaker"": 0, ""text"": ""Interesting! So, what do you think would improve that part of the experience for future new hires?"", ""start"": 42.7, ""end"": 46.0, ""confidence"": 0.93}, {""speaker"": 1, ""text"": ""Maybe like, an actual project to work on during onboarding? It\u2019d be great to apply what we learned instead of just listening to lectures."", ""start"": 46.3, ""end"": 50.0, ""confidence"": 0.94}, {""speaker"": 0, ""text"": ""That\u2019s a solid idea! And how would you rate your overall onboarding experience on a scale of one to ten?"", ""start"": 50.3, ""end"": 53.0, ""confidence"": 0.96}, {""speaker"": 1, ""text"": ""I\u2019d say a seven. Good support, but like, room for improvement, especially with practical training."", ""start"": 53.2, ""end"": 56.0, ""confidence"": 0.95}, {""speaker"": 0, ""text"": ""Thanks for that insight! Any final thoughts or suggestions you\u2019d like to share?"", ""start"": 56.3, ""end"": 59.2, ""confidence"": 0.94}, {""speaker"": 1, ""text"": ""Just, um, maybe more consistency in the content delivered. It felt a bit scattered sometimes."", ""start"": 59.5, ""end"": 62.0, ""confidence"": 0.93}, {""speaker"": 0, ""text"": ""Perfect, that\u2019s really helpful to know. Thanks so much for your time today!"", ""start"": 62.3, ""end"": 64.5, ""confidence"": 0.95}, {""speaker"": 1, ""text"": ""Thank you! Glad to help!"", ""start"": 64.8, ""end"": 66.2, ""confidence"": 0.96}]}}}}"
92feff11-4cf5-43bc-8e70-16d5076db565,6b74b838-bd51-4f6b-a0e2-eb782d310ebe,en,true,"{""body"": {""payload"": {""transcription"": {""utterances"": [{""speaker"": 0, ""text"": ""Thanks for taking the time to chat with me today about job satisfaction."", ""start"": 0.5, ""end"": 3.2, ""confidence"": 0.96}, {""speaker"": 1, ""text"": ""Yeah, no problem! Happy to share my thoughts."", ""start"": 3.5, ""end"": 5.1, ""confidence"": 0.94}, {""speaker"": 0, ""text"": ""Awesome! To start off, how would you describe your overall job satisfaction?"", ""start"": 5.5, ""end"": 8.0, ""confidence"": 0.95}, {""speaker"": 1, ""text"": ""Hmm, that's a good question. I\u2019d say I\u2019m reasonably satisfied. Like, I enjoy what I do most days."", ""start"": 8.3, ""end"": 12.0, ""confidence"": 0.93}, {""speaker"": 0, ""text"": ""What aspects of your job do you think contribute most to that satisfaction?"", ""start"": 12.5, ""end"": 15.0, ""confidence"": 0.94}, {""speaker"": 1, ""text"": ""Well, I really like the team I work with. They\u2019re supportive and we collaborate well, so that makes a big difference."", ""start"": 15.2, ""end"": 19.0, ""confidence"": 0.95}, {""speaker"": 0, ""text"": ""That sounds great! Are there any specific challenges that impact your satisfaction?"", ""start"": 19.5, ""end"": 22.0, ""confidence"": 0.96}, {""speaker"": 1, ""text"": ""Yeah, I mean, sometimes the workload can get overwhelming. Deadlines can be pretty tight, and that stresses me out a bit."", ""start"": 22.3, ""end"": 27.0, ""confidence"": 0.92}, {""speaker"": 0, ""text"": ""I can see how that would be tough. How do you cope with those times?"", ""start"": 27.3, ""end"": 30.0, ""confidence"": 0.94}, {""speaker"": 1, ""text"": ""I try to prioritize tasks and communicate with my manager if things get too crazy. It helps to voice my concerns."", ""start"": 30.5, ""end"": 35.0, ""confidence"": 0.93}, {""speaker"": 0, ""text"": ""That\u2019s really proactive. Do you feel your company supports you in those moments?"", ""start"": 35.2, ""end"": 38.0, ""confidence"": 0.95}, {""speaker"": 1, ""text"": ""Mostly, yeah. They do encourage open communication, but sometimes I still feel like it\u2019s on me to manage the stress."", ""start"": 38.3, ""end"": 42.0, ""confidence"": 0.94}, {""speaker"": 0, ""text"": ""Interesting. What do you think would improve your job satisfaction even further?"", ""start"": 42.5, ""end"": 45.0, ""confidence"": 0.96}, {""speaker"": 1, ""text"": ""Maybe more resources for mental health support or flexibility with deadlines. Just feeling more understood would help a lot."", ""start"": 45.3, ""end"": 50.0, ""confidence"": 0.93}, {""speaker"": 0, ""text"": ""That makes a lot of sense. Have you had discussions about this with your management?"", ""start"": 50.3, ""end"": 53.0, ""confidence"": 0.92}, {""speaker"": 1, ""text"": ""A little bit, yeah. They seem open to feedback, but I think it takes time for changes to happen, you know?"", ""start"": 53.2, ""end"": 57.0, ""confidence"": 0.94}, {""speaker"": 0, ""text"": ""Absolutely, change can be slow. Is there anything else you\u2019d like to add about your experience at work?"", ""start"": 57.5, ""end"": 60.0, ""confidence"": 0.95}, {""speaker"": 1, ""text"": ""Just that, overall, I do appreciate the good aspects. It\u2019s a mixed bag, but I\u2019m hopeful for improvements."", ""start"": 60.3, ""end"": 64.0, ""confidence"": 0.92}]}}}}"
cd1b79c7-aa40-4e3e-a10b-7e1a5edb7cfe,f41ba610-9896-4cd8-9283-65c27d256b6c,en,true,"{""body"": {""payload"": {""transcription"": {""utterances"": [{""speaker"": 0, ""text"": ""Thanks for taking the time to chat with me today about work-life balance."", ""start"": 0.5, ""end"": 3.2, ""confidence"": 0.95}, {""speaker"": 1, ""text"": ""Yeah, no problem! It's a topic I've been thinking about a lot lately."", ""start"": 3.5, ""end"": 6.0, ""confidence"": 0.93}, {""speaker"": 0, ""text"": ""Great to hear! What does work-life balance mean to you personally?"", ""start"": 6.3, ""end"": 9.0, ""confidence"": 0.96}, {""speaker"": 1, ""text"": ""Well, for me, it\u2019s... uh, finding that sweet spot between my job and my life outside of it. Like, being fully present both at work and home, you know?"", ""start"": 9.2, ""end"": 13.0, ""confidence"": 0.92}, {""speaker"": 0, ""text"": ""Absolutely, that makes sense. Can you share an example of how you try to achieve that balance?"", ""start"": 13.3, ""end"": 16.0, ""confidence"": 0.94}, {""speaker"": 1, ""text"": ""Sure! So, I\u2019ve started setting strict boundaries, like, I don\u2019t check my emails after six. It helps me unwind and focus on family time."", ""start"": 16.3, ""end"": 20.0, ""confidence"": 0.91}, {""speaker"": 0, ""text"": ""That sounds really effective. Have you noticed any changes since making those boundaries?"", ""start"": 20.2, ""end"": 23.0, ""confidence"": 0.95}, {""speaker"": 1, ""text"": ""Definitely! I feel more relaxed in the evenings, and I think my family appreciates it too. It\u2019s like, I\u2019m not half there anymore."", ""start"": 23.3, ""end"": 27.0, ""confidence"": 0.93}, {""speaker"": 0, ""text"": ""That\u2019s wonderful to hear. What challenges have you faced in maintaining that balance?"", ""start"": 27.2, ""end"": 30.5, ""confidence"": 0.92}, {""speaker"": 1, ""text"": ""Oh, there are days when work just piles up, you know? It can be hard to walk away when there\u2019s so much to do. Sometimes, I feel guilty about it."", ""start"": 30.8, ""end"": 35.0, ""confidence"": 0.9}, {""speaker"": 0, ""text"": ""I can imagine. Have you found any strategies to deal with that guilt?"", ""start"": 35.2, ""end"": 38.0, ""confidence"": 0.94}, {""speaker"": 1, ""text"": ""Yeah, I've started reminding myself that taking breaks actually makes me more productive. And my mental health is important too!"", ""start"": 38.3, ""end"": 42.0, ""confidence"": 0.92}, {""speaker"": 0, ""text"": ""Absolutely, self-care is crucial. What role do you think your employer plays in supporting work-life balance?"", ""start"": 42.3, ""end"": 46.0, ""confidence"": 0.95}, {""speaker"": 1, ""text"": ""I think it\u2019s huge. If they promote a culture that respects personal time, like flexible hours, it makes a big difference. It shows they care, you know?"", ""start"": 46.3, ""end"": 50.0, ""confidence"": 0.91}, {""speaker"": 0, ""text"": ""That\u2019s a really good point. Have you seen any positive changes in your workplace regarding this?"", ""start"": 50.2, ""end"": 53.5, ""confidence"": 0.94}, {""speaker"": 1, ""text"": ""Yeah, actually! A few months ago, they introduced remote work options and it\u2019s been a game changer. I can manage my time much better now."", ""start"": 53.8, ""end"": 58.0, ""confidence"": 0.93}, {""speaker"": 0, ""text"": ""That\u2019s fantastic! Looking ahead, are there any goals you have for improving your work-life balance further?"", ""start"": 58.2, ""end"": 61.0, ""confidence"": 0.95}, {""speaker"": 1, ""text"": ""For sure! I\u2019d love to incorporate more hobbies into my routine, like painting or running. Just things that feed my soul, you know?"", ""start"": 61.3, ""end"": 65.0, ""confidence"": 0.9}, {""speaker"": 0, ""text"": ""That sounds amazing! Thanks so much for sharing your thoughts with me today."", ""start"": 65.2, ""end"": 68.0, ""confidence"": 0.96}, {""speaker"": 1, ""text"": ""Thank you! I enjoyed this conversation."", ""start"": 68.3, ""end"": 70.0, ""confidence"": 0.94}]}}}}"
35c41f38-570a-4e92-958e-f3396e5b7545,f41ba610-9896-4cd8-9283-65c27d256b6c,en,true,"{""body"": {""payload"": {""transcription"": {""utterances"": [{""speaker"": 0, ""text"": ""Thanks for meeting with me today. I really appreciate it."", ""start"": 0.5, ""end"": 3.0, ""confidence"": 0.96}, {""speaker"": 1, ""text"": ""No problem! Happy to chat about performance reviews."", ""start"": 3.2, ""end"": 5.5, ""confidence"": 0.94}, {""speaker"": 0, ""text"": ""Great! So, how do you feel about the performance review process here?"", ""start"": 5.7, ""end"": 8.1, ""confidence"": 0.95}, {""speaker"": 1, ""text"": ""Honestly, it can be a bit stressful. But I think it's important too."", ""start"": 8.3, ""end"": 11.0, ""confidence"": 0.93}, {""speaker"": 0, ""text"": ""Can you elaborate on what makes it stressful for you?"", ""start"": 11.2, ""end"": 13.1, ""confidence"": 0.97}, {""speaker"": 1, ""text"": ""Sure! I guess it\u2019s that pressure to meet expectations. You know, like you worry about how your work is being perceived."", ""start"": 13.3, ""end"": 16.0, ""confidence"": 0.95}, {""speaker"": 0, ""text"": ""That makes sense. Do you think the feedback you receive is helpful?"", ""start"": 16.2, ""end"": 18.0, ""confidence"": 0.96}, {""speaker"": 1, ""text"": ""Most of the time, yes. But sometimes it's a bit vague, and I wish it were more specific."", ""start"": 18.2, ""end"": 21.0, ""confidence"": 0.94}, {""speaker"": 0, ""text"": ""What kind of specific feedback do you find most useful?"", ""start"": 21.2, ""end"": 23.8, ""confidence"": 0.95}, {""speaker"": 1, ""text"": ""Examples of what I did well and what I could improve on, like concrete instances. It just helps me know where to focus."", ""start"": 24.0, ""end"": 28.0, ""confidence"": 0.92}, {""speaker"": 0, ""text"": ""Have you ever had a performance review that stood out to you? Good or bad?"", ""start"": 28.2, ""end"": 31.0, ""confidence"": 0.96}, {""speaker"": 1, ""text"": ""Yeah, actually. One year, my manager gave me really detailed feedback, and it felt great. I walked away feeling motivated."", ""start"": 31.2, ""end"": 35.0, ""confidence"": 0.95}, {""speaker"": 0, ""text"": ""That\u2019s awesome! What do you think your manager did differently?"", ""start"": 35.2, ""end"": 37.9, ""confidence"": 0.94}, {""speaker"": 1, ""text"": ""She took the time to highlight my strengths and connect them to the team's goals, which made it feel relevant."", ""start"": 38.1, ""end"": 41.5, ""confidence"": 0.93}, {""speaker"": 0, ""text"": ""Sounds effective! Do you feel comfortable giving feedback upwards, too?"", ""start"": 41.7, ""end"": 44.0, ""confidence"": 0.95}, {""speaker"": 1, ""text"": ""It's a bit tricky, right? But I try to be honest. It can be intimidating, though."", ""start"": 44.2, ""end"": 47.0, ""confidence"": 0.92}, {""speaker"": 0, ""text"": ""Totally get that. Any ideas on how to make that easier?"", ""start"": 47.2, ""end"": 49.0, ""confidence"": 0.94}, {""speaker"": 1, ""text"": ""Maybe creating a more open culture where feedback feels normal and not punitive? That could help a lot."", ""start"": 49.2, ""end"": 53.0, ""confidence"": 0.95}]}}}}"
f4d167c3-7a88-4bb3-afe2-f1436cf27aea,b7b82cc1-99f7-4129-948e-28e0c646c793,en,true,"{""body"": {""payload"": {""transcription"": {""utterances"": [{""speaker"": 0, ""text"": ""Thanks for taking the time to chat today. To start, could you tell me a bit about your current career situation?"", ""start"": 0.5, ""end"": 4.5, ""confidence"": 0.96}, {""speaker"": 1, ""text"": ""Yeah, sure! So, I\u2019m currently working as a project coordinator in a tech company. It's been, uh, about three years now, and I really enjoy it."", ""start"": 5.0, ""end"": 10.0, ""confidence"": 0.95}, {""speaker"": 0, ""text"": ""That's great to hear! What do you enjoy most about your role?"", ""start"": 10.5, ""end"": 12.8, ""confidence"": 0.94}, {""speaker"": 1, ""text"": ""I love the collaboration part, you know? Working with different teams, getting to solve problems together. It\u2019s pretty fulfilling."", ""start"": 13.0, ""end"": 17.2, ""confidence"": 0.93}, {""speaker"": 0, ""text"": ""Collaboration is key for sure. How do you think this role aligns with your long-term career goals?"", ""start"": 17.5, ""end"": 21.0, ""confidence"": 0.95}, {""speaker"": 1, ""text"": ""Well, I see myself moving into a more managerial position eventually. I think I need to, um, gain more experience in leading projects and people, though."", ""start"": 21.5, ""end"": 26.0, ""confidence"": 0.92}, {""speaker"": 0, ""text"": ""That makes sense. Have you set any specific goals for yourself to help you get there?"", ""start"": 26.5, ""end"": 30.0, ""confidence"": 0.94}, {""speaker"": 1, ""text"": ""Yeah, I\u2019m actually working on a certification in project management right now. I also want to take on more leadership roles at work, like maybe leading team meetings or volunteering for projects."", ""start"": 30.5, ""end"": 36.0, ""confidence"": 0.93}, {""speaker"": 0, ""text"": ""Sounds like you\u2019re being proactive! What challenges do you think you might face as you pursue these goals?"", ""start"": 36.5, ""end"": 40.0, ""confidence"": 0.95}, {""speaker"": 1, ""text"": ""Honestly, I worry about balancing everything, right? The certification, my job, and still trying to maintain my personal life. It can get a bit overwhelming."", ""start"": 40.5, ""end"": 45.5, ""confidence"": 0.91}, {""speaker"": 0, ""text"": ""That\u2019s a valid concern. How do you plan to manage that balance?"", ""start"": 46.0, ""end"": 48.0, ""confidence"": 0.93}, {""speaker"": 1, ""text"": ""I think I\u2019ll need to set better boundaries and maybe prioritize my time better. Like, uh, setting aside specific hours for studying so it doesn't spill into my free time."", ""start"": 48.5, ""end"": 53.0, ""confidence"": 0.92}, {""speaker"": 0, ""text"": ""Good strategy! Looking ahead, where do you see yourself in five years?"", ""start"": 53.5, ""end"": 56.0, ""confidence"": 0.95}, {""speaker"": 1, ""text"": ""I hope to be a project manager by then, maybe even leading a team. I\u2019d love to be involved in higher-stakes projects and really make an impact."", ""start"": 56.5, ""end"": 60.0, ""confidence"": 0.94}, {""speaker"": 0, ""text"": ""That sounds really ambitious! What steps will you take to ensure you reach that point?"", ""start"": 60.5, ""end"": 63.0, ""confidence"": 0.93}, {""speaker"": 1, ""text"": ""I want to network more within my industry. Attend conferences, meet other project managers, and learn from their experiences. That kind of stuff. Plus, keeping my skills sharp, of course."", ""start"": 63.5, ""end"": 69.0, ""confidence"": 0.92}, {""speaker"": 0, ""text"": ""Networking is definitely important. Last question, if you could give one piece of advice to someone just starting out in their career, what would it be?"", ""start"": 69.5, ""end"": 73.0, ""confidence"": 0.96}, {""speaker"": 1, ""text"": ""I\u2019d say, don\u2019t be afraid to ask questions and seek mentorship. Learning from others can really help you grow faster than trying to figure everything out on your own."", ""start"": 73.5, ""end"": 79.0, ""confidence"": 0.95}]}}}}"
12486359-4147-4672-9b0f-9c78e0a831ce,b7b82cc1-99f7-4129-948e-28e0c646c793,en,true,"{""body"": {""payload"": {""transcription"": {""utterances"": [{""speaker"": 0, ""text"": ""Thanks for sitting down with me today. I want to start by asking how you feel about your current team dynamics."", ""start"": 0.5, ""end"": 3.2, ""confidence"": 0.96}, {""speaker"": 1, ""text"": ""Yeah, I mean, overall, I think our team works really well together. We have a good mix of skills, and everyone seems pretty open to collaboration."", ""start"": 3.5, ""end"": 6.5, ""confidence"": 0.94}, {""speaker"": 0, ""text"": ""That sounds great! Can you give me an example of a time when teamwork really shined?"", ""start"": 6.8, ""end"": 9.5, ""confidence"": 0.95}, {""speaker"": 1, ""text"": ""Sure! Just a few weeks ago, we had this big project due, and it was a bit tight on time. But, like, everyone pitched in, and I remember us having this brainstorming session that just... clicked. Ideas were flying, and it felt really productive."", ""start"": 9.8, ""end"": 15.0, ""confidence"": 0.93}, {""speaker"": 0, ""text"": ""Sounds like a positive experience! What do you think contributed to that success?"", ""start"": 15.3, ""end"": 17.5, ""confidence"": 0.97}, {""speaker"": 1, ""text"": ""I think it was the trust we have built over time. We\u2019re comfortable sharing ideas, even if they\u2019re not fully fleshed out. But, um, that said, not everything is perfect, you know?"", ""start"": 17.8, ""end"": 21.0, ""confidence"": 0.92}, {""speaker"": 0, ""text"": ""Right, what do you mean by that?"", ""start"": 21.3, ""end"": 22.5, ""confidence"": 0.94}, {""speaker"": 1, ""text"": ""Well, I feel like management could support us better. Sometimes, they just... don\u2019t really listen to our input on projects. It can be frustrating when we\u2019re trying to collaborate and they impose decisions without really considering what we think."", ""start"": 22.8, ""end"": 28.9, ""confidence"": 0.91}, {""speaker"": 0, ""text"": ""That must be tough. How do you think that impacts the team?"", ""start"": 29.2, ""end"": 31.1, ""confidence"": 0.96}, {""speaker"": 1, ""text"": ""It definitely creates some tension. Like, we have this great team spirit, but when management steps in, it feels like they undermine that. People get demotivated, and it\u2019s like... why bother suggesting ideas if they\u2019re just gonna be brushed off?"", ""start"": 31.4, ""end"": 37.5, ""confidence"": 0.92}, {""speaker"": 0, ""text"": ""That\u2019s understandable. So it seems like you value teamwork but wish management would be more connected to that."", ""start"": 37.8, ""end"": 41.0, ""confidence"": 0.95}, {""speaker"": 1, ""text"": ""Exactly! It\u2019s a mixed bag. I love the collaboration aspect, but it\u2019d be great if management could, you know, really engage with the team to make us feel more valued."", ""start"": 41.3, ""end"": 46.0, ""confidence"": 0.94}, {""speaker"": 0, ""text"": ""So, how do you think the team could express those concerns to management?"", ""start"": 46.3, ""end"": 48.5, ""confidence"": 0.93}, {""speaker"": 1, ""text"": ""I think maybe a team meeting where we can lay out our thoughts. But it has to be constructive, not just complaints. We want them to see we\u2019re trying to improve things, not just venting."", ""start"": 48.8, ""end"": 54.2, ""confidence"": 0.92}, {""speaker"": 0, ""text"": ""That sounds like a constructive approach. Do you think management would be open to that?"", ""start"": 54.5, ""end"": 56.5, ""confidence"": 0.94}, {""speaker"": 1, ""text"": ""I hope so! But, honestly, I\u2019m not sure. Sometimes I get the feeling they don\u2019t really want feedback, which is a shame because we have a lot to offer."", ""start"": 56.8, ""end"": 62.0, ""confidence"": 0.93}, {""speaker"": 0, ""text"": ""Yeah, that\u2019s definitely a challenge. It\u2019s really interesting to hear about your perspective on this. Thank you for sharing."", ""start"": 62.3, ""end"": 67.0, ""confidence"": 0.96}]}}}}"
3e426751-7d6d-47f8-b52c-a1065b9f66de,4cf59f89-f0bc-4d8c-9516-9c238fa1f934,en,true,"{""body"": {""payload"": {""transcription"": {""utterances"": [{""speaker"": 0, ""text"": ""Thanks for joining me today. I really appreciate it."", ""start"": 0.5, ""end"": 3.0, ""confidence"": 0.96}, {""speaker"": 1, ""text"": ""Yeah, no problem! Happy to help."", ""start"": 3.2, ""end"": 5.0, ""confidence"": 0.94}, {""speaker"": 0, ""text"": ""So, let's dive into conflict resolution. Can you tell me about a time you experienced conflict at work?"", ""start"": 5.5, ""end"": 9.2, ""confidence"": 0.95}, {""speaker"": 1, ""text"": ""Sure! So, there was this project where... we had different ideas on how to proceed, and it got pretty tense."", ""start"": 9.5, ""end"": 12.5, ""confidence"": 0.93}, {""speaker"": 0, ""text"": ""What was the main issue that caused the conflict?"", ""start"": 12.9, ""end"": 14.9, ""confidence"": 0.97}, {""speaker"": 1, ""text"": ""Well, I think it was mostly about communication. Some team members felt ignored, you know? Like their input wasn\u2019t valued."", ""start"": 15.2, ""end"": 18.0, ""confidence"": 0.92}, {""speaker"": 0, ""text"": ""That sounds frustrating. How did you handle it?"", ""start"": 18.5, ""end"": 20.4, ""confidence"": 0.96}, {""speaker"": 1, ""text"": ""I tried to mediate a bit. I organized a meeting so everyone could voice their opinions. It helped a lot."", ""start"": 20.7, ""end"": 23.5, ""confidence"": 0.94}, {""speaker"": 0, ""text"": ""Nice! That\u2019s a proactive approach. Did it lead to a resolution?"", ""start"": 24.0, ""end"": 26.0, ""confidence"": 0.95}, {""speaker"": 1, ""text"": ""Yeah, it did! We ended up compromising, which felt good. But honestly, management wasn\u2019t really supportive."", ""start"": 26.3, ""end"": 29.5, ""confidence"": 0.92}, {""speaker"": 0, ""text"": ""Oh? How so?"", ""start"": 29.8, ""end"": 31.2, ""confidence"": 0.97}, {""speaker"": 1, ""text"": ""They just kind of brushed it off, y'know? They didn\u2019t take our concerns seriously, which was, um... disheartening."", ""start"": 31.5, ""end"": 34.0, ""confidence"": 0.9}, {""speaker"": 0, ""text"": ""That\u2019s tough. Do you think that affected teamwork?"", ""start"": 34.5, ""end"": 36.1, ""confidence"": 0.96}, {""speaker"": 1, ""text"": ""Definitely. It created a divide. Some people felt like they had to choose sides."", ""start"": 36.4, ""end"": 39.0, ""confidence"": 0.93}, {""speaker"": 0, ""text"": ""Wow. So, do you think there's a better way to handle such situations?"", ""start"": 39.5, ""end"": 41.2, ""confidence"": 0.95}, {""speaker"": 1, ""text"": ""Honestly, if management had just been more involved, it might have made a huge difference. Like, listen to us more."", ""start"": 41.5, ""end"": 44.5, ""confidence"": 0.91}, {""speaker"": 0, ""text"": ""That makes sense. How do you feel about teamwork overall, despite the challenges?"", ""start"": 45.0, ""end"": 47.2, ""confidence"": 0.95}, {""speaker"": 1, ""text"": ""I love teamwork! It can be so rewarding when everyone collaborates. Just wish management would... support that more."", ""start"": 47.5, ""end"": 50.1, ""confidence"": 0.93}]}}}}"
c4bdfc7b-c20d-4d43-9022-cd4d0002d570,b0d46c72-5527-4cec-8474-868d1da0eb55,en,true,"{""body"": {""payload"": {""transcription"": {""utterances"": [{""speaker"": 0, ""text"": ""Thanks for taking the time to chat with me today."", ""start"": 0.5, ""end"": 3.0, ""confidence"": 0.95}, {""speaker"": 1, ""text"": ""Yeah, no problem! Happy to share my thoughts."", ""start"": 3.5, ""end"": 6.0, ""confidence"": 0.93}, {""speaker"": 0, ""text"": ""Great! So, to start off, how has remote work changed your daily routine?"", ""start"": 6.5, ""end"": 9.5, ""confidence"": 0.94}, {""speaker"": 1, ""text"": ""Hmm, well, it's definitely more flexible, you know? I wake up later than I used to, which is nice."", ""start"": 10.0, ""end"": 13.5, ""confidence"": 0.91}, {""speaker"": 0, ""text"": ""That sounds really nice! Do you find it easier to manage your time?"", ""start"": 14.0, ""end"": 16.0, ""confidence"": 0.92}, {""speaker"": 1, ""text"": ""Sort of. It's a bit of a mixed bag. Some days I\u2019m super productive, other days, not so much."", ""start"": 16.5, ""end"": 19.5, ""confidence"": 0.9}, {""speaker"": 0, ""text"": ""What do you think contributes to those ups and downs?"", ""start"": 20.0, ""end"": 22.0, ""confidence"": 0.89}, {""speaker"": 1, ""text"": ""I guess it\u2019s mostly distractions. Like, home chores or, uh, just wanting to binge-watch a show."", ""start"": 22.5, ""end"": 26.0, ""confidence"": 0.88}, {""speaker"": 0, ""text"": ""Totally get that! Do you have any strategies to combat those distractions?"", ""start"": 26.5, ""end"": 29.0, ""confidence"": 0.92}, {""speaker"": 1, ""text"": ""I try to set specific work hours and stick to them. Also, I use apps to block social media during work."", ""start"": 29.5, ""end"": 33.0, ""confidence"": 0.94}, {""speaker"": 0, ""text"": ""Smart move! How do you stay connected with your colleagues while working remotely?"", ""start"": 33.5, ""end"": 36.5, ""confidence"": 0.93}, {""speaker"": 1, ""text"": ""We use a lot of video calls and team chats. It\u2019s not the same as being in an office, but it helps."", ""start"": 37.0, ""end"": 40.0, ""confidence"": 0.95}, {""speaker"": 0, ""text"": ""Do you feel like that communication is effective?"", ""start"": 40.5, ""end"": 42.0, ""confidence"": 0.89}, {""speaker"": 1, ""text"": ""Most of the time, yeah. But, sometimes it feels a bit impersonal, you know?"", ""start"": 42.5, ""end"": 46.0, ""confidence"": 0.92}, {""speaker"": 0, ""text"": ""I can imagine. Do you ever miss the in-person interactions?"", ""start"": 46.5, ""end"": 48.5, ""confidence"": 0.91}, {""speaker"": 1, ""text"": ""Definitely. It can get lonely sometimes. I miss just, like, chatting over coffee or something."", ""start"": 49.0, ""end"": 52.5, ""confidence"": 0.94}, {""speaker"": 0, ""text"": ""Have you found any ways to recreate that kind of social interaction?"", ""start"": 53.0, ""end"": 55.5, ""confidence"": 0.9}, {""speaker"": 1, ""text"": ""Yeah, we have virtual happy hours! It\u2019s fun, but still not quite the same."", ""start"": 56.0, ""end"": 58.5, ""confidence"": 0.93}]}}}}"
f3428ccd-5418-4cca-bcf3-5c53deff9762,b0d46c72-5527-4cec-8474-868d1da0eb55,en,true,"{""body"": {""payload"": {""transcription"": {""utterances"": [{""speaker"": 0, ""text"": ""So, let's dive into salary expectations. Can you tell me what your salary expectations are for this role?"", ""start"": 0.5, ""end"": 3.1, ""confidence"": 0.96}, {""speaker"": 1, ""text"": ""Yeah, sure! I guess, uh, I've been thinking about it a lot. Last year, I was making around fifty thousand."", ""start"": 3.5, ""end"": 6.2, ""confidence"": 0.94}, {""speaker"": 0, ""text"": ""Got it. And, what are you looking for now? Is there a range?"", ""start"": 6.5, ""end"": 8.5, ""confidence"": 0.95}, {""speaker"": 1, ""text"": ""I feel like, um, considering the skills and experience I bring, I'd be aiming for like, maybe sixty to seventy thousand? Something like that."", ""start"": 8.8, ""end"": 12.0, ""confidence"": 0.93}, {""speaker"": 0, ""text"": ""That sounds reasonable. What influenced your expectation?"", ""start"": 12.3, ""end"": 14.2, ""confidence"": 0.97}, {""speaker"": 1, ""text"": ""Well, I did some research last year, and, um, I saw a lot of similar positions offering those figures."", ""start"": 14.5, ""end"": 17.0, ""confidence"": 0.92}, {""speaker"": 0, ""text"": ""That makes sense. Have your expectations changed recently?"", ""start"": 17.3, ""end"": 19.0, ""confidence"": 0.96}, {""speaker"": 1, ""text"": ""Kind of. I mean, I feel like the market has shifted a bit, and, uh, with the experience I've gained... I guess I value my work more now."", ""start"": 19.3, ""end"": 23.0, ""confidence"": 0.91}, {""speaker"": 0, ""text"": ""Interesting. Can you share how you've assessed your value in the job market?"", ""start"": 23.3, ""end"": 25.8, ""confidence"": 0.94}, {""speaker"": 1, ""text"": ""Yeah, for sure. I keep an eye on job boards and also talk to, like, peers in the industry. Networking helps a lot, you know?"", ""start"": 26.1, ""end"": 29.5, ""confidence"": 0.95}, {""speaker"": 0, ""text"": ""Absolutely. Any specific resources you found helpful?"", ""start"": 29.8, ""end"": 31.5, ""confidence"": 0.97}, {""speaker"": 1, ""text"": ""Oh, definitely! Websites like Glassdoor and LinkedIn, they give a pretty good overview of salaries. I found that helpful last time I looked."", ""start"": 31.8, ""end"": 35.0, ""confidence"": 0.93}, {""speaker"": 0, ""text"": ""Great! So, beyond salary, what other factors are important to you in a job?"", ""start"": 35.3, ""end"": 37.5, ""confidence"": 0.95}, {""speaker"": 1, ""text"": ""Um, yeah, benefits for sure. And also, like, work-life balance. Last year, I learned that it\u2019s crucial for me."", ""start"": 37.8, ""end"": 41.0, ""confidence"": 0.92}, {""speaker"": 0, ""text"": ""I hear you. So, you'd say those are non-negotiables for you?"", ""start"": 41.3, ""end"": 43.0, ""confidence"": 0.96}, {""speaker"": 1, ""text"": ""Exactly! If it's all about the salary but the work-life balance is off, then, uh, I don't think it'd be worth it."", ""start"": 43.3, ""end"": 46.0, ""confidence"": 0.94}, {""speaker"": 0, ""text"": ""That's a good perspective. Is there anything else you'd like us to know about your expectations?"", ""start"": 46.3, ""end"": 48.0, ""confidence"": 0.95}, {""speaker"": 1, ""text"": ""Just, um, that I'm really eager to find a place where I can grow and, uh, feel valued for my contributions."", ""start"": 48.3, ""end"": 51.0, ""confidence"": 0.93}]}}}}"
a8c196f1-f3c8-4a47-b0b3-bb13fe9fc06c,b7b82cc1-99f7-4129-948e-28e0c646c793,en,true,"{""body"": {""payload"": {""transcription"": {""utterances"": [{""speaker"": 0, ""text"": ""Thanks for taking the time to meet with me today."", ""start"": 0.5, ""end"": 2.1, ""confidence"": 0.96}, {""speaker"": 1, ""text"": ""Yeah, no problem! Happy to share my thoughts."", ""start"": 2.5, ""end"": 4.0, ""confidence"": 0.94}, {""speaker"": 0, ""text"": ""Great! So, let's dive right in. How would you describe the company culture here?"", ""start"": 4.5, ""end"": 7.0, ""confidence"": 0.95}, {""speaker"": 1, ""text"": ""Um, I\u2019d say it\u2019s pretty collaborative. Like, everyone is super open to sharing ideas and feedback, you know?"", ""start"": 7.5, ""end"": 10.2, ""confidence"": 0.93}, {""speaker"": 0, ""text"": ""That sounds positive. Can you give me an example of that collaboration in action?"", ""start"": 10.7, ""end"": 12.4, ""confidence"": 0.92}, {""speaker"": 1, ""text"": ""Sure! Just last week, we had this big project, and, um, team members from different departments actually came together to brainstorm, which was awesome!"", ""start"": 12.9, ""end"": 15.5, ""confidence"": 0.94}, {""speaker"": 0, ""text"": ""Nice! How did that impact the project outcome?"", ""start"": 15.7, ""end"": 17.1, ""confidence"": 0.89}, {""speaker"": 1, ""text"": ""Well, we ended up with a lot of diverse ideas. I think it really enriched the final proposal, and we, um, met our deadline too!"", ""start"": 17.5, ""end"": 20.2, ""confidence"": 0.92}, {""speaker"": 0, ""text"": ""That's impressive! On the flip side, what do you think could be improved in the culture?"", ""start"": 20.6, ""end"": 23.0, ""confidence"": 0.9}, {""speaker"": 1, ""text"": ""Hmm, I guess sometimes there can be, like, a bit of a struggle with balancing feedback. Some people take it personally, you know?"", ""start"": 23.5, ""end"": 26.1, ""confidence"": 0.88}, {""speaker"": 0, ""text"": ""That\u2019s interesting. How do you think that could be addressed?"", ""start"": 26.5, ""end"": 28.0, ""confidence"": 0.91}, {""speaker"": 1, ""text"": ""Maybe more workshops on giving and receiving feedback? Just to help people understand it\u2019s part of growth."", ""start"": 28.5, ""end"": 31.2, ""confidence"": 0.95}, {""speaker"": 0, ""text"": ""Yeah, that definitely makes sense. What do you personally value most about the culture here?"", ""start"": 31.6, ""end"": 34.0, ""confidence"": 0.92}, {""speaker"": 1, ""text"": ""I really appreciate the, like, the sense of belonging. I mean, I feel like I can be myself and contribute without being judged."", ""start"": 34.5, ""end"": 37.5, ""confidence"": 0.94}, {""speaker"": 0, ""text"": ""That\u2019s really important. Do you think that sense of belonging affects employee retention?"", ""start"": 37.8, ""end"": 40.0, ""confidence"": 0.93}, {""speaker"": 1, ""text"": ""Absolutely! When people feel valued, they\u2019re more likely to stick around, you know? It\u2019s just more motivating."", ""start"": 40.4, ""end"": 42.8, ""confidence"": 0.91}, {""speaker"": 0, ""text"": ""That\u2019s a great insight. Last question\u2014how do you see the culture evolving in the future?"", ""start"": 43.2, ""end"": 45.5, ""confidence"": 0.9}, {""speaker"": 1, ""text"": ""I think it\u2019ll keep becoming more inclusive as we grow. Like, it\u2019s already changing, and I hope we keep building on that."", ""start"": 46.0, ""end"": 48.5, ""confidence"": 0.92}]}}}}"
0747ae84-2adc-42dd-b9ae-9b39ccffe9c8,4cf59f89-f0bc-4d8c-9516-9c238fa1f934,en,true,"{""body"": {""payload"": {""transcription"": {""utterances"": [{""speaker"": 0, ""text"": ""Thanks for taking the time to chat today about your onboarding experience."", ""start"": 0.5, ""end"": 3.2, ""confidence"": 0.96}, {""speaker"": 1, ""text"": ""Yeah, no problem! I'm glad to share."", ""start"": 3.5, ""end"": 5.0, ""confidence"": 0.94}, {""speaker"": 0, ""text"": ""Awesome! So, can you tell me about your first few days here?"", ""start"": 5.2, ""end"": 7.0, ""confidence"": 0.95}, {""speaker"": 1, ""text"": ""Sure! It was a bit overwhelming, to be honest. I mean, there\u2019s so much to take in, right?"", ""start"": 7.3, ""end"": 10.0, ""confidence"": 0.93}, {""speaker"": 0, ""text"": ""Yeah, I can imagine. What felt the most overwhelming?"", ""start"": 10.2, ""end"": 11.8, ""confidence"": 0.97}, {""speaker"": 1, ""text"": ""Probably just the amount of new information. The systems, processes, and even meeting everyone\u2026 it was like drinking from a fire hose!"", ""start"": 12.0, ""end"": 15.0, ""confidence"": 0.92}, {""speaker"": 0, ""text"": ""I get that. Were there any specific parts of the onboarding process that helped you feel more settled?"", ""start"": 15.3, ""end"": 18.0, ""confidence"": 0.97}, {""speaker"": 1, ""text"": ""Definitely! The buddy system was super helpful. My buddy showed me the ropes, like where to find things and who to talk to. Made it less scary."", ""start"": 18.5, ""end"": 21.5, ""confidence"": 0.95}, {""speaker"": 0, ""text"": ""That\u2019s great to hear! Did you have any formal training sessions or workshops?"", ""start"": 21.8, ""end"": 24.0, ""confidence"": 0.96}, {""speaker"": 1, ""text"": ""Yeah, we had a couple. One was on company culture, which was really enlightening. It helped me understand the values better."", ""start"": 24.5, ""end"": 27.5, ""confidence"": 0.94}, {""speaker"": 0, ""text"": ""Nice! And how was the interaction with your team during this period?"", ""start"": 27.8, ""end"": 30.0, ""confidence"": 0.97}, {""speaker"": 1, ""text"": ""Oh, they were great! Very welcoming and open to questions. I felt encouraged to ask anything, which was huge for me."", ""start"": 30.5, ""end"": 34.0, ""confidence"": 0.96}, {""speaker"": 0, ""text"": ""That sounds positive! Were there any challenges you faced while onboarding?"", ""start"": 34.2, ""end"": 36.8, ""confidence"": 0.95}, {""speaker"": 1, ""text"": ""Yeah, sometimes I felt a bit lost, especially when things didn\u2019t go as planned. Like, tech issues during training can really throw you off."", ""start"": 37.0, ""end"": 40.0, ""confidence"": 0.93}, {""speaker"": 0, ""text"": ""I can understand that frustration. How did you cope with those moments?"", ""start"": 40.3, ""end"": 42.0, ""confidence"": 0.96}, {""speaker"": 1, ""text"": ""I tried to stay calm and ask for help. People were pretty understanding, thankfully."", ""start"": 42.5, ""end"": 44.5, ""confidence"": 0.95}, {""speaker"": 0, ""text"": ""Great approach! Looking back, is there anything you wish had been different in your onboarding process?"", ""start"": 44.8, ""end"": 48.0, ""confidence"": 0.96}, {""speaker"": 1, ""text"": ""Maybe more structured timelines. Just knowing what to expect each week would\u2019ve helped me plan better."", ""start"": 48.2, ""end"": 50.5, ""confidence"": 0.94}, {""speaker"": 0, ""text"": ""That\u2019s a valuable insight. Thanks for sharing your experience. Anything else you'd like to add?"", ""start"": 50.8, ""end"": 53.0, ""confidence"": 0.97}, {""speaker"": 1, ""text"": ""No, I think that covers it! Just happy to be here."", ""start"": 53.2, ""end"": 55.0, ""confidence"": 0.95}]}}}}"
67ee503c-bc80-43ee-b8ca-5d3c44d7eea7,b7b82cc1-99f7-4129-948e-28e0c646c793,nl,true,"{""body"": {""payload"": {""transcription"": {""utterances"": [{""speaker"": 0, ""text"": ""Goedemorgen! Dank je wel dat je vandaag tijd hebt gemaakt om te praten over werkplezier."", ""start"": 0.0, ""end"": 5.0, ""confidence"": 0.95}, {""speaker"": 1, ""text"": ""Ja, goedemorgen! Geen probleem, ik praat er graag over."", ""start"": 5.1, ""end"": 8.0, ""confidence"": 0.93}, {""speaker"": 0, ""text"": ""Wat vind je eigenlijk het leukst aan je werk?"", ""start"": 8.1, ""end"": 11.0, ""confidence"": 0.94}, {""speaker"": 1, ""text"": ""Nou, ik vind de samenwerking met mijn collega's echt geweldig. We hebben een hechte groep."", ""start"": 11.1, ""end"": 15.0, ""confidence"": 0.92}, {""speaker"": 0, ""text"": ""Dat klinkt goed! Wat maakt die samenwerking zo fijn?"", ""start"": 15.1, ""end"": 18.0, ""confidence"": 0.96}, {""speaker"": 1, ""text"": ""Ehm, we zijn echt een team, weet je? Iedereen helpt elkaar en er is veel ruimte voor idee\u00ebn."", ""start"": 18.1, ""end"": 22.0, ""confidence"": 0.91}, {""speaker"": 0, ""text"": ""En wat vind je minder leuk aan je werk?"", ""start"": 22.1, ""end"": 24.0, ""confidence"": 0.95}, {""speaker"": 1, ""text"": ""Hmm, dat is een goeie vraag. Ik heb soms problemen met de stijl van onze leidinggevende."", ""start"": 24.1, ""end"": 28.0, ""confidence"": 0.9}, {""speaker"": 0, ""text"": ""Oh, wat bedoel je daar precies mee?"", ""start"": 28.1, ""end"": 30.0, ""confidence"": 0.94}, {""speaker"": 1, ""text"": ""Hij is soms... tja, te autoritair. Ik mis wat meer, ehm, betrokkenheid."", ""start"": 30.1, ""end"": 35.0, ""confidence"": 0.89}, {""speaker"": 0, ""text"": ""Dat klinkt frustrerend. Hebben jullie daar ooit over gesproken?"", ""start"": 35.1, ""end"": 38.0, ""confidence"": 0.93}, {""speaker"": 1, ""text"": ""Ja, een paar keer, maar het verandert niet echt. Het is... een beetje ontmoedigend."", ""start"": 38.1, ""end"": 42.0, ""confidence"": 0.88}, {""speaker"": 0, ""text"": ""Begrijpelijk. Denk je dat dit invloed heeft op je werkplezier?"", ""start"": 42.1, ""end"": 45.0, ""confidence"": 0.92}, {""speaker"": 1, ""text"": ""Ja, zeker. Sommige dagen voel ik me gewoon, eh, minder gemotiveerd door die stijl."", ""start"": 45.1, ""end"": 49.0, ""confidence"": 0.9}, {""speaker"": 0, ""text"": ""En hoe ga je daarmee om? Heb je manieren gevonden om je motivatie omhoog te houden?"", ""start"": 49.1, ""end"": 54.0, ""confidence"": 0.93}, {""speaker"": 1, ""text"": ""Nou, ik probeer me te focussen op de positieve punten, zoals die fijne samenwerking."", ""start"": 54.1, ""end"": 58.0, ""confidence"": 0.91}, {""speaker"": 0, ""text"": ""Slim! Heb je nog andere dingen die je helpt?"", ""start"": 58.1, ""end"": 60.0, ""confidence"": 0.94}, {""speaker"": 1, ""text"": ""Ja, ik zorg dat ik regelmatig pauzes neem en soms ga ik gewoon even buiten een wandeling maken."", ""start"": 60.1, ""end"": 64.0, ""confidence"": 0.92}, {""speaker"": 0, ""text"": ""Dat klinkt goed! Heb je nog idee\u00ebn over hoe de leiderschapsstijl verbeterd kan worden?"", ""start"": 64.1, ""end"": 68.0, ""confidence"": 0.89}, {""speaker"": 1, ""text"": ""Ehm, misschien meer feedbacksessies? Meer open communicatie zou echt helpen."", ""start"": 68.1, ""end"": 73.0, ""confidence"": 0.9}, {""speaker"": 0, ""text"": ""Dat is een waardevol idee! Dank je voor je openheid. Weet dat je stem gehoord wordt."", ""start"": 73.1, ""end"": 77.0, ""confidence"": 0.95}]}}}}"
374e7464-e156-46d6-b592-c46451527ce9,f41ba610-9896-4cd8-9283-65c27d256b6c,nl,true,"{""body"": {""payload"": {""transcription"": {""utterances"": [{""speaker"": 0, ""text"": ""Hallo, bedankt dat je tijd voor ons hebt genomen vandaag."", ""start"": 0.0, ""end"": 3.0, ""confidence"": 0.95}, {""speaker"": 1, ""text"": ""Ja, geen probleem, ik ben blij om te helpen."", ""start"": 3.1, ""end"": 5.0, ""confidence"": 0.93}, {""speaker"": 0, ""text"": ""Laten we beginnen met de werk-priv\u00e9balans. Hoe ervaar jij dat momenteel?"", ""start"": 5.1, ""end"": 9.0, ""confidence"": 0.94}, {""speaker"": 1, ""text"": ""Nou, het is soms best lastig. Ik heb een drukke baan en... ik probeer ook tijd voor mijn gezin te maken."", ""start"": 9.1, ""end"": 14.0, ""confidence"": 0.91}, {""speaker"": 0, ""text"": ""Wat zijn de grootste uitdagingen die je tegenkomt?"", ""start"": 14.1, ""end"": 16.0, ""confidence"": 0.89}, {""speaker"": 1, ""text"": ""Tja, soms is het gewoon dat ik, ehm, als ik de deur uitga, dat ik dan vaak nog aan werk moet denken... of e-mails controleren."", ""start"": 16.1, ""end"": 23.0, ""confidence"": 0.9}, {""speaker"": 0, ""text"": ""En hoe be\u00efnvloedt dat jouw vrije tijd?"", ""start"": 23.1, ""end"": 25.0, ""confidence"": 0.92}, {""speaker"": 1, ""text"": ""Het maakt het moeilijk om echt te ontspannen. Soms voel ik me schuldig als ik, eh, tijd doorbreng zonder aan werk te denken."", ""start"": 25.1, ""end"": 31.0, ""confidence"": 0.88}, {""speaker"": 0, ""text"": ""Dus je hebt soms het gevoel dat je je werk niet echt kunt loslaten?"", ""start"": 31.1, ""end"": 34.0, ""confidence"": 0.94}, {""speaker"": 1, ""text"": ""Ja, precies. En dat is frustrerend. Want ik wil er zijn voor mijn kinderen, maar ook goed presteren op mijn werk."", ""start"": 34.1, ""end"": 40.0, ""confidence"": 0.91}, {""speaker"": 0, ""text"": ""Wat doe je om die balans te verbeteren?"", ""start"": 40.1, ""end"": 42.0, ""confidence"": 0.9}, {""speaker"": 1, ""text"": ""Nou, ik probeer, eh... tijd in te plannen voor mijn gezin. Zoals... gezamenlijke diners of weekends weg."", ""start"": 42.1, ""end"": 48.0, ""confidence"": 0.89}, {""speaker"": 0, ""text"": ""Klinkt goed. Merkt je gezin dat verschil?"", ""start"": 48.1, ""end"": 50.0, ""confidence"": 0.95}, {""speaker"": 1, ""text"": ""Ja, ze zijn blij als ik er ben. Maar soms is het nog steeds een uitdaging om alles te combineren."", ""start"": 50.1, ""end"": 55.0, ""confidence"": 0.9}, {""speaker"": 0, ""text"": ""Wat zou jou helpen om die balans nog beter te maken?"", ""start"": 55.1, ""end"": 58.0, ""confidence"": 0.92}, {""speaker"": 1, ""text"": ""Misschien flexibeler werkuren of minder druk. Dat zou heel fijn zijn, denk ik."", ""start"": 58.1, ""end"": 62.0, ""confidence"": 0.88}, {""speaker"": 0, ""text"": ""Dat is een interessante suggestie. Heb je daar ooit met je leidinggevende over gesproken?"", ""start"": 62.1, ""end"": 66.0, ""confidence"": 0.91}, {""speaker"": 1, ""text"": ""Ehm, niet echt. Ik vind het moeilijk om dat ter sprake te brengen, je weet wel, bang dat het verkeerd overkomt of zo."", ""start"": 66.1, ""end"": 72.0, ""confidence"": 0.87}, {""speaker"": 0, ""text"": ""Dat begrijp ik. Het kan best een gevoelig onderwerp zijn."", ""start"": 72.1, ""end"": 75.0, ""confidence"": 0.94}, {""speaker"": 1, ""text"": ""Ja, ik hoop dat het in de toekomst makkelijker wordt om dat te bespreken."", ""start"": 75.1, ""end"": 78.0, ""confidence"": 0.9}, {""speaker"": 0, ""text"": ""Nou, dat was heel waardevol om te horen. Bedankt voor je openheid."", ""start"": 78.1, ""end"": 81.0, ""confidence"": 0.93}, {""speaker"": 1, ""text"": ""Graag gedaan! Ik hoop dat het helpt."", ""start"": 81.1, ""end"": 83.0, ""confidence"": 0.92}]}}}}"
686864cd-66cf-4c6e-a56c-caae840bbdc1,b7b82cc1-99f7-4129-948e-28e0c646c793,nl,true,"{""body"": {""payload"": {""transcription"": {""utterances"": [{""speaker"": 0, ""text"": ""Hallo en bedankt dat je vandaag de tijd hebt genomen om met me te praten over prestatiebeoordeling."", ""start"": 0.0, ""end"": 5.2, ""confidence"": 0.95}, {""speaker"": 1, ""text"": ""Ja, geen probleem. Ik vind het ook wel een interessant onderwerp."", ""start"": 5.3, ""end"": 8.1, ""confidence"": 0.93}, {""speaker"": 0, ""text"": ""Super! Wat denk je dat de belangrijkste factoren zijn die bijdragen aan een effectieve prestatiebeoordeling?"", ""start"": 8.2, ""end"": 13.1, ""confidence"": 0.94}, {""speaker"": 1, ""text"": ""Nou, ik denk dat communicatie echt cruciaal is. Als je niet goed met elkaar praat, ja, dan... dan werkt het gewoon niet."", ""start"": 13.2, ""end"": 19.0, ""confidence"": 0.92}, {""speaker"": 0, ""text"": ""Dat begrijp ik. Heb je specifieke voorbeelden van hoe communicatie bij jou in het team werkt?"", ""start"": 19.1, ""end"": 22.8, ""confidence"": 0.91}, {""speaker"": 1, ""text"": ""Ja, bijvoorbeeld tijdens onze maandelijkse bijeenkomsten. We bespreken dan wat goed ging en wat beter kan."", ""start"": 22.9, ""end"": 27.6, ""confidence"": 0.94}, {""speaker"": 0, ""text"": ""Dat klinkt goed. En hoe voelt het voor jou om feedback te ontvangen?"", ""start"": 27.7, ""end"": 31.1, ""confidence"": 0.96}, {""speaker"": 1, ""text"": ""Ehm, dat is soms wel een beetje spannend, maar als het op een eerlijke manier gebeurt, dan... dan kan ik er wel iets mee."", ""start"": 31.2, ""end"": 36.5, ""confidence"": 0.93}, {""speaker"": 0, ""text"": ""Heb je ooit ervaring gehad met een beoordeling die je niet terecht vond?"", ""start"": 36.6, ""end"": 40.4, ""confidence"": 0.92}, {""speaker"": 1, ""text"": ""Ja, dat is me \u00e9\u00e9n keer overkomen. Het was met Mark. Hij had een verschillende visie op mijn werk dan ikzelf."", ""start"": 40.5, ""end"": 46.0, ""confidence"": 0.91}, {""speaker"": 0, ""text"": ""Hoe ben je daarmee omgegaan?"", ""start"": 46.1, ""end"": 48.0, ""confidence"": 0.94}, {""speaker"": 1, ""text"": ""Ik heb er een gesprek over met hem aangevraagd. Uiteindelijk... uiteindelijk hebben we wat duidelijkheid gekregen, maar het was best lastig."", ""start"": 48.1, ""end"": 54.0, ""confidence"": 0.92}, {""speaker"": 0, ""text"": ""Dat klinkt als een goede aanpak. Denk je dat er verbeteringen mogelijk zijn in het beoordelingsproces?"", ""start"": 54.1, ""end"": 58.0, ""confidence"": 0.95}, {""speaker"": 1, ""text"": ""Ja, zeker. Misschien meer focus op persoonlijke ontwikkeling in plaats van alleen op cijfers."", ""start"": 58.1, ""end"": 61.5, ""confidence"": 0.93}, {""speaker"": 0, ""text"": ""Klinkt logisch. Heb je zelf idee\u00ebn om dat te implementeren?"", ""start"": 61.6, ""end"": 64.5, ""confidence"": 0.92}, {""speaker"": 1, ""text"": ""Ja, ik denk dat we... eh, workshops kunnen organiseren voor het team om \u00fcberhaupt meer te leren over onze sterke punten."", ""start"": 64.6, ""end"": 70.2, ""confidence"": 0.94}, {""speaker"": 0, ""text"": ""Dat klinkt als een constructief idee! Hoe kunnen we ervoor zorgen dat iedereen daar ook echt aan deelneemt?"", ""start"": 70.3, ""end"": 75.0, ""confidence"": 0.93}, {""speaker"": 1, ""text"": ""Misschien door het te koppelen aan onze prestatiebeoordelingen... dat maakt het... ja, zo worden mensen misschien meer gemotiveerd om mee te doen."", ""start"": 75.1, ""end"": 81.0, ""confidence"": 0.94}, {""speaker"": 0, ""text"": ""Heel interessant, bedankt voor het delen van je gedachten!"", ""start"": 81.1, ""end"": 83.0, ""confidence"": 0.96}, {""speaker"": 1, ""text"": ""Graag gedaan! Ik vond het ook leuk om hierover te praten."", ""start"": 83.1, ""end"": 86.0, ""confidence"": 0.93}]}}}}"
3f695933-9393-4bbd-9b01-18473071118c,4cf59f89-f0bc-4d8c-9516-9c238fa1f934,nl,true,"{""body"": {""payload"": {""transcription"": {""utterances"": [{""speaker"": 0, ""text"": ""Welkom, fijn dat je er bent. Laten we beginnen met je loopbaandoelen. Wat zijn jouw belangrijkste loopbaandoelen op dit moment?"", ""start"": 0.0, ""end"": 14.5, ""confidence"": 0.95}, {""speaker"": 1, ""text"": ""Ah, dank je! Nou, op dit moment... denk ik dat ik echt wil doorgroeien in mijn carri\u00e8re, je weet wel, meer verantwoordelijkheden en... ja, eigenlijk een leiderschapsrol. "", ""start"": 14.6, ""end"": 30.0, ""confidence"": 0.93}, {""speaker"": 0, ""text"": ""Interessant! Wat voor soort verantwoordelijkheden verwacht je dan in zo'n rol?"", ""start"": 30.1, ""end"": 37.0, ""confidence"": 0.94}, {""speaker"": 1, ""text"": ""Nou, ik zou het leuk vinden om teams te leiden en projecten te managen. Maar... ik wil ook dat het echt waarde toevoegt, weet je? "", ""start"": 37.1, ""end"": 51.0, ""confidence"": 0.92}, {""speaker"": 0, ""text"": ""Dat klinkt als een mooie ambitie. Heb je al stappen ondernomen om die doelen te bereiken?"", ""start"": 51.1, ""end"": 57.0, ""confidence"": 0.91}, {""speaker"": 1, ""text"": ""Ja, ik heb een aantal trainingen gevolgd... meer over teammanagement en communicatie. Maar ik merk dat ik... het ook gewoon in de praktijk moet leren. "", ""start"": 57.1, ""end"": 75.0, ""confidence"": 0.89}, {""speaker"": 0, ""text"": ""Dat is zeker een goede manier om ervaring op te doen. Zijn er specifieke uitdagingen die je tegenkomt?"", ""start"": 75.1, ""end"": 81.0, ""confidence"": 0.9}, {""speaker"": 1, ""text"": ""Ja, vooral dat ik soms niet zeker weet hoe ik mijn team effectief kan aansteken... vooral als ze niet goed presteren. "", ""start"": 81.1, ""end"": 92.0, ""confidence"": 0.88}, {""speaker"": 0, ""text"": ""Dat herken ik, dat kan best moeilijk zijn. Heb je daar al oplossingen voor geprobeerd?"", ""start"": 92.1, ""end"": 99.0, ""confidence"": 0.92}, {""speaker"": 1, ""text"": ""Ja, ik heb geprobeerd meer open gesprekken te hebben. Maar soms blijft het lastig, vooral als het om feedback gaat\u2026 "", ""start"": 99.1, ""end"": 108.0, ""confidence"": 0.91}, {""speaker"": 0, ""text"": ""Feedback is altijd een lastig onderwerp. Hoe voel je je daarover in je huidige rol?"", ""start"": 108.1, ""end"": 115.0, ""confidence"": 0.9}, {""speaker"": 1, ""text"": ""Ik vind het wel spannend, omdat ik ook begrijp dat het nodig is. Maar ja, het kan ook kwetsbaar voelen. "", ""start"": 115.1, ""end"": 124.0, ""confidence"": 0.89}, {""speaker"": 0, ""text"": ""Dat is heel herkenbaar. Wat motiveert jou om door te gaan ondanks die uitdagingen?"", ""start"": 124.1, ""end"": 131.0, ""confidence"": 0.92}, {""speaker"": 1, ""text"": ""Ik ben echt gemotiveerd door de groei die ik zie in mijn team, en als ik zie dat ze dingen bereiken, dat geeft me ook weer energie. "", ""start"": 131.1, ""end"": 141.0, ""confidence"": 0.94}, {""speaker"": 0, ""text"": ""Dat is een mooie motivatie! Heb je ook doelen buiten werk, misschien voor persoonlijke ontwikkeling?"", ""start"": 141.1, ""end"": 151.0, ""confidence"": 0.93}, {""speaker"": 1, ""text"": ""Ja, ik probeer ook wat meer balans in mijn leven te krijgen. Ik zou graag meer willen sporten en... misschien een nieuwe hobby oppakken. "", ""start"": 151.1, ""end"": 163.0, ""confidence"": 0.9}, {""speaker"": 0, ""text"": ""Dat klinkt goed! Denk je dat dat invloed heeft op je loopbaandoelen?"", ""start"": 163.1, ""end"": 170.0, ""confidence"": 0.91}, {""speaker"": 1, ""text"": ""Ja, absoluut. Als ik me goed voel, ben ik ook productiever en meer gemotiveerd op het werk. Het is... een beetje een cirkel, denk ik. "", ""start"": 170.1, ""end"": 181.0, ""confidence"": 0.92}]}}}}"
14dac7d1-f5ec-4c75-8752-8b1c98125f1b,4cf59f89-f0bc-4d8c-9516-9c238fa1f934,nl,true,"{""body"": {""payload"": {""transcription"": {""utterances"": [{""speaker"": 0, ""text"": ""Hallo, bedankt dat je de tijd neemt voor dit interview."", ""start"": 0.0, ""end"": 3.5, ""confidence"": 0.95}, {""speaker"": 1, ""text"": ""Geen probleem, ik ben blij dat ik kan helpen."", ""start"": 3.6, ""end"": 6.0, ""confidence"": 0.93}, {""speaker"": 0, ""text"": ""Laten we beginnen met teamdynamiek. Hoe zou jij de sfeer binnen jouw team beschrijven?"", ""start"": 6.1, ""end"": 10.5, ""confidence"": 0.92}, {""speaker"": 1, ""text"": ""Uhm, de sfeer is over het algemeen... best positief. We kunnen goed met elkaar opschieten, maar..."", ""start"": 10.6, ""end"": 15.0, ""confidence"": 0.89}, {""speaker"": 1, ""text"": ""...er zijn momenten dat er wat spanning is, vooral als deadlines eraan komen."", ""start"": 15.1, ""end"": 18.5, ""confidence"": 0.91}, {""speaker"": 0, ""text"": ""Interessant. Kun je iets meer vertellen over die spanningen?"", ""start"": 18.6, ""end"": 21.0, ""confidence"": 0.94}, {""speaker"": 1, ""text"": ""Ja, ik merk dat sommige teamleden, uh, gewoon veel druk voelen, en dat... dat kan soms leiden tot... hoe zeg je dat... conflicten."", ""start"": 21.1, ""end"": 26.0, ""confidence"": 0.88}, {""speaker"": 0, ""text"": ""Conflict klinkt uitdagend. Hoe gaat jullie team daarmee om?"", ""start"": 26.1, ""end"": 29.5, ""confidence"": 0.9}, {""speaker"": 1, ""text"": ""Nou, we proberen open te communiceren. Soms hebben we, eh, teamvergaderingen waar we dit soort dingen bespreken."", ""start"": 29.6, ""end"": 34.0, ""confidence"": 0.92}, {""speaker"": 0, ""text"": ""Dat klinkt goed. Heb je voorbeelden van zulke gesprekken?"", ""start"": 34.1, ""end"": 36.5, ""confidence"": 0.89}, {""speaker"": 1, ""text"": ""Ja, laatst was er bijvoorbeeld een situatie waarbij... iemand zich niet gehoord voelde. We hebben toen een sessie gehad om dat te... bespreken."", ""start"": 36.6, ""end"": 41.0, ""confidence"": 0.9}, {""speaker"": 0, ""text"": ""En, uh, wat was de uitkomst daarvan?"", ""start"": 41.1, ""end"": 43.0, ""confidence"": 0.91}, {""speaker"": 1, ""text"": ""Uhm, het hielp echt. Iedereen gunstte elkaar meer begrip, en we konden weer, eh, beter samenwerken."", ""start"": 43.1, ""end"": 47.5, ""confidence"": 0.94}, {""speaker"": 0, ""text"": ""Dat is mooi om te horen. Zou je zeggen dat het team goed in staat is om van fouten te leren?"", ""start"": 47.6, ""end"": 51.0, ""confidence"": 0.92}, {""speaker"": 1, ""text"": ""Ja, meestal wel. We proberen te reflecteren na projecten. Soms helpt dat echt om... problemen te voorkomen."", ""start"": 51.1, ""end"": 55.5, ""confidence"": 0.91}, {""speaker"": 0, ""text"": ""En als er een fout wordt gemaakt, hoe reageert het team daar dan op?"", ""start"": 55.6, ""end"": 59.0, ""confidence"": 0.9}, {""speaker"": 1, ""text"": ""Uh, dat kan vari\u00ebren. Maar over het algemeen zijn we, eh, wel begripvol. We weten dat... iedereen fouten maakt, en dat is ok\u00e9."", ""start"": 59.1, ""end"": 63.0, ""confidence"": 0.92}, {""speaker"": 0, ""text"": ""Dat klinkt als een gezonde benadering. Hoe ziet de rol van de teamleider eruit in deze dynamiek?"", ""start"": 63.1, ""end"": 66.0, ""confidence"": 0.9}, {""speaker"": 1, ""text"": ""Onze teamleider is heel ondersteunend. Hij moedigt ons aan om openhartig te zijn en, uhm, hij is ook goed in het bemiddelen van... conflicten."", ""start"": 66.1, ""end"": 71.0, ""confidence"": 0.93}, {""speaker"": 0, ""text"": ""Dat is belangrijk. Heb je nog iets anders dat je zou willen toevoegen over de teamdynamiek?"", ""start"": 71.1, ""end"": 74.0, ""confidence"": 0.95}, {""speaker"": 1, ""text"": ""Nou, ik denk dat... de cultuur van ons team echt bijdraagt aan ons succes. We... steunen elkaar en dat is, eh, waardevol."", ""start"": 74.1, ""end"": 78.5, ""confidence"": 0.94}]}}}}"
a6dd0dfd-de0e-4676-8804-3077f07ebd4a,4cf59f89-f0bc-4d8c-9516-9c238fa1f934,nl,true,"{""body"": {""payload"": {""transcription"": {""utterances"": [{""speaker"": 0, ""text"": ""Hoi, dank dat je de tijd neemt om met me te praten vandaag. Hoe gaat het met je?"", ""start"": 0.0, ""end"": 5.0, ""confidence"": 0.95}, {""speaker"": 1, ""text"": ""Hey, geen probleem! Het gaat wel goed, denk ik. Een beetje druk, maar dat is normaal."", ""start"": 5.1, ""end"": 10.0, ""confidence"": 0.93}, {""speaker"": 0, ""text"": ""Dat begrijp ik. We hebben het vandaag over conflictoplossing. Heb je recentelijk een conflict gehad op het werk?"", ""start"": 10.1, ""end"": 15.0, ""confidence"": 0.94}, {""speaker"": 1, ""text"": ""Ja, eigenlijk. Er was een miscommunicatie tussen mij en Mark over een projectdeadline, en dat leidde tot wat frustratie."", ""start"": 15.1, ""end"": 20.0, ""confidence"": 0.92}, {""speaker"": 0, ""text"": ""Oh, dat klinkt vervelend. Hoe ging je daarmee om?"", ""start"": 20.1, ""end"": 23.0, ""confidence"": 0.96}, {""speaker"": 1, ""text"": ""Nou, ik heb eerst geprobeerd om rustig te blijven. Ik dacht dat het beter was om het face-to-face te bespreken."", ""start"": 23.1, ""end"": 28.0, ""confidence"": 0.94}, {""speaker"": 0, ""text"": ""Goed idee. Hoe reageerde Mark toen je het met hem besprak?"", ""start"": 28.1, ""end"": 32.0, ""confidence"": 0.95}, {""speaker"": 1, ""text"": ""Hij was in het begin een beetje defensief, maar na een paar minuten begreep hij mijn kant ook. Dat hielp."", ""start"": 32.1, ""end"": 37.0, ""confidence"": 0.93}, {""speaker"": 0, ""text"": ""Dat is fijn om te horen. Wat denk je dat de sleutel was tot het oplossen van dat conflict?"", ""start"": 37.1, ""end"": 42.0, ""confidence"": 0.94}, {""speaker"": 1, ""text"": ""Ik denk dat het vooral kwam door open communicatie en de bereidheid om naar elkaar te luisteren. Dat maakte een groot verschil."", ""start"": 42.1, ""end"": 48.0, ""confidence"": 0.92}, {""speaker"": 0, ""text"": ""Ja, dat is echt belangrijk. Heb je nog andere conflicten meegemaakt met collega's?"", ""start"": 48.1, ""end"": 52.0, ""confidence"": 0.95}, {""speaker"": 1, ""text"": ""Ja, met Lisa was er een keer iets. We hadden verschillende idee\u00ebn over een presentatie, en dat escaleerde een beetje."", ""start"": 52.1, ""end"": 57.0, ""confidence"": 0.91}, {""speaker"": 0, ""text"": ""Interessant. Hoe heb je dat toen aangepakt?"", ""start"": 57.1, ""end"": 60.0, ""confidence"": 0.93}, {""speaker"": 1, ""text"": ""Ik heb haar uitgenodigd voor een gesprek, en we hebben onze idee\u00ebn gepresenteerd. Het hielp ons echt om samen tot een oplossing te komen."", ""start"": 60.1, ""end"": 65.0, ""confidence"": 0.92}, {""speaker"": 0, ""text"": ""Dat klinkt als een goede aanpak. Wat heb je geleerd van deze ervaringen?"", ""start"": 65.1, ""end"": 69.0, ""confidence"": 0.94}, {""speaker"": 1, ""text"": ""Ik heb geleerd dat het belangrijk is om niet alleen je eigen standpunt te verdedigen, maar ook open te staan voor de idee\u00ebn van anderen."", ""start"": 69.1, ""end"": 75.0, ""confidence"": 0.93}, {""speaker"": 0, ""text"": ""Dat klinkt heel waardevol. Heb je nog tips voor anderen die met conflicten te maken hebben?"", ""start"": 75.1, ""end"": 79.0, ""confidence"": 0.95}, {""speaker"": 1, ""text"": ""Zeker! Probeer altijd rustig te blijven, en kijk naar de situatie vanuit het perspectief van de ander. Dat helpt echt."", ""start"": 79.1, ""end"": 83.0, ""confidence"": 0.94}, {""speaker"": 0, ""text"": ""Heel goed advies. Dank je wel voor je tijd en je inzichten vandaag!"", ""start"": 83.1, ""end"": 87.0, ""confidence"": 0.96}, {""speaker"": 1, ""text"": ""Graag gedaan! Dank je voor het gesprek."", ""start"": 87.1, ""end"": 90.0, ""confidence"": 0.95}]}}}}"
d50b51bc-fd4a-4a07-8047-7dbdd9743dab,b7b82cc1-99f7-4129-948e-28e0c646c793,nl,true,"{""body"": {""payload"": {""transcription"": {""utterances"": [{""speaker"": 0, ""text"": ""Hallo! Bedankt dat je de tijd neemt voor dit interview over thuiswerken."", ""start"": 0.0, ""end"": 4.0, ""confidence"": 0.95}, {""speaker"": 1, ""text"": ""Geen probleem, ik vind het eigenlijk best interessant."", ""start"": 4.1, ""end"": 7.0, ""confidence"": 0.93}, {""speaker"": 0, ""text"": ""Fijn om te horen! Hoe ervaar jij het thuiswerken tot nu toe?"", ""start"": 7.1, ""end"": 10.0, ""confidence"": 0.94}, {""speaker"": 1, ""text"": ""Nou, in het begin vond ik het echt fijn. Geen reistijd en gewoon in mijn pyjama werken, weet je."", ""start"": 10.1, ""end"": 14.0, ""confidence"": 0.92}, {""speaker"": 0, ""text"": ""Haha, ja dat klinkt goed! En nu, hoe voel je je daar nu over?"", ""start"": 14.1, ""end"": 16.5, ""confidence"": 0.91}, {""speaker"": 1, ""text"": ""Het is een beetje dubbel. Enerzijds waardeer ik de flexibiliteit, maar ik mis ook het sociale contact met collega's."", ""start"": 16.6, ""end"": 21.0, ""confidence"": 0.9}, {""speaker"": 0, ""text"": ""Dat snap ik. Heb je manieren gevonden om met die sociale gemis om te gaan?"", ""start"": 21.1, ""end"": 24.0, ""confidence"": 0.89}, {""speaker"": 1, ""text"": ""Ja, ik probeer regelmatig videochats te plannen, maar soms voelt dat ook niet helemaal hetzelfde, weet je."", ""start"": 24.1, ""end"": 29.0, ""confidence"": 0.92}, {""speaker"": 0, ""text"": ""Ja, dat begrijp ik. Hoe zorg je ervoor dat je productief blijft tijdens het thuiswerken?"", ""start"": 29.1, ""end"": 33.0, ""confidence"": 0.94}, {""speaker"": 1, ""text"": ""Ik heb een vaste werkruimte gecre\u00eberd, en ik maak een to-do lijst elke ochtend. Dat helpt echt!"", ""start"": 33.1, ""end"": 37.0, ""confidence"": 0.96}, {""speaker"": 0, ""text"": ""Dat klinkt als een goede aanpak! Heb je ook uitdagingen waar je tegenaan loopt?"", ""start"": 37.1, ""end"": 40.0, ""confidence"": 0.93}, {""speaker"": 1, ""text"": ""Ja, vooral de afleiding. Soms is het moeilijk om focus te houden met zoveel dingen thuis."", ""start"": 40.1, ""end"": 44.0, ""confidence"": 0.91}, {""speaker"": 0, ""text"": ""Wat voor dingen afleiden je dan het meest?"", ""start"": 44.1, ""end"": 46.0, ""confidence"": 0.88}, {""speaker"": 1, ""text"": ""Nou, de vaat, de was, gewoon dingen in huis die je normaal niet echt opmerkt."", ""start"": 46.1, ""end"": 49.0, ""confidence"": 0.92}, {""speaker"": 0, ""text"": ""Ah, dat is herkenbaar! Heb je tips voor anderen die hiermee worstelen?"", ""start"": 49.1, ""end"": 52.0, ""confidence"": 0.9}, {""speaker"": 1, ""text"": ""Misschien een schema maken voor huishoudelijke taken, zodat je ze niet tijdens werktijd doet."", ""start"": 52.1, ""end"": 56.0, ""confidence"": 0.93}, {""speaker"": 0, ""text"": ""Dat is een goede tip, dank je! En hoe kijk je naar de toekomst van thuiswerken?"", ""start"": 56.1, ""end"": 59.0, ""confidence"": 0.94}, {""speaker"": 1, ""text"": ""Ik denk dat het een blijvend onderdeel zal zijn, maar met meer balans, dus niet volledig thuis of volledig op kantoor."", ""start"": 59.1, ""end"": 63.0, ""confidence"": 0.95}]}}}}"
0d42ed8d-88ef-4723-ab1c-27e172a4d65e,f41ba610-9896-4cd8-9283-65c27d256b6c,nl,true,"{""body"": {""payload"": {""transcription"": {""utterances"": [{""speaker"": 0, ""text"": ""Hallo, bedankt dat je de tijd hebt genomen om met mij te praten vandaag."", ""start"": 0.0, ""end"": 3.5, ""confidence"": 0.95}, {""speaker"": 1, ""text"": ""Ja, geen probleem! Ik vind het een interessant onderwerp."", ""start"": 3.6, ""end"": 6.1, ""confidence"": 0.93}, {""speaker"": 0, ""text"": ""Geweldig! Laten we beginnen met je salarisverwachtingen. Kun je me vertellen wat je verwachtingen zijn?"", ""start"": 6.2, ""end"": 10.0, ""confidence"": 0.94}, {""speaker"": 1, ""text"": ""Nou, ik heb er eigenlijk wel wat over nagedacht. Ik denk dat ik, eh, rond de vijftigduizend euro zou willen verdienen."", ""start"": 10.1, ""end"": 14.1, ""confidence"": 0.92}, {""speaker"": 0, ""text"": ""En hoe ben je tot dat bedrag gekomen?"", ""start"": 14.2, ""end"": 16.0, ""confidence"": 0.96}, {""speaker"": 1, ""text"": ""Ik heb gekeken naar vergelijkbare functies in mijn vakgebied, en ook naar mijn ervaring. Het lijkt een redelijk bedrag."", ""start"": 16.1, ""end"": 20.0, ""confidence"": 0.94}, {""speaker"": 0, ""text"": ""Dat klinkt logisch. Heb je ook gekeken naar het salaris in de regio waar je werkt?"", ""start"": 20.1, ""end"": 23.1, ""confidence"": 0.92}, {""speaker"": 1, ""text"": ""Ja, zeker. Ik merkte dat het hier, eh, iets lager ligt dan in de grotere steden, maar het is nog steeds competitief."", ""start"": 23.2, ""end"": 27.0, ""confidence"": 0.93}, {""speaker"": 0, ""text"": ""En hoe belangrijk is het voor jou om dat salaris te behalen?"", ""start"": 27.1, ""end"": 30.0, ""confidence"": 0.95}, {""speaker"": 1, ""text"": ""Het is best belangrijk, want ik heb, eh, ook persoonlijke financi\u00eble doelen die ik wil bereiken."", ""start"": 30.1, ""end"": 34.0, ""confidence"": 0.91}, {""speaker"": 0, ""text"": ""Wat voor doelen heb je voor ogen?"", ""start"": 34.1, ""end"": 36.0, ""confidence"": 0.94}, {""speaker"": 1, ""text"": ""Nou, ik wil graag een huis kopen en, eh, sparen voor de toekomst. Dat soort dingen."", ""start"": 36.1, ""end"": 40.0, ""confidence"": 0.92}, {""speaker"": 0, ""text"": ""Dat klinkt als een goed plan. Hoe vind je dat jouw huidige salaris daar in past?"", ""start"": 40.1, ""end"": 43.0, ""confidence"": 0.93}, {""speaker"": 1, ""text"": ""Het huidige salaris dekt de basis, maar\u2026 het is niet genoeg om echt te sparen, denk ik."", ""start"": 43.1, ""end"": 46.5, ""confidence"": 0.9}, {""speaker"": 0, ""text"": ""Dus je zou zeggen dat er ruimte is voor verbetering?"", ""start"": 46.6, ""end"": 48.5, ""confidence"": 0.95}, {""speaker"": 1, ""text"": ""Ja, absoluut. Een beetje meer zou echt helpen om mijn doelen te bereiken."", ""start"": 48.6, ""end"": 52.0, ""confidence"": 0.93}, {""speaker"": 0, ""text"": ""Dat begrijp ik. En hoe kijk je naar extra voordelen, zoals bonussen of andere secundaire arbeidsvoorwaarden?"", ""start"": 52.1, ""end"": 56.0, ""confidence"": 0.94}, {""speaker"": 1, ""text"": ""Ja, dat is ook belangrijk! Een bonus zou uiteraard fijn zijn, maar ook bijvoorbeeld een goede pensioenregeling."", ""start"": 56.1, ""end"": 59.0, ""confidence"": 0.92}, {""speaker"": 0, ""text"": ""Dat klinkt als een complete kijk op wat je wilt. Heb je nog andere overwegingen als het gaat om je salaris?"", ""start"": 59.1, ""end"": 62.0, ""confidence"": 0.95}, {""speaker"": 1, ""text"": ""Hmm, ja, ik denk dat het ook belangrijk is dat ik me gewaardeerd voel voor mijn werk."", ""start"": 62.1, ""end"": 65.0, ""confidence"": 0.91}, {""speaker"": 0, ""text"": ""Dat is een zeer valide punt. Dank je wel voor je openhartigheid vandaag."", ""start"": 65.1, ""end"": 68.0, ""confidence"": 0.96}, {""speaker"": 1, ""text"": ""Graag gedaan! Ik hoop dat dit helpt voor het onderzoek."", ""start"": 68.1, ""end"": 70.0, ""confidence"": 0.93}]}}}}"
621dc0c9-f7d9-4628-a90e-c8efd608afb3,f41ba610-9896-4cd8-9283-65c27d256b6c,nl,true,"{""body"": {""payload"": {""transcription"": {""utterances"": [{""speaker"": 0, ""text"": ""Hoi, bedankt dat je tijd hebt genomen voor dit gesprek. Laten we beginnen met de bedrijfscultuur. Hoe zou je die beschrijven?"", ""start"": 0.0, ""end"": 10.0, ""confidence"": 0.95}, {""speaker"": 1, ""text"": ""Oh, ja, natuurlijk! Ik vind de bedrijfscultuur over het algemeen best positief. Er is een sterke samenwerking tussen collega's, dat merk ik echt."", ""start"": 10.5, ""end"": 22.0, ""confidence"": 0.93}, {""speaker"": 0, ""text"": ""Wat vind je dan zo goed aan die samenwerking?"", ""start"": 22.5, ""end"": 27.0, ""confidence"": 0.94}, {""speaker"": 1, ""text"": ""Nou, we helpen elkaar vaak, en er is best een open sfeer. Je kunt makkelijk vragen stellen en bij elkaar aankloppen voor hulp, dat vind ik fijn."", ""start"": 27.5, ""end"": 39.0, ""confidence"": 0.92}, {""speaker"": 0, ""text"": ""Dat klinkt goed! Maar zijn er ook dingen die minder goed gaan in de cultuur?"", ""start"": 39.5, ""end"": 44.0, ""confidence"": 0.96}, {""speaker"": 1, ""text"": ""Ja, zeker. Het leiderschap is soms... eh, lastig. De stijl is nogal autoritair, en dat zorgt voor wat spanning."", ""start"": 44.5, ""end"": 53.0, ""confidence"": 0.88}, {""speaker"": 0, ""text"": ""Kun je dat verder toelichten? Wat bedoel je precies met autoritair?"", ""start"": 53.5, ""end"": 58.0, ""confidence"": 0.95}, {""speaker"": 1, ""text"": ""Nou, het lijkt soms alsof er weinig ruimte is voor input van de medewerkers. Beslissingen worden vaak zonder overleg genomen, en dat voelt niet fijn."", ""start"": 58.5, ""end"": 70.0, ""confidence"": 0.91}, {""speaker"": 0, ""text"": ""Dat kan frustrerend zijn. Hoe denk je dat dat de teamdynamiek be\u00efnvloedt?"", ""start"": 70.5, ""end"": 75.0, ""confidence"": 0.94}, {""speaker"": 1, ""text"": ""Ja, dat heeft zeker invloed. Mensen gaan zich soms terugtrekken omdat ze het gevoel hebben dat hun mening er niet toe doet. Er is daardoor minder betrokkenheid."", ""start"": 75.5, ""end"": 85.0, ""confidence"": 0.9}, {""speaker"": 0, ""text"": ""Dat klinkt als een uitdaging. Heb je idee\u00ebn over hoe dit verbeterd kan worden?"", ""start"": 85.5, ""end"": 90.0, ""confidence"": 0.92}, {""speaker"": 1, ""text"": ""Misschien meer regelmatige feedbacksessies? En ook, eh, misschien een open deur beleid zou helpen, dat mensen zich vrij voelen om hun idee\u00ebn te delen."", ""start"": 90.5, ""end"": 102.0, ""confidence"": 0.89}, {""speaker"": 0, ""text"": ""Lijkt me een goed idee. Zijn er specifieke voorbeelden waarin je je mening niet kon delen?"", ""start"": 102.5, ""end"": 106.0, ""confidence"": 0.94}, {""speaker"": 1, ""text"": ""Ja, bijvoorbeeld bij de laatste projectbespreking. Het leek al snel een besluitvorming te zijn zonder discussie over de voorstellen."", ""start"": 106.5, ""end"": 115.0, ""confidence"": 0.91}, {""speaker"": 0, ""text"": ""Dat is best vervelend. Wat zou jou helpen om je meer betrokken te voelen?"", ""start"": 115.5, ""end"": 119.0, ""confidence"": 0.93}, {""speaker"": 1, ""text"": ""Misschien wat kleinere groepjes voor bespreking, dat helpt om je stem te laten horen. En meer erkenning voor bijdragen zou ook fijn zijn."", ""start"": 119.5, ""end"": 131.0, ""confidence"": 0.9}, {""speaker"": 0, ""text"": ""Dat klinkt heel haalbaar. Wat vind je dat de sterke punten van de organisatie zijn, ondanks de uitdagingen?"", ""start"": 131.5, ""end"": 138.0, ""confidence"": 0.95}, {""speaker"": 1, ""text"": ""De mensen! Echt, er is zoveel talent en passie. Ik denk dat als het leiderschap meer open zou zijn, we echt nog verder kunnen groeien."", ""start"": 138.5, ""end"": 148.0, ""confidence"": 0.92}, {""speaker"": 0, ""text"": ""Dat is een mooie afsluiter. Bedankt voor je inzichten vandaag!"", ""start"": 148.5, ""end"": 153.0, ""confidence"": 0.96}]}}}}"
a633707c-c19c-4793-9ecd-3fcccc86900c,6b74b838-bd51-4f6b-a0e2-eb782d310ebe,nl,true,"{""body"": {""payload"": {""transcription"": {""utterances"": [{""speaker"": 0, ""text"": ""Goedemiddag, bedankt dat je de tijd hebt genomen voor dit interview. Kun je beginnen met vertellen over je inwerkervaring?"", ""start"": 0.0, ""end"": 8.0, ""confidence"": 0.95}, {""speaker"": 1, ""text"": ""Goedemiddag! Ja, mijn inwerkervaring was... best wel bijzonder, moet ik zeggen. De sfeer was eigenlijk heel fijn."", ""start"": 8.1, ""end"": 16.5, ""confidence"": 0.93}, {""speaker"": 0, ""text"": ""Fijn om te horen! Wat vond je dan vooral leuk aan die sfeer?"", ""start"": 16.6, ""end"": 20.3, ""confidence"": 0.94}, {""speaker"": 1, ""text"": ""Nou, iedereen was gewoon heel open en... ja, je kon makkelijk vragen stellen. Het voelde als een team."", ""start"": 20.4, ""end"": 28.0, ""confidence"": 0.92}, {""speaker"": 0, ""text"": ""Dat klinkt prettig! Zijn er ook dingen geweest die je minder leuk vond tijdens je inwerkperiode?"", ""start"": 28.1, ""end"": 34.0, ""confidence"": 0.96}, {""speaker"": 1, ""text"": ""Ja, ehm, de leiderschapsstijl van mijn manager... dat was soms een beetje, ik weet niet, frustrerend. Hij was... niet heel benaderbaar."", ""start"": 34.1, ""end"": 43.5, ""confidence"": 0.91}, {""speaker"": 0, ""text"": ""Dat klinkt uitdagend. Kun je daar iets meer over vertellen?"", ""start"": 43.6, ""end"": 46.2, ""confidence"": 0.95}, {""speaker"": 1, ""text"": ""Ja, hij... gaf wel veel taken, maar... als je hulp vroeg, dan was hij vaak heel kortaf. Dat zorgde voor wat, tja, spanning, eigenlijk."", ""start"": 46.3, ""end"": 55.0, ""confidence"": 0.89}, {""speaker"": 0, ""text"": ""Dat is wel moeilijk, ja. Hoe ging je daarmee om?"", ""start"": 55.1, ""end"": 57.5, ""confidence"": 0.92}, {""speaker"": 1, ""text"": ""Ik heb geprobeerd het zelf uit te zoeken, maar soms... ging dat gewoon niet. En dan voelde ik me best wel alleen."", ""start"": 57.6, ""end"": 65.0, ""confidence"": 0.9}, {""speaker"": 0, ""text"": ""Dat begrijp ik. Heb je waar je nu staat dat als een les gezien?"", ""start"": 65.1, ""end"": 68.0, ""confidence"": 0.94}, {""speaker"": 1, ""text"": ""Ja, absoluut. Ik heb geleerd om zelfverzekerder te zijn in het stellen van vragen. En dat teamwork super belangrijk is."", ""start"": 68.1, ""end"": 75.0, ""confidence"": 0.92}, {""speaker"": 0, ""text"": ""Dat is mooi om te horen. Zijn er ook positieve dingen die je hebt meegenomen uit die inwerkperiode?"", ""start"": 75.1, ""end"": 78.0, ""confidence"": 0.95}, {""speaker"": 1, ""text"": ""Ja, zeker! De samenwerking met collega's was echt... prettig. We hielpen elkaar veel en dat maakte het leuk."", ""start"": 78.1, ""end"": 86.0, ""confidence"": 0.93}, {""speaker"": 0, ""text"": ""Dat klinkt als een goede basis. Hoe kijk je nu terug op die eerste weken?"", ""start"": 86.1, ""end"": 90.0, ""confidence"": 0.94}, {""speaker"": 1, ""text"": ""Ik denk dat het een gemengde ervaring was. Aan de ene kant... erg leerzaam, maar aan de andere kant ook wel frustrerend door die... leiderschap."", ""start"": 90.1, ""end"": 97.5, ""confidence"": 0.91}, {""speaker"": 0, ""text"": ""Begrijpelijk. Wat zou je willen veranderen aan de inwerkprocedure als je de kans had?"", ""start"": 97.6, ""end"": 100.6, ""confidence"": 0.95}, {""speaker"": 1, ""text"": ""Misschien meer begeleiding en... dat er echt gesprekken zijn met de leidinggevende. Gewoon om te checken: hoe gaat het?"", ""start"": 100.7, ""end"": 110.0, ""confidence"": 0.92}, {""speaker"": 0, ""text"": ""Dat klinkt als een waardevolle suggestie. Bedankt voor je openhartigheid. Zijn er nog laatste gedachten die je zou willen delen?"", ""start"": 110.1, ""end"": 113.0, ""confidence"": 0.94}, {""speaker"": 1, ""text"": ""Nou, ik denk dat communicatie gewoon het allerbelangrijkste is. En dat we daar echt aan moeten werken in het team."", ""start"": 113.1, ""end"": 120.0, ""confidence"": 0.9}]}}}}"
298886f6-5623-4b23-8e10-bb729277cb6a,f41ba610-9896-4cd8-9283-65c27d256b6c,nl,true,"{""body"": {""payload"": {""transcription"": {""utterances"": [{""speaker"": 0, ""text"": ""Hallo! Fijn dat je hier bent. Kun je beginnen met vertellen wat werkplezier voor jou betekent?"", ""start"": 0.0, ""end"": 7.5, ""confidence"": 0.95}, {""speaker"": 1, ""text"": ""Ja, natuurlijk! Voor mij betekent werkplezier eigenlijk dat ik met plezier naar mijn werk ga en... ja, dat ik echt iets beteken."", ""start"": 7.6, ""end"": 15.0, ""confidence"": 0.93}, {""speaker"": 0, ""text"": ""Interessant. En wat zijn de dingen die jou dat plezier geven op de werkvloer?"", ""start"": 15.1, ""end"": 20.0, ""confidence"": 0.94}, {""speaker"": 1, ""text"": ""Nou, allereerst de sfeer. Een goede, open sfeer... dat helpt echt. En natuurlijk de collega's, als die leuk zijn, dan maakt dat ook een groot verschil."", ""start"": 20.1, ""end"": 30.5, ""confidence"": 0.92}, {""speaker"": 0, ""text"": ""Dus de sociale interactie is belangrijk voor jou?"", ""start"": 30.6, ""end"": 34.0, ""confidence"": 0.89}, {""speaker"": 1, ""text"": ""Ja, zeker! Ik vind het leuk om samen te werken... en ook samen te lachen. Dat maakt alles zoveel leuker."", ""start"": 34.1, ""end"": 42.5, ""confidence"": 0.91}, {""speaker"": 0, ""text"": ""Dat begrijp ik. Zijn er nog andere factoren die bijdragen aan jouw werkplezier?"", ""start"": 42.6, ""end"": 47.0, ""confidence"": 0.95}, {""speaker"": 1, ""text"": ""Ja, ook de afwisseling in mijn taken. Als ik elke dag hetzelfde doe, wordt het saai. Maar als ik nieuwe dingen kan proberen, dat is... dat geeft me echt energie!"", ""start"": 47.1, ""end"": 58.0, ""confidence"": 0.92}, {""speaker"": 0, ""text"": ""Dus variatie in je werk is voor jou belangrijk. Hoe voel je je als je dat niet hebt?"", ""start"": 58.1, ""end"": 61.5, ""confidence"": 0.9}, {""speaker"": 1, ""text"": ""Dan voel ik me vaak gefrustreerd... en soms zelfs een beetje demotiverend. Het voelt alsof ik vast zit."", ""start"": 61.6, ""end"": 70.0, ""confidence"": 0.94}, {""speaker"": 0, ""text"": ""Dat klinkt echt lastig. Hoe ga je daarmee om?"", ""start"": 70.1, ""end"": 73.0, ""confidence"": 0.91}, {""speaker"": 1, ""text"": ""Nou, ik probeer dan met mijn manager te praten over... mogelijkheden om dingen te veranderen. Of soms neem ik gewoon even een pauze."", ""start"": 73.1, ""end"": 82.5, ""confidence"": 0.93}, {""speaker"": 0, ""text"": ""Dat klinkt als een goede aanpak. Denk je dat er dingen zijn die je werkgever kan doen om je werkplezier te vergroten?"", ""start"": 82.6, ""end"": 87.0, ""confidence"": 0.92}, {""speaker"": 1, ""text"": ""Ja, ik denk dat meer teamactiviteiten helpen. En misschien meer feedback geven... dat zou fijn zijn. Gewoon om te weten waar ik sta."", ""start"": 87.1, ""end"": 97.0, ""confidence"": 0.94}, {""speaker"": 0, ""text"": ""Feedback is dus belangrijk voor je. Hoe vaak krijg je dat nu?"", ""start"": 97.1, ""end"": 100.5, ""confidence"": 0.93}, {""speaker"": 1, ""text"": ""Hmm, niet zo vaak als ik zou willen. Soms is het gewoon... een maand of zo voordat ik iets hoor."", ""start"": 100.6, ""end"": 109.0, ""confidence"": 0.91}, {""speaker"": 0, ""text"": ""Dat kan frustrerend zijn. Is er verder nog iets dat je zou willen delen over wat jouw werkplezier be\u00efnvloedt?"", ""start"": 109.1, ""end"": 114.0, ""confidence"": 0.92}, {""speaker"": 1, ""text"": ""Ja, dat ik ook het gevoel moet hebben dat ik kan groeien in mijn rol. Als ik geen perspectief zie, dan... ja, dat is demotiverend."", ""start"": 114.1, ""end"": 124.0, ""confidence"": 0.93}, {""speaker"": 0, ""text"": ""Groei is dus cruciaal voor jou. Dank je wel voor het delen van deze inzichten!"", ""start"": 124.1, ""end"": 129.0, ""confidence"": 0.95}]}}}}"
b709da28-cc15-4db3-bf12-71d29258fd32,f41ba610-9896-4cd8-9283-65c27d256b6c,nl,true,"{""body"": {""payload"": {""transcription"": {""utterances"": [{""speaker"": 0, ""text"": ""Hallo, bedankt voor je deelname aan dit interview vandaag."", ""start"": 0.0, ""end"": 3.5, ""confidence"": 0.95}, {""speaker"": 1, ""text"": ""Hoi, geen probleem! Ik vind het belangrijk om hier te praten."", ""start"": 3.6, ""end"": 6.5, ""confidence"": 0.93}, {""speaker"": 0, ""text"": ""Super! Laten we beginnen. Hoe zou je jouw werk-priv\u00e9balans omschrijven?"", ""start"": 6.6, ""end"": 10.5, ""confidence"": 0.94}, {""speaker"": 1, ""text"": ""Hmm, ik denk dat het soms best lastig is. Ik werk veel, vooral met projecten van Kim en Jeroen."", ""start"": 10.6, ""end"": 15.0, ""confidence"": 0.92}, {""speaker"": 0, ""text"": ""Ja, dat begrijp ik. Wat zijn specifieke uitdagingen die je tegenkomt?"", ""start"": 15.1, ""end"": 18.0, ""confidence"": 0.93}, {""speaker"": 1, ""text"": ""Nou, soms overschrijd ik echt mijn werktijden. Dan zit ik tot laat... en dat, ja, dat be\u00efnvloedt mijn priv\u00e9leven."", ""start"": 18.1, ""end"": 23.0, ""confidence"": 0.91}, {""speaker"": 0, ""text"": ""Dat klinkt zwaar. Heb je daar voorbeelden van?"", ""start"": 23.1, ""end"": 25.5, ""confidence"": 0.9}, {""speaker"": 1, ""text"": ""Ja, laatst had ik een deadline voor een project. Ik moest zelfs in het weekend doorwerken. Mijn vrienden waren aan het uitgaan, en ik zat thuis achter mijn laptop."", ""start"": 25.6, ""end"": 32.0, ""confidence"": 0.89}, {""speaker"": 0, ""text"": ""Dat moet frustrerend zijn. Hoe ga je om met die stress?"", ""start"": 32.1, ""end"": 35.0, ""confidence"": 0.92}, {""speaker"": 1, ""text"": ""Ik probeer te sporten en echt even tijd voor mezelf te nemen, maar dat..., dat lukt niet altijd."", ""start"": 35.1, ""end"": 39.0, ""confidence"": 0.9}, {""speaker"": 0, ""text"": ""En hoe voelt je team daarover? Hebben ze ook dat gevoel?"", ""start"": 39.1, ""end"": 42.5, ""confidence"": 0.91}, {""speaker"": 1, ""text"": ""Ja, volgens mij wel. Ik hoor ook wel van Sophie dat zij soms hetzelfde ervaart. Er is gewoon veel druk."", ""start"": 42.6, ""end"": 47.0, ""confidence"": 0.88}, {""speaker"": 0, ""text"": ""Dat is interessant. Dacht je dat het management daar iets mee zou moeten doen?"", ""start"": 47.1, ""end"": 50.0, ""confidence"": 0.93}, {""speaker"": 1, ""text"": ""Ja, misschien wat meer ondersteuning bieden of flexibele werktijden... Dat kan echt helpen, denk ik."", ""start"": 50.1, ""end"": 54.0, ""confidence"": 0.92}, {""speaker"": 0, ""text"": ""En wat voor veranderingen zou jij zelf willen maken in jouw routine?"", ""start"": 54.1, ""end"": 57.0, ""confidence"": 0.91}, {""speaker"": 1, ""text"": ""Ik denk dat ik gewoon strikter moet zijn met mijn werktijden. Misschien duidelijker grenzen stellen."", ""start"": 57.1, ""end"": 61.0, ""confidence"": 0.9}, {""speaker"": 0, ""text"": ""Dat klinkt als een goed plan. Heb je al stappen genomen naar dat doel?"", ""start"": 61.1, ""end"": 64.0, ""confidence"": 0.89}, {""speaker"": 1, ""text"": ""Nou, ik probeer het nu. Maar het blijft moeilijk, vooral met deadlines..."", ""start"": 64.1, ""end"": 67.5, ""confidence"": 0.91}, {""speaker"": 0, ""text"": ""Ik begrijp het. Bedankt voor je openhartigheid. Heb je nog andere gedachten over dit onderwerp?"", ""start"": 67.6, ""end"": 71.0, ""confidence"": 0.94}, {""speaker"": 1, ""text"": ""Hmm, ik denk dat we ook meer tijd voor teamactiviteiten moeten hebben. Dat helpt echt om te ontspannen."", ""start"": 71.1, ""end"": 75.0, ""confidence"": 0.93}, {""speaker"": 0, ""text"": ""Dat klinkt als een goede suggestie. Bedankt voor het delen van je ervaringen."", ""start"": 75.1, ""end"": 78.0, ""confidence"": 0.95}]}}}}"
19ce1b22-ad7d-4d7a-827b-032fe5d6fcbb,4cf59f89-f0bc-4d8c-9516-9c238fa1f934,nl,true,"{""body"": {""payload"": {""transcription"": {""utterances"": [{""speaker"": 0, ""text"": ""Hallo, bedankt dat je de tijd neemt voor dit interview. Laten we beginnen met de prestatiebeoordeling. Hoe ervaar jij dat in jouw rol?"", ""start"": 0.0, ""end"": 10.0, ""confidence"": 0.95}, {""speaker"": 1, ""text"": ""Ja, ik vind het eigenlijk best wel positief. Het is goed om te weten waar je staat, en de feedback helpt me echt om te groeien in mijn werk."", ""start"": 10.5, ""end"": 22.5, ""confidence"": 0.93}, {""speaker"": 0, ""text"": ""Dat klinkt goed. Kun je een specifiek voorbeeld geven van hoe de feedback jou heeft geholpen?"", ""start"": 23.0, ""end"": 30.0, ""confidence"": 0.94}, {""speaker"": 1, ""text"": ""Ja, zeker. Vorig jaar, na mijn beoordeling, kreeg ik te horen dat ik beter moest communiceren met mijn team. Daardoor heb ik\u2026"", ""start"": 30.5, ""end"": 40.0, ""confidence"": 0.91}, {""speaker"": 1, ""text"": ""...mijn aanpak aangepast. Ik heb meer vergaderingen ingepland om dingen door te spreken, en dat heeft echt geholpen."", ""start"": 40.5, ""end"": 50.5, ""confidence"": 0.9}, {""speaker"": 0, ""text"": ""Dat is een goede stap. Maar zijn er dingen waar je twijfels over hebt als het gaat om de beoordelingsprocessen?"", ""start"": 51.0, ""end"": 57.0, ""confidence"": 0.92}, {""speaker"": 1, ""text"": ""Hm, ja, daar begin ik me soms wel zorgen over te maken. De beoordelingscriteria zijn niet altijd even duidelijk, h\u00e8."", ""start"": 57.5, ""end"": 65.0, ""confidence"": 0.88}, {""speaker"": 1, ""text"": ""Aan de ene kant snap ik dat ze ons willen helpen, maar het voelt soms alsof ze\u2026"", ""start"": 65.5, ""end"": 75.0, ""confidence"": 0.87}, {""speaker"": 1, ""text"": ""...te veel focussen op cijfers. Het is niet altijd een goede afspiegeling van wat ik echt doe."", ""start"": 75.5, ""end"": 85.0, ""confidence"": 0.85}, {""speaker"": 0, ""text"": ""Dat is een interessante invalshoek. Heb je ooit nagedacht over hoe het beoordelingssysteem verbeterd zou kunnen worden?"", ""start"": 85.5, ""end"": 90.5, ""confidence"": 0.92}, {""speaker"": 1, ""text"": ""Ja, ik denk dat meer kwalitatieve feedback nuttig zou zijn. Misschien meer gesprekken in plaats van\u2026"", ""start"": 91.0, ""end"": 100.0, ""confidence"": 0.89}, {""speaker"": 1, ""text"": ""...slechts een jaarlijkse beoordeling. Want dan kan je echt begrijpen wat iemand drijft en niet alleen de cijfers zien."", ""start"": 100.5, ""end"": 110.5, ""confidence"": 0.88}, {""speaker"": 0, ""text"": ""Dat klinkt als een waardevolle suggestie. Voel je dat het huidige systeem jou ook genoeg motiveert?"", ""start"": 111.0, ""end"": 115.0, ""confidence"": 0.91}, {""speaker"": 1, ""text"": ""Nou, soms wel, maar ook niet. Het kan me motiveren, maar het kan ook frustrerend zijn, omdat\u2026"", ""start"": 115.5, ""end"": 125.0, ""confidence"": 0.9}, {""speaker"": 1, ""text"": ""...ik soms het gevoel heb dat het niet rechtvaardig is. Vooral als je hard werkt maar dan\u2026"", ""start"": 125.5, ""end"": 135.0, ""confidence"": 0.89}, {""speaker"": 1, ""text"": ""...toch kritiek krijgt die niet echt aansluit bij wat je hebt gedaan."", ""start"": 135.5, ""end"": 143.0, ""confidence"": 0.87}, {""speaker"": 0, ""text"": ""Ik snap je frustratie. Hoe denk je dat jij zelf beter om zou kunnen gaan met deze beoordelingen?"", ""start"": 143.5, ""end"": 150.0, ""confidence"": 0.92}, {""speaker"": 1, ""text"": ""Misschien door meer open te staan voor feedback en\u2026 ja, ook te kijken naar wat ik zelf kan verbeteren."", ""start"": 150.5, ""end"": 160.0, ""confidence"": 0.9}, {""speaker"": 1, ""text"": ""Maar het blijft een uitdaging, dat is het zeker."", ""start"": 160.5, ""end"": 165.0, ""confidence"": 0.88}, {""speaker"": 0, ""text"": ""Dank je wel voor je eerlijkheid. Dit gesprek helpt ons echt om beter te begrijpen hoe we het beoordelingsproces kunnen verbeteren."", ""start"": 165.5, ""end"": 175.0, ""confidence"": 0.93}, {""speaker"": 1, ""text"": ""Graag gedaan! Ik hoop dat mijn input nuttig is."", ""start"": 175.5, ""end"": 183.0, ""confidence"": 0.91}]}}}}"
73e34635-24bf-4846-be26-76773acfa79a,6b74b838-bd51-4f6b-a0e2-eb782d310ebe,nl,true,"{""body"": {""payload"": {""transcription"": {""utterances"": [{""speaker"": 0, ""text"": ""Hallo, fijn dat je hier bent. Laten we beginnen met waar je nu staat in je carri\u00e8re."", ""start"": 0.0, ""end"": 5.0, ""confidence"": 0.95}, {""speaker"": 1, ""text"": ""Hallo! Ja, ik ben blij dat ik hier kan zijn. Nou, ik werk al een paar jaar in marketing."", ""start"": 5.1, ""end"": 10.5, ""confidence"": 0.93}, {""speaker"": 0, ""text"": ""Dat klinkt interessant! Wat zijn eigenlijk je loopbaandoelen op dit moment?"", ""start"": 10.6, ""end"": 15.1, ""confidence"": 0.94}, {""speaker"": 1, ""text"": ""Ik wil uiteindelijk doorgroeien naar een leidinggevende functie. Ik vind het leuk om teams aan te sturen en... ja, impact te maken."", ""start"": 15.2, ""end"": 22.5, ""confidence"": 0.92}, {""speaker"": 0, ""text"": ""Leidinggeven, dat is mooi! Wat denk je dat je nodig hebt om dat te bereiken?"", ""start"": 22.6, ""end"": 27.0, ""confidence"": 0.96}, {""speaker"": 1, ""text"": ""Ik denk dat ik meer ervaring moet opdoen in projectmanagement en misschien ook wat trainingen zou moeten volgen."", ""start"": 27.1, ""end"": 33.0, ""confidence"": 0.91}, {""speaker"": 0, ""text"": ""Trainingen, dat klinkt goed. Heb je al specifieke trainingen in gedachten?"", ""start"": 33.1, ""end"": 38.0, ""confidence"": 0.94}, {""speaker"": 1, ""text"": ""Ja, ik heb gekeken naar een cursus leiderschap en ook een workshop over teamdynamiek. Dat lijkt me echt nuttig."", ""start"": 38.1, ""end"": 44.0, ""confidence"": 0.92}, {""speaker"": 0, ""text"": ""Zeker! Hoe voel je je momenteel over je voortgang?"", ""start"": 44.1, ""end"": 48.5, ""confidence"": 0.93}, {""speaker"": 1, ""text"": ""Ik voel me een beetje... ja, soms onzeker. Ik heb het gevoel dat ik meer moet doen, maar... tijd is een probleem."", ""start"": 48.6, ""end"": 55.0, ""confidence"": 0.89}, {""speaker"": 0, ""text"": ""Dat is begrijpelijk. Hoe ga je om met die tijdsdruk?"", ""start"": 55.1, ""end"": 58.5, ""confidence"": 0.91}, {""speaker"": 1, ""text"": ""Ik probeer prioriteiten te stellen, maar soms, ja, het voelt overweldigend. Vooral met werk en priv\u00e9..."", ""start"": 58.6, ""end"": 64.5, ""confidence"": 0.9}, {""speaker"": 0, ""text"": ""Dat klinkt uitdagend. Heb je tips die je zelf gebruikt om hiermee om te gaan?"", ""start"": 64.6, ""end"": 69.0, ""confidence"": 0.92}, {""speaker"": 1, ""text"": ""Nou, ik probeer echt mijn dagen te plannen. Maar ik merk dat ik soms, eh, afgeleid raak door social media en dat soort dingen."", ""start"": 69.1, ""end"": 75.0, ""confidence"": 0.88}, {""speaker"": 0, ""text"": ""Dat kan ik me voorstellen. Hoe belangrijk is het voor jou om een goed evenwicht te vinden tussen werk en priv\u00e9?"", ""start"": 75.1, ""end"": 80.5, ""confidence"": 0.94}, {""speaker"": 1, ""text"": ""Heel belangrijk. Ik wil niet dat mijn werk mijn priv\u00e9leven be\u00efnvloedt, en... dus, dat weegt zwaar op me."", ""start"": 80.6, ""end"": 86.0, ""confidence"": 0.91}, {""speaker"": 0, ""text"": ""Dat is begrijpelijk. Heb je al idee\u00ebn over hoe je dat evenwicht zou kunnen verbeteren?"", ""start"": 86.1, ""end"": 90.0, ""confidence"": 0.93}, {""speaker"": 1, ""text"": ""Misschien minder 's avonds werken en meer tijd voor hobby\u2019s. Dat zou me helpen om, eh, te ontspannen."", ""start"": 90.1, ""end"": 95.0, ""confidence"": 0.92}, {""speaker"": 0, ""text"": ""Dat klinkt als een goed plan! En heb je vertrouwenspersonen binnen je werk waar je over deze dingen kunt praten?"", ""start"": 95.1, ""end"": 100.0, ""confidence"": 0.94}, {""speaker"": 1, ""text"": ""Ja, er zijn een paar collega\u2019s met wie ik open kan zijn. Dat helpt zeker."", ""start"": 100.1, ""end"": 105.0, ""confidence"": 0.93}]}}}}"
b61b46de-db4f-4586-ae5b-b60ef56fab6c,f41ba610-9896-4cd8-9283-65c27d256b6c,nl,true,"{""body"": {""payload"": {""transcription"": {""utterances"": [{""speaker"": 0, ""text"": ""Welkom, dank dat je hier bent. Kun je beginnen met te vertellen over jouw ervaringen in teams?"", ""start"": 0.0, ""end"": 8.5, ""confidence"": 0.95}, {""speaker"": 1, ""text"": ""Ja, tuurlijk! Ik heb eigenlijk best veel in teams gewerkt. Laatst was ik bijvoorbeeld... eh, in een projectteam voor, nou ja, een marketingcampagne."", ""start"": 8.6, ""end"": 18.0, ""confidence"": 0.93}, {""speaker"": 0, ""text"": ""Dat klinkt interessant! Hoe zou je de dynamiek binnen dat team beschrijven?"", ""start"": 18.1, ""end"": 23.0, ""confidence"": 0.94}, {""speaker"": 1, ""text"": ""Hmm, ik denk dat het, eh, best goed was. We hadden een goede mix van, zoals, verschillende idee\u00ebn en achtergronden. Maar, uh, soms ook wat, eh, frustratie."", ""start"": 23.1, ""end"": 34.0, ""confidence"": 0.9}, {""speaker"": 0, ""text"": ""Wat veroorzaakte die frustratie?"", ""start"": 34.1, ""end"": 36.5, ""confidence"": 0.92}, {""speaker"": 1, ""text"": ""Nou, er waren momenten dat mensen, eh, niet goed naar elkaar luisterden. En soms, eh, ook tijdsdruk... dat maakte het, eh, moeilijker."", ""start"": 36.6, ""end"": 46.5, ""confidence"": 0.89}, {""speaker"": 0, ""text"": ""Hoe ging het team om met die tijdsdruk?"", ""start"": 46.6, ""end"": 48.5, ""confidence"": 0.91}, {""speaker"": 1, ""text"": ""Uhm, dat was een beetje, eh, chaotisch, denk ik. We probeerden wel te plannen, maar het... het lukte soms niet helemaal."", ""start"": 48.6, ""end"": 57.5, ""confidence"": 0.88}, {""speaker"": 0, ""text"": ""En hoe voelde je je erbij, tijdens dat proces?"", ""start"": 57.6, ""end"": 60.0, ""confidence"": 0.93}, {""speaker"": 1, ""text"": ""Ik, eh, voelde me soms gewoon echt, uh, overweldigd. Maar aan de andere kant, als het goed ging, was het, eh, ook erg leuk."", ""start"": 60.1, ""end"": 69.0, ""confidence"": 0.91}, {""speaker"": 0, ""text"": ""Heb je het gevoel dat de communicatie binnen het team verbeterde naarmate het project voortging?"", ""start"": 69.1, ""end"": 73.0, ""confidence"": 0.92}, {""speaker"": 1, ""text"": ""Ja, ik, eh, denk het wel. Zeker naar het einde toe. Maar, ik weet het niet zeker... soms was het gewoon, eh, nog steeds een beetje rommelig."", ""start"": 73.1, ""end"": 82.5, ""confidence"": 0.9}, {""speaker"": 0, ""text"": ""Wat deed je zelf om de communicatie te verbeteren?"", ""start"": 82.6, ""end"": 84.5, ""confidence"": 0.91}, {""speaker"": 1, ""text"": ""Ehm, ik probeerde, eh, vaker samenvattingen te maken van wat we besproken hadden. En ook, eh, open vragen te stellen aan anderen."", ""start"": 84.6, ""end"": 93.0, ""confidence"": 0.92}, {""speaker"": 0, ""text"": ""Dat klinkt als een goede aanpak. Heb je nog andere tips voor het werken in teams?"", ""start"": 93.1, ""end"": 96.0, ""confidence"": 0.9}, {""speaker"": 1, ""text"": ""Hmm, ja, misschien... zorgen dat je, eh, een goede basis hebt van vertrouwen. Zodat mensen zich vrij voelen om, eh, hun idee\u00ebn te delen."", ""start"": 96.1, ""end"": 106.0, ""confidence"": 0.93}, {""speaker"": 0, ""text"": ""En hoe bouw je dat vertrouwen op?"", ""start"": 106.1, ""end"": 108.0, ""confidence"": 0.94}, {""speaker"": 1, ""text"": ""Dat is, eh, lastig. Ik herinner me het niet precies, maar misschien door gewoon, eh, open te zijn over... wat je sterkten en zwakten zijn."", ""start"": 108.1, ""end"": 117.0, ""confidence"": 0.91}, {""speaker"": 0, ""text"": ""Dat klinkt heel waardevol. Zijn er specifieke momenten in je teamwerk die je echt zijn bijgebleven?"", ""start"": 117.1, ""end"": 120.0, ""confidence"": 0.95}, {""speaker"": 1, ""text"": ""Ja, eigenlijk wel. Een keer hadden we een, eh, brainstormsessie die gewoon heel goed ging. Iedereen deed mee, en we kwamen echt met... eh, geweldige idee\u00ebn."", ""start"": 120.1, ""end"": 130.0, ""confidence"": 0.92}, {""speaker"": 0, ""text"": ""Dat klinkt als een mooie ervaring. Bedankt voor het delen van je inzichten!"", ""start"": 130.1, ""end"": 133.0, ""confidence"": 0.94}]}}}}"
17796bb3-2438-4c1e-825d-f1ca11f3ab57,b0d46c72-5527-4cec-8474-868d1da0eb55,nl,true,"{""body"": {""payload"": {""transcription"": {""utterances"": [{""speaker"": 0, ""text"": ""Hallo en bedankt dat je de tijd neemt voor dit interview."", ""start"": 0.0, ""end"": 5.0, ""confidence"": 0.95}, {""speaker"": 1, ""text"": ""Geen probleem, ik vind het onderwerp interessant."", ""start"": 5.1, ""end"": 9.0, ""confidence"": 0.93}, {""speaker"": 0, ""text"": ""Mooi zo! Kun je me vertellen over een situatie waarin je een conflict hebt moeten oplossen?"", ""start"": 9.1, ""end"": 15.0, ""confidence"": 0.94}, {""speaker"": 1, ""text"": ""Ja, dat was met Mark. We hadden een meningsverschil over een project."", ""start"": 15.1, ""end"": 20.0, ""confidence"": 0.92}, {""speaker"": 0, ""text"": ""Dat klinkt als een uitdagende situatie. Wat was de oorzaak van het conflict?"", ""start"": 20.1, ""end"": 25.0, ""confidence"": 0.96}, {""speaker"": 1, ""text"": ""Nou, Mark wilde een andere aanpak. Ik dacht dat mijn idee beter was, en..."", ""start"": 25.1, ""end"": 30.0, ""confidence"": 0.91}, {""speaker"": 0, ""text"": ""Ik begrijp het. Hoe heb je dat toen aangepakt?"", ""start"": 30.1, ""end"": 34.0, ""confidence"": 0.97}, {""speaker"": 1, ""text"": ""Ik heb eerst met hem gepraat, gewoon om te begrijpen waar hij vandaan kwam."", ""start"": 34.1, ""end"": 39.0, ""confidence"": 0.9}, {""speaker"": 0, ""text"": ""Dat klinkt als een goede start. Wat gebeurde er toen?"", ""start"": 39.1, ""end"": 42.0, ""confidence"": 0.96}, {""speaker"": 1, ""text"": ""Nou, we hebben beide onze standpunten uitgelegd. Het was best een open gesprek."", ""start"": 42.1, ""end"": 46.0, ""confidence"": 0.92}, {""speaker"": 0, ""text"": ""Fijn om te horen! Heb je het gevoel dat dat hielp om het conflict op te lossen?"", ""start"": 46.1, ""end"": 50.0, ""confidence"": 0.95}, {""speaker"": 1, ""text"": ""Ja, absoluut. We vonden uiteindelijk een middenweg. Het was... best positief."", ""start"": 50.1, ""end"": 54.0, ""confidence"": 0.91}, {""speaker"": 0, ""text"": ""Wat een goede uitkomst! Heb je andere ervaringen met conflicten?"", ""start"": 54.1, ""end"": 58.0, ""confidence"": 0.94}, {""speaker"": 1, ""text"": ""Ja, er was ook een keer met Anna over deadlines. Dat was... iets lastiger."", ""start"": 58.1, ""end"": 62.0, ""confidence"": 0.9}, {""speaker"": 0, ""text"": ""Oh, wat was daar aan de hand?"", ""start"": 62.1, ""end"": 64.0, ""confidence"": 0.98}, {""speaker"": 1, ""text"": ""Ze wilde dingen anders prioriteren, en ik voelde dat dat ons doel in de weg zou staan."", ""start"": 64.1, ""end"": 68.0, ""confidence"": 0.92}, {""speaker"": 0, ""text"": ""En hoe hebben jullie dat opgelost?"", ""start"": 68.1, ""end"": 70.0, ""confidence"": 0.96}, {""speaker"": 1, ""text"": ""We hebben een vergadering gepland om alles op een rijtje te zetten. Dat hielp echt."", ""start"": 70.1, ""end"": 74.0, ""confidence"": 0.93}, {""speaker"": 0, ""text"": ""Dat klinkt goed! Wat heb je geleerd van deze ervaringen?"", ""start"": 74.1, ""end"": 78.0, ""confidence"": 0.95}, {""speaker"": 1, ""text"": ""Communicatie is echt sleutel. En ook... luisteren naar de ander helpt enorm."", ""start"": 78.1, ""end"": 83.0, ""confidence"": 0.94}, {""speaker"": 0, ""text"": ""Dank je wel voor het delen van je ervaringen!"", ""start"": 83.1, ""end"": 85.0, ""confidence"": 0.97}, {""speaker"": 1, ""text"": ""Graag gedaan! Ik vond het een leuk gesprek."", ""start"": 85.1, ""end"": 89.0, ""confidence"": 0.95}]}}}}"
be9d0bb5-553b-448a-8605-18187bd2d738,6b74b838-bd51-4f6b-a0e2-eb782d310ebe,nl,true,"{""body"": {""payload"": {""transcription"": {""utterances"": [{""speaker"": 0, ""text"": ""Hallo, bedankt dat je de tijd neemt voor dit interview. Laten we beginnen met je ervaring met thuiswerken. Hoe bevalt het je tot nu toe?"", ""start"": 0.0, ""end"": 10.0, ""confidence"": 0.95}, {""speaker"": 1, ""text"": ""Ja, dank je. Thuiswerken bevalt me eigenlijk best wel goed. Ik vind het fijn om mijn eigen ruimte te hebben en, eh, de vrijheid om mijn dag in te delen zoals ik wil."", ""start"": 10.1, ""end"": 20.5, ""confidence"": 0.94}, {""speaker"": 0, ""text"": ""Dat klinkt goed. Wat zijn voor jou de grootste voordelen van thuiswerken?"", ""start"": 20.6, ""end"": 28.0, ""confidence"": 0.93}, {""speaker"": 1, ""text"": ""Nou, kijk, ik kan mijn reistijd gebruiken voor andere dingen, zoals, eh, wat extra slapen of sporten. En ik kan ook, ja, in mijn pyjama werken als ik dat wil, haha."", ""start"": 28.1, ""end"": 38.5, ""confidence"": 0.96}, {""speaker"": 0, ""text"": ""Haha, dat is zeker een voordeel! En hoe zit het met de samenwerking met je collega's? Merk je daar veel verschil?"", ""start"": 38.6, ""end"": 49.0, ""confidence"": 0.92}, {""speaker"": 1, ""text"": ""Ja, dat is, eh, lastig. Aan de ene kant heb ik het gevoel dat we nog steeds goed samenwerken via video calls, maar aan de andere kant, soms mis ik gewoon die spontane gesprekken."", ""start"": 49.1, ""end"": 59.4, ""confidence"": 0.91}, {""speaker"": 0, ""text"": ""Ja, dat snap ik. Dat kan best een gemis zijn. Heb je het idee dat je productiviteit daardoor verandert?"", ""start"": 59.5, ""end"": 66.5, ""confidence"": 0.94}, {""speaker"": 1, ""text"": ""Eigenlijk wel. Ik voel me vaak productiever omdat ik minder afleiding heb van collega's, maar soms, eh, vind ik het ook moeilijk om gefocust te blijven als ik thuis ben."", ""start"": 66.6, ""end"": 77.2, ""confidence"": 0.93}, {""speaker"": 0, ""text"": ""Wat bedoel je precies met moeilijk om gefocust te blijven?"", ""start"": 77.3, ""end"": 83.0, ""confidence"": 0.9}, {""speaker"": 1, ""text"": ""Nou, soms word ik afgeleid door dingen in huis, zoals, eh, de was of de afwas. En, heel eerlijk, ik ben ook wel eens geneigd om, ja, Netflix aan te zetten tijdens een pauze."", ""start"": 83.1, ""end"": 94.0, ""confidence"": 0.92}, {""speaker"": 0, ""text"": ""Dat klinkt herkenbaar! Dus je hebt soms moeite met die balans tussen werk en priv\u00e9. Hoe ga je daar mee om?"", ""start"": 94.1, ""end"": 104.0, ""confidence"": 0.91}, {""speaker"": 1, ""text"": ""Ja, ik probeer gewoon duidelijke werktijden aan te houden, maar, eh, dat lukt niet altijd. Soms denk ik dat ik iets kan doen in het weekend, en dan, ja, dan is het eigenlijk toch leuker om gewoon te relaxen."", ""start"": 104.1, ""end"": 114.0, ""confidence"": 0.9}, {""speaker"": 0, ""text"": ""En hoe voel je je over de impact van thuiswerken op je mentale gezondheid?"", ""start"": 114.1, ""end"": 121.5, ""confidence"": 0.92}, {""speaker"": 1, ""text"": ""Tja, aan de ene kant voelt het goed om, eh, meer controle te hebben, maar soms voel ik me ook, nou ja, een beetje eenzaam. Dat sociale contact is best belangrijk, denk ik."", ""start"": 121.6, ""end"": 130.5, ""confidence"": 0.91}, {""speaker"": 0, ""text"": ""Ja, dat is een goed punt. Denk je dat je deze manier van werken in de toekomst nog leuk gaat vinden?"", ""start"": 130.6, ""end"": 137.5, ""confidence"": 0.93}, {""speaker"": 1, ""text"": ""Hmm, ik weet het niet zo goed. Aan de ene kant voel ik me vrij, maar, eh, ik mis echt die verbinding met de mensen. Dus misschien is een hybride model beter voor mij."", ""start"": 137.6, ""end"": 148.0, ""confidence"": 0.94}, {""speaker"": 0, ""text"": ""Een hybride model klinkt als een goede oplossing. Zijn er nog andere dingen die je hoopt te verbeteren aan je thuiswerkomgeving?"", ""start"": 148.1, ""end"": 155.0, ""confidence"": 0.92}, {""speaker"": 1, ""text"": ""Ja, ik denk dat ik, eh, wat meer structuur kan aanbrengen. Misschien ook een, ja, beter bureau. Maar dat zijn ook maar kleine dingen, denk ik."", ""start"": 155.1, ""end"": 164.0, ""confidence"": 0.93}, {""speaker"": 0, ""text"": ""Dat zijn zeker geen kleine dingen! Bedankt voor je openhartige antwoorden. Is er nog iets wat je zou willen toevoegen?"", ""start"": 164.1, ""end"": 171.0, ""confidence"": 0.91}, {""speaker"": 1, ""text"": ""Ik denk dat ik gewoon in de gaten moet houden hoe ik me voel. Maar, eh, dat is het eigenlijk wel. Dank je!"", ""start"": 171.1, ""end"": 180.0, ""confidence"": 0.92}]}}}}"
469f6c41-5f24-40fc-b98d-6d877458edda,b0d46c72-5527-4cec-8474-868d1da0eb55,nl,true,"{""body"": {""payload"": {""transcription"": {""utterances"": [{""speaker"": 0, ""text"": ""Hallo en bedankt dat je vandaag de tijd neemt voor dit gesprek."", ""start"": 0.0, ""end"": 4.0, ""confidence"": 0.95}, {""speaker"": 1, ""text"": ""Geen probleem, ik vind het wel interessant."", ""start"": 4.1, ""end"": 7.0, ""confidence"": 0.93}, {""speaker"": 0, ""text"": ""Mooi! Laten we beginnen met de salarisverwachtingen. Wat zijn jouw verwachtingen?"", ""start"": 7.1, ""end"": 11.0, ""confidence"": 0.94}, {""speaker"": 1, ""text"": ""Nou, ik heb eigenlijk een paar dingen in gedachten. Ik kijk vooral naar... ehm, wat anderen in mijn positie verdienen."", ""start"": 11.1, ""end"": 15.0, ""confidence"": 0.88}, {""speaker"": 0, ""text"": ""En wat zou dat ongeveer zijn, denk je?"", ""start"": 15.1, ""end"": 17.0, ""confidence"": 0.92}, {""speaker"": 1, ""text"": ""Ja, ik heb gehoord dat het gemiddelde voor mijn functie rond de vijftigduizend ligt. Maar afhankelijk van de ervaring, kan het meer zijn."", ""start"": 17.1, ""end"": 22.0, ""confidence"": 0.9}, {""speaker"": 0, ""text"": ""Dus, heb je al met iemand gesproken over jouw specifieke situatie?"", ""start"": 22.1, ""end"": 25.0, ""confidence"": 0.91}, {""speaker"": 1, ""text"": ""Ja, ik heb een paar vrienden in de sector. En hun salaris verschilt best wel, afhankelijk van het bedrijf."", ""start"": 25.1, ""end"": 30.0, ""confidence"": 0.89}, {""speaker"": 0, ""text"": ""En hoe belangrijk is het voor jou dat je salaris in lijn is met die verwachtingen?"", ""start"": 30.1, ""end"": 34.0, ""confidence"": 0.92}, {""speaker"": 1, ""text"": ""Ehm, best belangrijk. Ik wil wel voelen dat mijn werk gewaardeerd wordt, weet je?"", ""start"": 34.1, ""end"": 38.0, ""confidence"": 0.94}, {""speaker"": 0, ""text"": ""Snap ik. Heb je ook andere dingen die je, naast salaris, belangrijk vindt?"", ""start"": 38.1, ""end"": 41.0, ""confidence"": 0.93}, {""speaker"": 1, ""text"": ""Zeker! Flexibiliteit is voor mij echt een grote factor. En een goede werk-priv\u00e9balans."", ""start"": 41.1, ""end"": 45.0, ""confidence"": 0.92}, {""speaker"": 0, ""text"": ""Dus als je een keuze zou moeten maken tussen een hoger salaris of meer flexibiliteit, wat zou je kiezen?"", ""start"": 45.1, ""end"": 50.0, ""confidence"": 0.91}, {""speaker"": 1, ""text"": ""Hmm, dat is lastig. Maar ik denk dat ik voor flexibiliteit zou gaan."", ""start"": 50.1, ""end"": 53.0, ""confidence"": 0.9}, {""speaker"": 0, ""text"": ""Interessant! En hoe denk je dat je dat het beste kunt communiceren aan een werkgever?"", ""start"": 53.1, ""end"": 57.0, ""confidence"": 0.91}, {""speaker"": 1, ""text"": ""Ik denk dat openheid belangrijk is. Gewoon aangeven wat ik wil en waarom."", ""start"": 57.1, ""end"": 60.0, ""confidence"": 0.89}, {""speaker"": 0, ""text"": ""Dat klinkt logisch. Denk je dat dat altijd goed ontvangen zal worden?"", ""start"": 60.1, ""end"": 63.0, ""confidence"": 0.92}, {""speaker"": 1, ""text"": ""Ehm, niet altijd denk ik. Maar als je goed voorbereid bent, kun je meer bereiken."", ""start"": 63.1, ""end"": 67.0, ""confidence"": 0.9}, {""speaker"": 0, ""text"": ""Ja, dat is waar. Dank je wel voor je inzichten. Dit was echt waardevol."", ""start"": 67.1, ""end"": 70.0, ""confidence"": 0.95}, {""speaker"": 1, ""text"": ""Graag gedaan. Ik vond het ook leuk om hierover te praten!"", ""start"": 70.1, ""end"": 73.0, ""confidence"": 0.93}]}}}}"
aa29f0ad-6c9a-4d8f-90c5-f3516edf161f,b7b82cc1-99f7-4129-948e-28e0c646c793,nl,true,"{""body"": {""payload"": {""transcription"": {""utterances"": [{""speaker"": 0, ""text"": ""Welkom, leuk dat je er bent. Om te beginnen, hoe zou jij de bedrijfscultuur hier beschrijven?"", ""start"": 0.0, ""end"": 7.5, ""confidence"": 0.95}, {""speaker"": 1, ""text"": ""Ja, dankjewel. Ik vind dat de cultuur hier best open is. Vorig jaar, of was het eerder dit jaar... was er een bijeenkomst waar iedereen zijn idee\u00ebn kon delen."", ""start"": 7.5, ""end"": 15.0, ""confidence"": 0.93}, {""speaker"": 0, ""text"": ""Dat klinkt goed! Wat zie je als de belangrijkste kenmerken van die openheid?"", ""start"": 15.0, ""end"": 21.5, ""confidence"": 0.94}, {""speaker"": 1, ""text"": ""Nou, mensen voelen zich vrij om feedback te geven, en dat is ook heel belangrijk. Vorig jaar hebben we veel aandacht besteed aan teamoverleggen."", ""start"": 21.5, ""end"": 30.0, ""confidence"": 0.92}, {""speaker"": 0, ""text"": ""Interessant. Hoe heeft dat de samenwerking be\u00efnvloed?"", ""start"": 30.0, ""end"": 34.5, ""confidence"": 0.94}, {""speaker"": 1, ""text"": ""Ik denk dat het echt heeft geholpen. Mensen zijn nu meer bereid om elkaar te helpen. Een paar maanden geleden bijvoorbeeld, hielp een collega mij met een project."", ""start"": 34.5, ""end"": 42.0, ""confidence"": 0.92}, {""speaker"": 0, ""text"": ""Dat klinkt als een positieve verandering. Zijn er ook uitdagingen binnen de cultuur?"", ""start"": 42.0, ""end"": 47.5, ""confidence"": 0.91}, {""speaker"": 1, ""text"": ""Zeker. Soms, als er veel druk is, zie je dat mensen minder open zijn. Vorig jaar had ik bijvoorbeeld een situatie waarin... nou, je weet wel, stress."", ""start"": 47.5, ""end"": 55.0, ""confidence"": 0.9}, {""speaker"": 0, ""text"": ""Dat kan ik begrijpen. Hoe ga je zelf om met die druk?"", ""start"": 55.0, ""end"": 58.5, ""confidence"": 0.92}, {""speaker"": 1, ""text"": ""Ik probeer dan vaak...uh, even op adem te komen. Vorig jaar heb ik zelfs een paar workshops gevolgd over stressmanagement."", ""start"": 58.5, ""end"": 66.0, ""confidence"": 0.91}, {""speaker"": 0, ""text"": ""Dat is een goede aanpak. Zie je dat ook terug in hoe collega's met elkaar omgaan?"", ""start"": 66.0, ""end"": 70.5, ""confidence"": 0.93}, {""speaker"": 1, ""text"": ""Ja, absoluut. Het lijkt erop dat mensen ook meer begrip hebben voor elkaars situaties. Vorig jaar merkte ik dat tijdens een teamuitje."", ""start"": 70.5, ""end"": 78.0, ""confidence"": 0.92}, {""speaker"": 0, ""text"": ""Wat voor teamuitje was dat?"", ""start"": 78.0, ""end"": 80.5, ""confidence"": 0.94}, {""speaker"": 1, ""text"": ""We gingen samen wandelen in het bos. Het was gewoon... heel ontspannen. Mensen praatten beter met elkaar."", ""start"": 80.5, ""end"": 88.0, ""confidence"": 0.93}, {""speaker"": 0, ""text"": ""Klinkt als een leuke ervaring! Denk je dat zo'n activiteit de bedrijfscultuur kan veranderen?"", ""start"": 88.0, ""end"": 92.0, ""confidence"": 0.94}, {""speaker"": 1, ""text"": ""Zeker, ja. Het helpt om muren te doorbreken. Vorig jaar voelde iedereen zich meer verbonden."", ""start"": 92.0, ""end"": 98.5, ""confidence"": 0.91}, {""speaker"": 0, ""text"": ""Dat is mooi om te horen. Heb je idee\u00ebn over wat er nog beter kan binnen de cultuur?"", ""start"": 98.5, ""end"": 102.0, ""confidence"": 0.93}, {""speaker"": 1, ""text"": ""Misschien nog meer teamactiviteiten? En ook vaker check-ins met elkaar. Vorig jaar hebben we dat af en toe gedaan."", ""start"": 102.0, ""end"": 110.0, ""confidence"": 0.92}]}}}}"
995bcd59-f4ed-4294-a985-c4ed48bc92a2,6b74b838-bd51-4f6b-a0e2-eb782d310ebe,nl,true,"{""body"": {""payload"": {""transcription"": {""utterances"": [{""speaker"": 0, ""text"": ""Hallo, bedankt dat je de tijd hebt genomen voor dit interview. Kun je beginnen met vertellen over je inwerkervaring bij ons bedrijf?"", ""start"": 0.0, ""end"": 9.5, ""confidence"": 0.95}, {""speaker"": 1, ""text"": ""Ja, natuurlijk! Ik vond het eigenlijk best wel... ehm, spannend. Toen ik net begon, voelde ik me een beetje overweldigd door alles."", ""start"": 9.6, ""end"": 20.2, ""confidence"": 0.93}, {""speaker"": 0, ""text"": ""Dat klinkt logisch. Wat was er specifiek overweldigend voor je?"", ""start"": 20.3, ""end"": 25.0, ""confidence"": 0.94}, {""speaker"": 1, ""text"": ""Nou, er was zoveel informatie om te verwerken. Ik moest... dingen leren over de systemen, en ook de cultuur van het team was nieuw voor me."", ""start"": 25.1, ""end"": 35.0, ""confidence"": 0.92}, {""speaker"": 0, ""text"": ""Begrijpelijk. Hoe ging het onboardingproces verder voor je?"", ""start"": 35.1, ""end"": 38.5, ""confidence"": 0.96}, {""speaker"": 1, ""text"": ""Over het algemeen was het wel goed, maar ik had soms het gevoel dat ik een beetje... eh, verloren raakte. De introducties waren leuk, maar ik had meer structuur gewild."", ""start"": 38.6, ""end"": 48.0, ""confidence"": 0.91}, {""speaker"": 0, ""text"": ""Wat voor structuur zou je dan willen zien? Heb je daar specifieke idee\u00ebn over?"", ""start"": 48.1, ""end"": 52.0, ""confidence"": 0.94}, {""speaker"": 1, ""text"": ""Misschien meer... eh, duidelijke richtlijnen of, weet je, een checklist van dingen die ik moest doen? Zodat ik een beetje kon afvinken wat ik al had geleerd."", ""start"": 52.1, ""end"": 61.5, ""confidence"": 0.9}, {""speaker"": 0, ""text"": ""Dat klinkt als een nuttig idee. In welke mate voelde je je gesteund door je collega's tijdens deze inwerkperiode?"", ""start"": 61.6, ""end"": 66.0, ""confidence"": 0.93}, {""speaker"": 1, ""text"": ""Over het algemeen waren ze echt behulpzaam! Ze namen de tijd om vragen te beantwoorden, maar soms... eh, voelde ik me een beetje schroom om te vragen."", ""start"": 66.1, ""end"": 76.2, ""confidence"": 0.92}, {""speaker"": 0, ""text"": ""Dat is herkenbaar. Wat denk je dat je zou helpen om je meer op je gemak te voelen?"", ""start"": 76.3, ""end"": 80.0, ""confidence"": 0.94}, {""speaker"": 1, ""text"": ""Misschien een soort van buddy-systeem? Dat iemand... eh, echt de tijd neemt om me rond te leiden en vragen te beantwoorden, weet je?"", ""start"": 80.1, ""end"": 89.0, ""confidence"": 0.91}, {""speaker"": 0, ""text"": ""Dat klinkt als een goed idee! Heb je na de inwerkperiode nog andere ondersteuning ontvangen?"", ""start"": 89.1, ""end"": 93.0, ""confidence"": 0.95}, {""speaker"": 1, ""text"": ""Ja, er waren enkele vervolggesprekken, maar ik vond ze soms een beetje te oppervlakkig. Iets dieper ingaan op de dingen zou fijn zijn."", ""start"": 93.1, ""end"": 102.0, ""confidence"": 0.9}, {""speaker"": 0, ""text"": ""Dat is waardevolle feedback. Welke aspecten van de inwerkperiode vond je het leukst?"", ""start"": 102.1, ""end"": 106.0, ""confidence"": 0.92}, {""speaker"": 1, ""text"": ""De teamactiviteiten waren echt leuk, vooral de... eh, teambuildingsoefeningen. Dat hielp me ook om beter contact te maken met de anderen."", ""start"": 106.1, ""end"": 116.0, ""confidence"": 0.93}, {""speaker"": 0, ""text"": ""Fijn om te horen! Denk je dat deze inwerkervaring je op de lange termijn gaat helpen in je rol?"", ""start"": 116.1, ""end"": 120.0, ""confidence"": 0.95}, {""speaker"": 1, ""text"": ""Zeker weten! Ondanks de uitdagingen heb ik echt veel geleerd, en ik voel me nu ook zelfverzekerder in mijn werk."", ""start"": 120.1, ""end"": 128.0, ""confidence"": 0.92}, {""speaker"": 0, ""text"": ""Dat is geweldig om te horen. Heb je nog andere opmerkingen of suggesties over het inwerkproces?"", ""start"": 128.1, ""end"": 133.0, ""confidence"": 0.96}, {""speaker"": 1, ""text"": ""Misschien gewoon wat meer focus op... eh, persoonlijke ontwikkeling en feedback. Dat zou het nog meer waardevol maken."", ""start"": 133.1, ""end"": 141.0, ""confidence"": 0.91}, {""speaker"": 0, ""text"": ""Dank je voor je input! Dit is heel waardevol voor ons. Ik waardeer je tijd en openheid in dit gesprek."", ""start"": 141.1, ""end"": 148.0, ""confidence"": 0.97}, {""speaker"": 1, ""text"": ""Dank je! Het was fijn om mijn ervaringen te delen."", ""start"": 148.1, ""end"": 151.5, ""confidence"": 0.94}]}}}}"
ada1c4f7-e74f-498b-b10d-76142981d4b1,f41ba610-9896-4cd8-9283-65c27d256b6c,nl,true,"{""body"": {""payload"": {""transcription"": {""utterances"": [{""speaker"": 0, ""text"": ""Hoi, bedankt dat je de tijd neemt voor dit interview."", ""start"": 0.0, ""end"": 2.5, ""confidence"": 0.95}, {""speaker"": 1, ""text"": ""Ja, geen probleem! Ik vind het wel interessant om hierover te praten."", ""start"": 2.6, ""end"": 5.1, ""confidence"": 0.93}, {""speaker"": 0, ""text"": ""Kun je me vertellen wat werkplezier voor jou betekent?"", ""start"": 5.2, ""end"": 7.7, ""confidence"": 0.91}, {""speaker"": 1, ""text"": ""Hmm, voor mij betekent werkplezier vooral dat je het gevoel hebt dat je echt bijdraagt aan iets, weet je?"", ""start"": 7.8, ""end"": 11.0, ""confidence"": 0.94}, {""speaker"": 1, ""text"": ""Daarnaast is de sfeer met collega's ook heel belangrijk, dat je een teamgevoel hebt."", ""start"": 11.1, ""end"": 14.0, ""confidence"": 0.92}, {""speaker"": 0, ""text"": ""Dat klinkt goed. Hoe ervaar je de samenwerking met je collega's?"", ""start"": 14.1, ""end"": 16.5, ""confidence"": 0.9}, {""speaker"": 1, ""text"": ""Ja, dat gaat eigenlijk best wel goed. We helpen elkaar, hebben veel lol samen."", ""start"": 16.6, ""end"": 19.0, ""confidence"": 0.96}, {""speaker"": 1, ""text"": ""Maar... er zijn ook momenten dat ik me een beetje gefrustreerd voel."", ""start"": 19.1, ""end"": 22.0, ""confidence"": 0.88}, {""speaker"": 0, ""text"": ""Oh, wat speelt er dan precies?"", ""start"": 22.1, ""end"": 23.5, ""confidence"": 0.89}, {""speaker"": 1, ""text"": ""Nou, de leiderschapsstijl van onze manager is soms... ehm, lastig."", ""start"": 23.6, ""end"": 26.1, ""confidence"": 0.87}, {""speaker"": 1, ""text"": ""Ik bedoel, het is niet dat hij niet om ons geeft, maar de communicatie... kan beter."", ""start"": 26.2, ""end"": 29.5, ""confidence"": 0.9}, {""speaker"": 0, ""text"": ""Kun je daar een voorbeeld van geven?"", ""start"": 29.6, ""end"": 31.0, ""confidence"": 0.94}, {""speaker"": 1, ""text"": ""Ja, laatst hadden we een project deadline en er was weinig feedback."", ""start"": 31.1, ""end"": 34.0, ""confidence"": 0.92}, {""speaker"": 1, ""text"": ""Ik voelde me een beetje verloren omdat ik niet wist of ik op de goede weg zat."", ""start"": 34.1, ""end"": 37.0, ""confidence"": 0.93}, {""speaker"": 0, ""text"": ""Dat klinkt frustrerend. Hoe heeft dat je werkplezier be\u00efnvloed?"", ""start"": 37.1, ""end"": 39.5, ""confidence"": 0.92}, {""speaker"": 1, ""text"": ""Nou, dat heeft zeker invloed gehad. Ik voelde me minder gemotiveerd om initiatieven te nemen."", ""start"": 39.6, ""end"": 43.0, ""confidence"": 0.91}, {""speaker"": 1, ""text"": ""Als ik geen duidelijke richting heb, maakt dat het moeilijker om enthousiast te blijven."", ""start"": 43.1, ""end"": 46.0, ""confidence"": 0.9}, {""speaker"": 0, ""text"": ""Wat zou voor jou een verbetering zijn in de leiding?"", ""start"": 46.1, ""end"": 48.0, ""confidence"": 0.93}, {""speaker"": 1, ""text"": ""Meer open communicatie, denk ik. Gewoon regelmatig checken hoe het gaat."", ""start"": 48.1, ""end"": 51.0, ""confidence"": 0.89}, {""speaker"": 1, ""text"": ""Iets meer feedback geven zou ook helpen, zodat we weten waar we staan."", ""start"": 51.1, ""end"": 54.0, ""confidence"": 0.91}, {""speaker"": 0, ""text"": ""Dank je wel voor je inzichten. Is er nog iets wat je wilt toevoegen?"", ""start"": 54.1, ""end"": 56.5, ""confidence"": 0.94}, {""speaker"": 1, ""text"": ""Hmm, ik... ik hoop gewoon dat we een manier vinden om beter samen te werken."", ""start"": 56.6, ""end"": 59.0, ""confidence"": 0.92}, {""speaker"": 1, ""text"": ""Want ik wil echt dat er plezier is in ons werk."", ""start"": 59.1, ""end"": 61.0, ""confidence"": 0.95}]}}}}"
eb87b82e-c62e-4dee-bb2b-6785d7e28a89,f41ba610-9896-4cd8-9283-65c27d256b6c,nl,true,"{""body"": {""payload"": {""transcription"": {""utterances"": [{""speaker"": 0, ""text"": ""Hallo, bedankt dat je de tijd hebt genomen voor dit interview."", ""start"": 0.0, ""end"": 4.0, ""confidence"": 0.95}, {""speaker"": 1, ""text"": ""Ja, geen probleem! Ik vind het een belangrijk onderwerp."", ""start"": 4.5, ""end"": 8.0, ""confidence"": 0.93}, {""speaker"": 0, ""text"": ""Dat is mooi om te horen. Hoe zou je jouw werk-priv\u00e9balans momenteel beschrijven?"", ""start"": 8.5, ""end"": 13.0, ""confidence"": 0.94}, {""speaker"": 1, ""text"": ""Nou, ik denk dat het best goed gaat, maar het is soms een uitdaging, weet je? Werk en priv\u00e9 zijn... ja, soms door elkaar heen."", ""start"": 13.5, ""end"": 20.0, ""confidence"": 0.9}, {""speaker"": 0, ""text"": ""Kun je dat iets verder toelichten? Hoe gaat dat dan precies?"", ""start"": 20.5, ""end"": 24.0, ""confidence"": 0.92}, {""speaker"": 1, ""text"": ""Ja, bijvoorbeeld als ik 's avonds nog even een mailtje krijg, dan... dan ben ik soms geneigd om te reageren. En dat haalt me uit mijn priv\u00e9-tijd."", ""start"": 24.5, ""end"": 30.0, ""confidence"": 0.89}, {""speaker"": 0, ""text"": ""Dat klinkt herkenbaar. Wat denk je dat de oorzaak daarvan is?"", ""start"": 30.5, ""end"": 34.0, ""confidence"": 0.91}, {""speaker"": 1, ""text"": ""Ik denk dat het te maken heeft met de verwachtingen van collega's en... ja, ook mijn eigen verantwoordelijkheidsgevoel."", ""start"": 34.5, ""end"": 40.0, ""confidence"": 0.88}, {""speaker"": 0, ""text"": ""Dus je voelt je soms verplicht om te reageren. Hoe be\u00efnvloedt dat je priv\u00e9leven?"", ""start"": 40.5, ""end"": 44.0, ""confidence"": 0.92}, {""speaker"": 1, ""text"": ""Ja, nou, het zorgt ervoor dat ik minder tijd heb voor mijn hobby's en... ook voor vrienden. Soms voel ik me gewoon... gesloopt, weet je?"", ""start"": 44.5, ""end"": 50.0, ""confidence"": 0.89}, {""speaker"": 0, ""text"": ""Dat klinkt zwaar. Hoe ga je hiermee om? Heb je strategie\u00ebn?"", ""start"": 50.5, ""end"": 54.0, ""confidence"": 0.9}, {""speaker"": 1, ""text"": ""Ja, ik probeer echt wel grenzen te stellen. Bijvoorbeeld, 's avonds geen werk meer, maar... dat is soms lastig vol te houden."", ""start"": 54.5, ""end"": 60.0, ""confidence"": 0.91}, {""speaker"": 0, ""text"": ""Dat begrijp ik. Heb je wel eens hulp gevraagd aan je leidinggevende?"", ""start"": 60.5, ""end"": 63.0, ""confidence"": 0.92}, {""speaker"": 1, ""text"": ""Ja, ik heb er wel eens een gesprek over gehad, maar... het lijkt alsof het moeilijk te veranderen is in onze cultuur."", ""start"": 63.5, ""end"": 69.0, ""confidence"": 0.88}, {""speaker"": 0, ""text"": ""Dat is jammer om te horen. Denk je dat de organisatie iets zou kunnen doen om dit te verbeteren?"", ""start"": 69.5, ""end"": 73.0, ""confidence"": 0.91}, {""speaker"": 1, ""text"": ""Zeker! Misschien meer workshops over burn-outpreventie of... flexibele werkuren zouden helpen."", ""start"": 73.5, ""end"": 79.0, ""confidence"": 0.9}, {""speaker"": 0, ""text"": ""Ja, dat klinkt logisch. Wat zou voor jou de ideale werk-priv\u00e9balans zijn?"", ""start"": 79.5, ""end"": 82.0, ""confidence"": 0.92}, {""speaker"": 1, ""text"": ""Ik denk dat een goede balans zou zijn dat ik werkuren heb die echt afgebakend zijn, en dan... tijd voor mijn gezin zonder onderbrekingen."", ""start"": 82.5, ""end"": 88.0, ""confidence"": 0.89}, {""speaker"": 0, ""text"": ""Dat klinkt als een mooi doel. Heb je nog andere gedachten over dit onderwerp?"", ""start"": 88.5, ""end"": 91.0, ""confidence"": 0.91}, {""speaker"": 1, ""text"": ""Ja, ik hoop dat meer mensen zich bewust worden van het belang van die balans. Het is echt cruciaal voor je welzijn."", ""start"": 91.5, ""end"": 96.0, ""confidence"": 0.9}, {""speaker"": 0, ""text"": ""Dank je wel voor je inzichten! Dit gesprek was erg waardevol."", ""start"": 96.5, ""end"": 100.0, ""confidence"": 0.94}, {""speaker"": 1, ""text"": ""Graag gedaan! Ik hoop dat het helpt."", ""start"": 100.5, ""end"": 103.0, ""confidence"": 0.93}]}}}}"
522fc7f7-7ec0-4b63-b7cd-18f1f62cfdb7,6b74b838-bd51-4f6b-a0e2-eb782d310ebe,nl,true,"{""body"": {""payload"": {""transcription"": {""utterances"": [{""speaker"": 0, ""text"": ""Hoi, fijn dat je tijd hebt gemaakt voor dit gesprek!"", ""start"": 0.0, ""end"": 3.0, ""confidence"": 0.95}, {""speaker"": 1, ""text"": ""Ja, geen probleem! Ik vind het ook interessant."", ""start"": 3.1, ""end"": 6.0, ""confidence"": 0.93}, {""speaker"": 0, ""text"": ""Mooi! Kun je me vertellen hoe je de huidige prestatiebeoordeling ervaart?"", ""start"": 6.1, ""end"": 10.0, ""confidence"": 0.94}, {""speaker"": 1, ""text"": ""Hmm, ja, ik vind het... het is een beetje dubbel. Aan de ene kant is het nuttig, maar aan de andere kant..."", ""start"": 10.1, ""end"": 15.0, ""confidence"": 0.9}, {""speaker"": 1, ""text"": ""...voelt het soms ook een beetje ontmoedigend, weet je?"", ""start"": 15.1, ""end"": 18.0, ""confidence"": 0.92}, {""speaker"": 0, ""text"": ""Wat bedoel je precies met ontmoedigend?"", ""start"": 18.1, ""end"": 20.0, ""confidence"": 0.96}, {""speaker"": 1, ""text"": ""Nou, soms krijg je feedback die... uh, niet echt duidelijk is. Je weet niet goed wat je ermee moet."", ""start"": 20.1, ""end"": 25.0, ""confidence"": 0.91}, {""speaker"": 0, ""text"": ""Dat klinkt frustrerend. Heb je een voorbeeld?"", ""start"": 25.1, ""end"": 27.0, ""confidence"": 0.95}, {""speaker"": 1, ""text"": ""Ja, laatst zei mijn leidinggevende dat ik, eh, meer initiatief moest tonen, maar hij gaf geen voorbeelden..."", ""start"": 27.1, ""end"": 32.0, ""confidence"": 0.89}, {""speaker"": 0, ""text"": ""Dat maakt het natuurlijk moeilijk. Hoe ging je daar verder mee?"", ""start"": 32.1, ""end"": 35.0, ""confidence"": 0.94}, {""speaker"": 1, ""text"": ""Ik heb geprobeerd om meer proactief te zijn, maar het was lastig zonder richtlijnen, weet je?"", ""start"": 35.1, ""end"": 40.0, ""confidence"": 0.9}, {""speaker"": 0, ""text"": ""Zou het helpen als je meer begeleiding kreeg in die feedback?"", ""start"": 40.1, ""end"": 43.0, ""confidence"": 0.97}, {""speaker"": 1, ""text"": ""Ja, absoluut! Meer concrete voorbeelden of... gewoon een duidelijker beeld zou echt helpen."", ""start"": 43.1, ""end"": 48.0, ""confidence"": 0.92}, {""speaker"": 0, ""text"": ""Wat vind je van de frequentie van de beoordelingen?"", ""start"": 48.1, ""end"": 50.0, ""confidence"": 0.93}, {""speaker"": 1, ""text"": ""Ik denk dat het wel goed is om regelmatig te evalueren, maar niet te vaak... anders voelt het als een druk."", ""start"": 50.1, ""end"": 55.0, ""confidence"": 0.91}, {""speaker"": 0, ""text"": ""Ja, ik snap het. Hoe vaak zou je het ideale ritme vinden?"", ""start"": 55.1, ""end"": 57.0, ""confidence"": 0.95}, {""speaker"": 1, ""text"": ""Misschien eens per kwartaal? Dan heb je tijd om aan de feedback te werken."", ""start"": 57.1, ""end"": 61.0, ""confidence"": 0.94}]}}}}"
f04ca82d-5502-4138-8b8d-b3537a241214,b7b82cc1-99f7-4129-948e-28e0c646c793,nl,true,"{""body"": {""payload"": {""transcription"": {""utterances"": [{""speaker"": 0, ""text"": ""Hallo! Bedankt dat je vandaag tijd hebt gemaakt voor dit interview."", ""start"": 0.0, ""end"": 4.0, ""confidence"": 0.95}, {""speaker"": 1, ""text"": ""Ja, geen probleem! Ik ben blij dat ik kan helpen."", ""start"": 4.1, ""end"": 7.0, ""confidence"": 0.93}, {""speaker"": 0, ""text"": ""Kun je me vertellen over je huidige loopbaandoelen?"", ""start"": 7.1, ""end"": 10.0, ""confidence"": 0.94}, {""speaker"": 1, ""text"": ""Nou, ik richt me vooral op... eh, het krijgen van een leidinggevende rol. Ik denk dat ik daar echt sterk in ben."", ""start"": 10.1, ""end"": 14.5, ""confidence"": 0.92}, {""speaker"": 0, ""text"": ""Dat klinkt interessant! Wat heeft je ge\u00efnspireerd om die richting op te gaan?"", ""start"": 14.6, ""end"": 18.0, ""confidence"": 0.91}, {""speaker"": 1, ""text"": ""Ik heb een tijdje met een manager gewerkt die, eh, echt een verschil maakte. Ze was heel inspirerend en... dat wilde ik ook."", ""start"": 18.1, ""end"": 23.5, ""confidence"": 0.9}, {""speaker"": 0, ""text"": ""Dat is een mooie motivatie. Welke stappen onderneem je om dat te bereiken?"", ""start"": 23.6, ""end"": 27.0, ""confidence"": 0.93}, {""speaker"": 1, ""text"": ""Ik volg nu een cursus leiderschap en probeer meer verantwoordelijkheden op te pakken op mijn werk."", ""start"": 27.1, ""end"": 31.0, ""confidence"": 0.94}, {""speaker"": 0, ""text"": ""Klinkt goed! Hoe voelt dat voor jou, die extra verantwoordelijkheden?"", ""start"": 31.1, ""end"": 34.0, ""confidence"": 0.92}, {""speaker"": 1, ""text"": ""Het is soms best spannend, maar... het geeft me ook een goed gevoel. Ik leer veel."", ""start"": 34.1, ""end"": 38.0, ""confidence"": 0.91}, {""speaker"": 0, ""text"": ""En hoe zie je jezelf over vijf jaar?"", ""start"": 38.1, ""end"": 41.0, ""confidence"": 0.95}, {""speaker"": 1, ""text"": ""Ik hoop dan echt in een leidinggevende functie te zitten, waar ik een team kan aansteken en begeleiden."", ""start"": 41.1, ""end"": 46.0, ""confidence"": 0.93}, {""speaker"": 0, ""text"": ""Dat klinkt als een duidelijk doel. Heb je al specifieke bedrijven of sectoren op het oog?"", ""start"": 46.1, ""end"": 50.0, ""confidence"": 0.94}, {""speaker"": 1, ""text"": ""Ja, ik ben vooral ge\u00efnteresseerd in de tech-sector. Het lijkt me echt innovatief en uitdagend."", ""start"": 50.1, ""end"": 54.0, ""confidence"": 0.92}, {""speaker"": 0, ""text"": ""Wat denk je dat je moet doen om daar te komen?"", ""start"": 54.1, ""end"": 56.5, ""confidence"": 0.91}, {""speaker"": 1, ""text"": ""Ik moet mijn technische vaardigheden verder ontwikkelen en... netwerken met andere professionals."", ""start"": 56.6, ""end"": 60.0, ""confidence"": 0.9}, {""speaker"": 0, ""text"": ""Dat klinkt heel strategisch. Heb je al stappen ondernomen in het netwerken?"", ""start"": 60.1, ""end"": 63.0, ""confidence"": 0.92}, {""speaker"": 1, ""text"": ""Ja, ik ga naar meetups en probeer ook online aanwezig te zijn op platforms zoals LinkedIn."", ""start"": 63.1, ""end"": 67.0, ""confidence"": 0.93}, {""speaker"": 0, ""text"": ""Slim! Heb je al connecties gemaakt die je kunnen helpen?"", ""start"": 67.1, ""end"": 70.0, ""confidence"": 0.94}, {""speaker"": 1, ""text"": ""Nou, ik heb een paar interessante gesprekken gehad. Een contact heeft me uitgenodigd voor een netwerkgelegenheid."", ""start"": 70.1, ""end"": 75.0, ""confidence"": 0.92}, {""speaker"": 0, ""text"": ""Dat klinkt veelbelovend! Ik denk dat je op de goede weg bent."", ""start"": 75.1, ""end"": 78.0, ""confidence"": 0.95}, {""speaker"": 1, ""text"": ""Dank je! Ik hoop echt dat het me verder helpt in mijn carri\u00e8re."", ""start"": 78.1, ""end"": 81.0, ""confidence"": 0.93}, {""speaker"": 0, ""text"": ""Ik heb er vertrouwen in! Bedankt voor dit gesprek."", ""start"": 81.1, ""end"": 84.0, ""confidence"": 0.94}, {""speaker"": 1, ""text"": ""Graag gedaan! Fijn dat ik kon delen."", ""start"": 84.1, ""end"": 87.0, ""confidence"": 0.92}]}}}}"
2fc62a17-da83-4739-9015-bd6acb44c334,b7b82cc1-99f7-4129-948e-28e0c646c793,nl,true,"{""body"": {""payload"": {""transcription"": {""utterances"": [{""speaker"": 0, ""text"": ""Hallo, bedankt dat je de tijd wilt nemen voor dit interview. Kun je beginnen met jezelf voor te stellen?"", ""start"": 0.0, ""end"": 6.5, ""confidence"": 0.95}, {""speaker"": 1, ""text"": ""Ja, natuurlijk! Mijn naam is Lisa en ik werk als projectmanager bij een marketingbedrijf. Ik ben daar nu bijna drie jaar."", ""start"": 6.6, ""end"": 12.5, ""confidence"": 0.93}, {""speaker"": 0, ""text"": ""Leuk, Lisa! Hoe zou je de teamdynamiek in jouw team beschrijven?"", ""start"": 12.6, ""end"": 17.0, ""confidence"": 0.94}, {""speaker"": 1, ""text"": ""Nou, het is eigenlijk best een goede dynamiek. We hebben een mix van verschillende persoonlijkheden. Sommige zijn heel creatief, anderen meer analytisch, wat echt helpt."", ""start"": 17.1, ""end"": 24.0, ""confidence"": 0.92}, {""speaker"": 0, ""text"": ""Dat klinkt interessant! Zijn er specifieke momenten of situaties waarin die dynamiek echt goed tot zijn recht komt?"", ""start"": 24.1, ""end"": 29.4, ""confidence"": 0.91}, {""speaker"": 1, ""text"": ""Ja, bijvoorbeeld tijdens brainstormsessies. Iedereen voelt zich vrij om idee\u00ebn te delen, en dat zorgt voor een echt creatieve sfeer."", ""start"": 29.5, ""end"": 35.0, ""confidence"": 0.94}, {""speaker"": 0, ""text"": ""En hoe ga je om met conflicten als die opkomen?"", ""start"": 35.1, ""end"": 38.5, ""confidence"": 0.92}, {""speaker"": 1, ""text"": ""Oh, dat is altijd tricky. Maar we proberen open en eerlijk met elkaar te communiceren. Soms helpt het ook om een mediator te hebben."", ""start"": 38.6, ""end"": 45.0, ""confidence"": 0.93}, {""speaker"": 0, ""text"": ""Dat klinkt goed. Heb je het gevoel dat dit je werk invloed heeft?"", ""start"": 45.1, ""end"": 48.0, ""confidence"": 0.91}, {""speaker"": 1, ""text"": ""Zeker. Wanneer we goed samen kunnen werken, voelen we ons allemaal meer gemotiveerd en zijn we ook productiever."", ""start"": 48.1, ""end"": 55.0, ""confidence"": 0.95}, {""speaker"": 0, ""text"": ""En zijn er momenten geweest dat je de teamdynamiek als minder positief hebt ervaren?"", ""start"": 55.1, ""end"": 59.0, ""confidence"": 0.94}, {""speaker"": 1, ""text"": ""Ja, zeker. Vooral als deadlines naderen, kan de druk soms leiden tot spanning. Mensen worden dan sneller ge\u00efrriteerd."", ""start"": 59.1, ""end"": 65.0, ""confidence"": 0.93}, {""speaker"": 0, ""text"": ""Dat begrijp ik. Wat doe je zelf om die stress te verminderen?"", ""start"": 65.1, ""end"": 68.0, ""confidence"": 0.92}, {""speaker"": 1, ""text"": ""Ik probeer altijd de communicatie open te houden, en soms organiseer ik ook teambuilding-activiteiten om de sfeer te verbeteren."", ""start"": 68.1, ""end"": 75.0, ""confidence"": 0.94}, {""speaker"": 0, ""text"": ""Klinkt als een goede aanpak! Heb je een voorbeeld van zo'n activiteit?"", ""start"": 75.1, ""end"": 78.0, ""confidence"": 0.93}, {""speaker"": 1, ""text"": ""Zeker! Onlangs hebben we een escape room gedaan. Het was echt leuk en hielp ons om beter samen te werken."", ""start"": 78.1, ""end"": 83.0, ""confidence"": 0.95}, {""speaker"": 0, ""text"": ""Wat een leuk idee! Zou je zeggen dat dit soort activiteiten bijdragen aan een langdurige positieve teamdynamiek?"", ""start"": 83.1, ""end"": 87.0, ""confidence"": 0.92}, {""speaker"": 1, ""text"": ""Ja, absoluut. Het helpt ons om elkaar beter te leren kennen buiten de werkdruk, wat de samenwerking vergemakkelijkt."", ""start"": 87.1, ""end"": 93.0, ""confidence"": 0.94}, {""speaker"": 0, ""text"": ""Dank je wel voor het delen van je ervaringen, Lisa. Heb je nog iets dat je zou willen toevoegen?"", ""start"": 93.1, ""end"": 97.0, ""confidence"": 0.91}, {""speaker"": 1, ""text"": ""Ja, vooral dat communicatie de sleutel is. Hoe beter we elkaar begrijpen, hoe beter we als team functioneren."", ""start"": 97.1, ""end"": 103.0, ""confidence"": 0.93}, {""speaker"": 0, ""text"": ""Dat is een mooie afsluiter. Nogmaals bedankt voor je tijd!"", ""start"": 103.1, ""end"": 106.0, ""confidence"": 0.95}]}}}}"
68dd84bc-93d5-441f-a291-3d30a7c89067,6b74b838-bd51-4f6b-a0e2-eb782d310ebe,nl,true,"{""body"": {""payload"": {""transcription"": {""utterances"": [{""speaker"": 0, ""text"": ""Hallo en welkom! Dank je dat je hier bent voor dit gesprek over conflictoplossing."", ""start"": 0.0, ""end"": 5.0, ""confidence"": 0.95}, {""speaker"": 1, ""text"": ""Dank je! Ik vind het een interessant onderwerp."", ""start"": 5.1, ""end"": 8.0, ""confidence"": 0.93}, {""speaker"": 0, ""text"": ""Kun je me wat vertellen over een recent conflict dat je hebt meegemaakt?"", ""start"": 8.1, ""end"": 12.0, ""confidence"": 0.94}, {""speaker"": 1, ""text"": ""Ja, vorig jaar had ik een flinke ruzie met een collega over een project."", ""start"": 12.1, ""end"": 16.0, ""confidence"": 0.9}, {""speaker"": 0, ""text"": ""Wat was de reden van dat conflict?"", ""start"": 16.1, ""end"": 18.0, ""confidence"": 0.92}, {""speaker"": 1, ""text"": ""Het ging vooral om de verantwoordelijkheden. Ik dacht dat zij iets anders zou doen."", ""start"": 18.1, ""end"": 22.0, ""confidence"": 0.91}, {""speaker"": 0, ""text"": ""Hoe hebben jullie dat uiteindelijk opgelost?"", ""start"": 22.1, ""end"": 24.0, ""confidence"": 0.93}, {""speaker"": 1, ""text"": ""Nou, we hebben uiteindelijk een gesprek gepland, ja, en dat hielp echt."", ""start"": 24.1, ""end"": 28.0, ""confidence"": 0.89}, {""speaker"": 0, ""text"": ""Wat gebeurde er tijdens dat gesprek?"", ""start"": 28.1, ""end"": 30.0, ""confidence"": 0.94}, {""speaker"": 1, ""text"": ""We hebben allebei onze standpunten toegelicht en... ja, dat was belangrijk."", ""start"": 30.1, ""end"": 34.0, ""confidence"": 0.88}, {""speaker"": 0, ""text"": ""Voelde je je gehoord tijdens het gesprek?"", ""start"": 34.1, ""end"": 36.0, ""confidence"": 0.92}, {""speaker"": 1, ""text"": ""Ja, zeker. Zij luisterde echt naar wat ik te zeggen had, dat maakte het makkelijker."", ""start"": 36.1, ""end"": 40.0, ""confidence"": 0.91}, {""speaker"": 0, ""text"": ""Wat heb je daarvan geleerd voor toekomstige conflicten?"", ""start"": 40.1, ""end"": 42.0, ""confidence"": 0.93}, {""speaker"": 1, ""text"": ""Communicatie is echt de sleutel, denk ik. Ik probeer nu altijd duidelijk te zijn."", ""start"": 42.1, ""end"": 46.0, ""confidence"": 0.92}, {""speaker"": 0, ""text"": ""Zijn er specifieke technieken die je gebruikt?"", ""start"": 46.1, ""end"": 48.0, ""confidence"": 0.94}, {""speaker"": 1, ""text"": ""Ja, ik probeer actief te luisteren en soms... gewoon even te pauzeren voordat ik reageer."", ""start"": 48.1, ""end"": 52.0, ""confidence"": 0.9}, {""speaker"": 0, ""text"": ""Dat klinkt goed. Heb je nog andere voorbeelden van conflicten?"", ""start"": 52.1, ""end"": 54.0, ""confidence"": 0.93}, {""speaker"": 1, ""text"": ""Uhm, vorig jaar had ik ook een meningsverschil met een klant over deadlines."", ""start"": 54.1, ""end"": 58.0, ""confidence"": 0.88}, {""speaker"": 0, ""text"": ""Hoe pakte je dat aan?"", ""start"": 58.1, ""end"": 60.0, ""confidence"": 0.92}, {""speaker"": 1, ""text"": ""Ik heb geprobeerd om hun zorgen serieus te nemen en... ja, dat hielp ook."", ""start"": 60.1, ""end"": 64.0, ""confidence"": 0.9}]}}}}"
3974bae2-7c52-49c5-a6b4-9e7727cc59c9,b0d46c72-5527-4cec-8474-868d1da0eb55,nl,true,"{""body"": {""payload"": {""transcription"": {""utterances"": [{""speaker"": 0, ""text"": ""Hoi, bedankt dat je de tijd hebt genomen voor dit interview. Hoe heb je de overgang naar thuiswerken ervaren?"", ""start"": 0.0, ""end"": 8.2, ""confidence"": 0.95}, {""speaker"": 1, ""text"": ""Hey, geen probleem! Nou, het was in het begin best wel even wennen, ik bedoel, je hebt... je hebt geen collega's meer om je heen, en dat is, dat is... ja, dat voelt anders."", ""start"": 8.3, ""end"": 18.1, ""confidence"": 0.93}, {""speaker"": 0, ""text"": ""Ja, dat kan ik me voorstellen. Hoe heeft dat je productiviteit be\u00efnvloed?"", ""start"": 18.2, ""end"": 23.5, ""confidence"": 0.94}, {""speaker"": 1, ""text"": ""Nou, aan de ene kant merk ik dat ik minder afleiding heb, maar aan de andere kant... soms mis ik die, uh, spontane gesprekken."", ""start"": 23.6, ""end"": 34.2, ""confidence"": 0.91}, {""speaker"": 0, ""text"": ""Spontane gesprekken zijn zeker waardevol. Wat vind je van de communicatie met je team nu?"", ""start"": 34.3, ""end"": 40.0, ""confidence"": 0.96}, {""speaker"": 1, ""text"": ""Het is vooral veel meer via berichten en video calls. Dat werkt, maar... soms voelt het een beetje, eh... afstandelijk, weet je?"", ""start"": 40.1, ""end"": 49.6, ""confidence"": 0.89}, {""speaker"": 0, ""text"": ""Ja, dat snap ik. Vind je dat je nog steeds een goede werk-priv\u00e9balans hebt?"", ""start"": 49.7, ""end"": 54.3, ""confidence"": 0.92}, {""speaker"": 1, ""text"": ""Hmm, dat is lastig. Thuiswerken maakt het makkelijker om, uh, later door te werken, maar... ik probeer wel duidelijke grenzen te stellen."", ""start"": 54.4, ""end"": 63.1, ""confidence"": 0.9}, {""speaker"": 0, ""text"": ""Dat klinkt goed. Heb je specifieke strategie\u00ebn of rituelen die je helpen?"", ""start"": 63.2, ""end"": 67.5, ""confidence"": 0.93}, {""speaker"": 1, ""text"": ""Ja, ik probeer elke ochtend een wandeling te maken voor werk begint, en... ik sluit mijn laptop af om zes uur. Dat helpt!"", ""start"": 67.6, ""end"": 74.8, ""confidence"": 0.88}, {""speaker"": 0, ""text"": ""Fijn om te horen! Heb je het gevoel dat je thuiswerken invloed heeft op je mentale gezondheid?"", ""start"": 74.9, ""end"": 80.5, ""confidence"": 0.95}, {""speaker"": 1, ""text"": ""Ja, zeker. Soms voel ik me... een beetje ge\u00efsoleerd, en dat kan best wel zwaar zijn. Maar, ik probeer wel sociaal contact te houden met vrienden."", ""start"": 80.6, ""end"": 90.5, ""confidence"": 0.91}, {""speaker"": 0, ""text"": ""Dat is belangrijk! Hoe denk je dat het bedrijf als geheel omgaat met de situatie?"", ""start"": 90.6, ""end"": 95.3, ""confidence"": 0.94}, {""speaker"": 1, ""text"": ""Ik denk dat ze echt hun best doen om ons te ondersteunen, met, uh, extra check-ins enzo. Maar soms voelt het nog steeds... een beetje onpersoonlijk."", ""start"": 95.4, ""end"": 105.0, ""confidence"": 0.89}, {""speaker"": 0, ""text"": ""Dat begrijp ik. Zou je thuiswerken in de toekomst willen blijven doen?"", ""start"": 105.1, ""end"": 109.5, ""confidence"": 0.92}, {""speaker"": 1, ""text"": ""Ja, ik denk het wel, maar met een balans. Misschien een paar dagen per week op kantoor voor die... sociale connectie."", ""start"": 109.6, ""end"": 117.3, ""confidence"": 0.93}, {""speaker"": 0, ""text"": ""Dat klinkt als een goed plan. Heb je nog iets dat je wilt toevoegen over je ervaringen?"", ""start"": 117.4, ""end"": 122.2, ""confidence"": 0.94}, {""speaker"": 1, ""text"": ""Uhm, ik denk dat ik voornamelijk hoop dat we, eh, meer aandacht voor geestelijke gezondheid krijgen in de toekomst."", ""start"": 122.3, ""end"": 129.0, ""confidence"": 0.9}]}}}}"
1c71fdff-fa4a-4ced-bc19-a55171928066,b7b82cc1-99f7-4129-948e-28e0c646c793,nl,true,"{""body"": {""payload"": {""transcription"": {""utterances"": [{""speaker"": 0, ""text"": ""Hallo, bedankt dat je de tijd hebt genomen om dit gesprek te hebben."", ""start"": 0.0, ""end"": 4.0, ""confidence"": 0.95}, {""speaker"": 1, ""text"": ""Ja, geen probleem. Ik vind het wel interessant!"", ""start"": 4.1, ""end"": 7.0, ""confidence"": 0.93}, {""speaker"": 0, ""text"": ""Mooi zo! Laten we beginnen met je salarisverwachtingen. Wat denk je dat een eerlijk salaris zou zijn voor jouw functie?"", ""start"": 7.1, ""end"": 12.5, ""confidence"": 0.94}, {""speaker"": 1, ""text"": ""Hmm, dat is een goede vraag. Ik denk dat... eh, afhankelijk van de sector... iets tussen de vijftig en zestig duizend euro per jaar redelijk zou zijn."", ""start"": 12.6, ""end"": 20.5, ""confidence"": 0.92}, {""speaker"": 0, ""text"": ""En hoe ben je tot dat bedrag gekomen?"", ""start"": 20.6, ""end"": 23.5, ""confidence"": 0.96}, {""speaker"": 1, ""text"": ""Nou, ik heb gekeken naar vergelijkbare posities. En ook naar mijn ervaring en wat ik kan bijdragen aan het team."", ""start"": 23.6, ""end"": 29.5, ""confidence"": 0.9}, {""speaker"": 0, ""text"": ""Dat klinkt logisch. Heb je specifieke voorbeelden van vergelijkbare posities?"", ""start"": 29.6, ""end"": 33.0, ""confidence"": 0.92}, {""speaker"": 1, ""text"": ""Ja, ik heb een paar vacatures gezien voor soortgelijke functies. Die lagen meestal tussen de vijfenvijftig en zeventig duizend, afhankelijk van de verantwoordelijkheden."", ""start"": 33.1, ""end"": 39.0, ""confidence"": 0.91}, {""speaker"": 0, ""text"": ""En hoe belangrijk is het salaris voor jou in verhouding tot andere factoren, zoals werkdruk of doorgroeimogelijkheden?"", ""start"": 39.1, ""end"": 46.0, ""confidence"": 0.93}, {""speaker"": 1, ""text"": ""Ik denk dat het allemaal met elkaar samenhangt. Maar in principe... eh, een goed salaris is belangrijk, maar ook de mogelijkheid om te groeien en, ja, een gezonde werk-priv\u00e9balans is cruciaal."", ""start"": 46.1, ""end"": 54.0, ""confidence"": 0.92}, {""speaker"": 0, ""text"": ""Dat is een goede benadering. Heb je al eerder onderhandeld over je salaris?"", ""start"": 54.1, ""end"": 58.0, ""confidence"": 0.91}, {""speaker"": 1, ""text"": ""Ja, ik heb dat gedaan bij mijn vorige baan. Dat was best spannend, maar het heeft wel goed uitgepakt."", ""start"": 58.1, ""end"": 62.0, ""confidence"": 0.94}, {""speaker"": 0, ""text"": ""Wat voor tips zou je geven aan iemand die ook moet onderhandelen?"", ""start"": 62.1, ""end"": 65.0, ""confidence"": 0.95}, {""speaker"": 1, ""text"": ""Kijk, je moet goed voorbereid zijn. En... eh, wees durf om ook je waarde aan te geven. En luister vooral goed naar de ander."", ""start"": 65.1, ""end"": 72.0, ""confidence"": 0.93}, {""speaker"": 0, ""text"": ""Heel nuttig, dank je! Heb je nog andere zaken die je belangrijk vindt als het om salaris gaat?"", ""start"": 72.1, ""end"": 75.0, ""confidence"": 0.94}, {""speaker"": 1, ""text"": ""Ja, ik vind het ook belangrijk dat er transparantie is over hoe salarissen worden vastgesteld binnen het bedrijf. Dat cre\u00ebert vertrouwen."", ""start"": 75.1, ""end"": 81.0, ""confidence"": 0.92}, {""speaker"": 0, ""text"": ""Dat is absoluut waar. Bedankt voor het delen van je inzichten. Dit was echt waardevol!"", ""start"": 81.1, ""end"": 85.0, ""confidence"": 0.95}, {""speaker"": 1, ""text"": ""Graag gedaan! Ik hoop dat het helpt."", ""start"": 85.1, ""end"": 88.0, ""confidence"": 0.93}]}}}}"
5f66348a-86ce-4801-a75b-e319f0a1bb42,4cf59f89-f0bc-4d8c-9516-9c238fa1f934,nl,true,"{""body"": {""payload"": {""transcription"": {""utterances"": [{""speaker"": 0, ""text"": ""Hallo, bedankt dat je de tijd hebt genomen voor dit gesprek. Laten we beginnen met de bedrijfscultuur. Hoe zou je de cultuur binnen jouw organisatie omschrijven?"", ""start"": 0.0, ""end"": 12.5, ""confidence"": 0.95}, {""speaker"": 1, ""text"": ""Ja, ik denk dat de cultuur hier best open en eerlijk is. Mensen voelen zich vrij om hun mening te delen, ook al zijn er soms spanningen."", ""start"": 12.6, ""end"": 24.0, ""confidence"": 0.93}, {""speaker"": 0, ""text"": ""Dat klinkt positief. Kun je een voorbeeld geven van een situatie waarin die openheid zich heeft laten zien?"", ""start"": 24.1, ""end"": 33.5, ""confidence"": 0.94}, {""speaker"": 1, ""text"": ""Uh, ja, laatst hadden we een teammeeting waarin iemand... ja, ik herinner me het niet precies, maar iemand sprak zich echt uit over een probleem met onze processen."", ""start"": 33.6, ""end"": 47.0, ""confidence"": 0.89}, {""speaker"": 0, ""text"": ""Interessant. Hoe reageerden de anderen op die feedback?"", ""start"": 47.1, ""end"": 53.0, ""confidence"": 0.92}, {""speaker"": 1, ""text"": ""De reacties waren gemengd. Sommige mensen steunden de idee, anderen waren... uh, sceptisch. Maar dat zorgde wel voor een goed gesprek."", ""start"": 53.1, ""end"": 66.5, ""confidence"": 0.91}, {""speaker"": 0, ""text"": ""En voel je je zelf ook vrij om je idee\u00ebn en zorgen te uiten?"", ""start"": 66.6, ""end"": 72.5, ""confidence"": 0.94}, {""speaker"": 1, ""text"": ""Ja, meestal wel. Ik, uh, heb wel eens het gevoel dat, als het echt om gevoelige onderwerpen gaat, ik weet het niet zeker, dat het lastiger is."", ""start"": 72.6, ""end"": 84.0, ""confidence"": 0.88}, {""speaker"": 0, ""text"": ""Dat is begrijpelijk. Wat denk je dat de oorzaak daarvan is?"", ""start"": 84.1, ""end"": 89.5, ""confidence"": 0.93}, {""speaker"": 1, ""text"": ""Hm, misschien de hi\u00ebrarchie? Ik bedoel, het kan soms ongemakkelijk zijn om iemand hogerop te benaderen met kritiek."", ""start"": 89.6, ""end"": 97.0, ""confidence"": 0.9}, {""speaker"": 0, ""text"": ""Dat is een goede observatie. Zijn er ook specifieke waarden of normen die de cultuur hier vormgeven?"", ""start"": 97.1, ""end"": 104.5, ""confidence"": 0.93}, {""speaker"": 1, ""text"": ""Ja, er is veel nadruk op teamwork en samenwerking. Ook, uh, innovatie is belangrijk. Mensen worden aangemoedigd om creatief te zijn."", ""start"": 104.6, ""end"": 115.0, ""confidence"": 0.92}, {""speaker"": 0, ""text"": ""Dat klinkt goed. Zie je ook dat die waarden in de praktijk worden nageleefd?"", ""start"": 115.1, ""end"": 120.0, ""confidence"": 0.91}, {""speaker"": 1, ""text"": ""Over het algemeen wel. Maar soms gewoon, het is misschien niet altijd even duidelijk hoe dat zich uit."", ""start"": 120.1, ""end"": 128.5, ""confidence"": 0.89}, {""speaker"": 0, ""text"": ""Wat bedoel je precies met niet altijd even duidelijk?"", ""start"": 128.6, ""end"": 132.0, ""confidence"": 0.94}, {""speaker"": 1, ""text"": ""Nou, soms hebben we vergaderingen en dan is er wat discussie, maar daarna, uh, gebeurt er niet veel meer. Dus dat kan frustrerend zijn."", ""start"": 132.1, ""end"": 144.0, ""confidence"": 0.9}, {""speaker"": 0, ""text"": ""Dat begrijp ik. Denk je dat er verbeteringen mogelijk zijn in de bedrijfscultuur?"", ""start"": 144.1, ""end"": 150.0, ""confidence"": 0.93}, {""speaker"": 1, ""text"": ""Zeker, ik denk dat we meer feedbacksessies zouden kunnen hebben, waar iedereen echt de kans krijgt om te spreken en... ja, dat het ook echt serieus wordt genomen."", ""start"": 150.1, ""end"": 162.0, ""confidence"": 0.92}, {""speaker"": 0, ""text"": ""Een goed idee. Wat zou volgens jou de impact zijn van die verbeteringen?"", ""start"": 162.1, ""end"": 167.0, ""confidence"": 0.94}, {""speaker"": 1, ""text"": ""Ik denk dat mensen zich meer betrokken voelen en dat de samenwerking verbetert. En uiteindelijk, uh, verbetert dat ook de resultaten."", ""start"": 167.1, ""end"": 176.0, ""confidence"": 0.91}, {""speaker"": 0, ""text"": ""Dat is een sterke conclusie. Bedankt voor je inzichten vandaag!"", ""start"": 176.1, ""end"": 179.0, ""confidence"": 0.95}, {""speaker"": 1, ""text"": ""Graag gedaan! Ik vond het ook leuk om hierover te praten."", ""start"": 179.1, ""end"": 182.0, ""confidence"": 0.94}]}}}}"
67a6bba2-0c20-4e4a-8b94-b12e229a3f9b,b7b82cc1-99f7-4129-948e-28e0c646c793,nl,true,"{""body"": {""payload"": {""transcription"": {""utterances"": [{""speaker"": 0, ""text"": ""Hallo, dank je wel dat je vandaag tijd voor ons hebt. Ik wil graag beginnen met je inwerkervaring. Hoe was jouw eerste week hier?"", ""start"": 0.0, ""end"": 10.0, ""confidence"": 0.95}, {""speaker"": 1, ""text"": ""Ja, dank je. Mijn eerste week was... eh, best overweldigend, om eerlijk te zijn. Er was zoveel informatie om te verwerken."", ""start"": 10.1, ""end"": 20.5, ""confidence"": 0.93}, {""speaker"": 0, ""text"": ""Dat is begrijpelijk. Wat vond je het meest overweldigend?"", ""start"": 20.6, ""end"": 25.0, ""confidence"": 0.9}, {""speaker"": 1, ""text"": ""Hmm, vooral de systemen waar we mee werken. Ik had nooit met die software gewerkt en het leek gewoon... eh, veel ingewikkelder dan ik had verwacht."", ""start"": 25.1, ""end"": 35.3, ""confidence"": 0.91}, {""speaker"": 0, ""text"": ""Dat snap ik. Hoe heb je dat opgelost? Had je hulp van collega's?"", ""start"": 35.4, ""end"": 41.0, ""confidence"": 0.94}, {""speaker"": 1, ""text"": ""Ja, gelukkig wel. Mijn collega, Lisa, was echt een grote steun. Ze nam de tijd om me alles uit te leggen en dat hielp echt."", ""start"": 41.1, ""end"": 49.0, ""confidence"": 0.92}, {""speaker"": 0, ""text"": ""Dat klinkt goed! Was er nog iets anders dat je als bijzonder hebt ervaren tijdens je inwerkperiode?"", ""start"": 49.1, ""end"": 54.5, ""confidence"": 0.91}, {""speaker"": 1, ""text"": ""Ja, de teamcultuur was ook wel een aangename verrassing. Iedereen was heel toegankelijk en vriendelijk, wat het makkelijker maakte om me aan te passen."", ""start"": 54.6, ""end"": 63.0, ""confidence"": 0.93}, {""speaker"": 0, ""text"": ""Fijn om te horen! Hoe voelde je je in het team?"", ""start"": 63.1, ""end"": 67.0, ""confidence"": 0.89}, {""speaker"": 1, ""text"": ""Ik voelde me al vrij snel welkom. Na een paar dagen werd ik uitgenodigd voor een teamlunch en dat maakte echt een verschil."", ""start"": 67.1, ""end"": 75.0, ""confidence"": 0.92}, {""speaker"": 0, ""text"": ""Dat is mooi! Heb je ook feedback gekregen over hoe je dat eerste stuk hebt gedaan?"", ""start"": 75.1, ""end"": 80.0, ""confidence"": 0.9}, {""speaker"": 1, ""text"": ""Ja, na mijn eerste maand had ik een gesprek met mijn leidinggevende. Hij zei dat hij onder de indruk was van hoe snel ik dingen oppakte, wat me echt het vertrouwen gaf."", ""start"": 80.1, ""end"": 88.5, ""confidence"": 0.94}, {""speaker"": 0, ""text"": ""Dat is geweldig! Zijn er dingen die je zou willen veranderen aan het inwerkproces?"", ""start"": 88.6, ""end"": 92.5, ""confidence"": 0.88}, {""speaker"": 1, ""text"": ""Misschien iets meer gestructureerde trainingen in het begin. Soms was het een beetje chaotisch en ik had graag wat meer duidelijke richtlijnen gehad."", ""start"": 92.6, ""end"": 101.0, ""confidence"": 0.9}, {""speaker"": 0, ""text"": ""Dat klinkt als een waardevolle suggestie. Is er iets waar je echt trots op bent tijdens die inwerkperiode?"", ""start"": 101.1, ""end"": 106.0, ""confidence"": 0.93}, {""speaker"": 1, ""text"": ""Ja, ik heb een presentatie gegeven bij een teammeeting over een project waar ik aan werkte. Het was spannend, maar het ging goed!"", ""start"": 106.1, ""end"": 114.5, ""confidence"": 0.95}, {""speaker"": 0, ""text"": ""Wat een mooi moment! Het lijkt erop dat je goed bent ge\u00efntegreerd. Bedankt voor je openhartigheid, heb je nog laatste gedachten?"", ""start"": 114.6, ""end"": 120.0, ""confidence"": 0.91}, {""speaker"": 1, ""text"": ""Dank je! Ik ben blij dat ik dit gesprek kon hebben. Het was een leerzame ervaring en ik kijk uit naar de toekomst hier."", ""start"": 120.1, ""end"": 127.0, ""confidence"": 0.94}]}}}}"
bcaa9f56-1945-46c8-bf77-a09a9ee874da,4cf59f89-f0bc-4d8c-9516-9c238fa1f934,nl,true,"{""body"": {""payload"": {""transcription"": {""utterances"": [{""speaker"": 0, ""text"": ""Hallo, bedankt dat je de tijd neemt voor dit gesprek over werkplezier."", ""start"": 0.0, ""end"": 5.0, ""confidence"": 0.95}, {""speaker"": 1, ""text"": ""Ja, natuurlijk! Ik vind het belangrijk om hierover te praten."", ""start"": 5.1, ""end"": 10.0, ""confidence"": 0.93}, {""speaker"": 0, ""text"": ""Wat betekent werkplezier voor jou persoonlijk?"", ""start"": 10.1, ""end"": 14.0, ""confidence"": 0.94}, {""speaker"": 1, ""text"": ""Hmm, voor mij gaat het echt om de samenwerking met collega's en, uh, het gevoel dat je waardevol bent."", ""start"": 14.1, ""end"": 20.0, ""confidence"": 0.92}, {""speaker"": 0, ""text"": ""Interessant! Kun je een voorbeeld geven van een moment waarop je veel werkplezier had?"", ""start"": 20.1, ""end"": 25.0, ""confidence"": 0.94}, {""speaker"": 1, ""text"": ""Ja, laatst hadden we een teamuitje en, nou, we werkten echt goed samen. Iedereen deed mee en het was gewoon... leuk."", ""start"": 25.1, ""end"": 31.0, ""confidence"": 0.91}, {""speaker"": 0, ""text"": ""Dat klinkt geweldig! Wat draagt bij aan die goede samenwerking?"", ""start"": 31.1, ""end"": 34.0, ""confidence"": 0.92}, {""speaker"": 1, ""text"": ""Ik denk dat het vooral de open communicatie is. Iedereen voelt zich vrij om idee\u00ebn te delen en dat, uh, dat helpt echt."", ""start"": 34.1, ""end"": 40.0, ""confidence"": 0.9}, {""speaker"": 0, ""text"": ""Dat is fijn om te horen. En hoe ervaar je de leiderschapstijl in jouw team?"", ""start"": 40.1, ""end"": 44.0, ""confidence"": 0.93}, {""speaker"": 1, ""text"": ""Nou, daar heb ik gemengde gevoelens over. Aan de ene kant is er echt wel steun, maar aan de andere kant, uh, het voelt soms als micromanagement."", ""start"": 44.1, ""end"": 51.0, ""confidence"": 0.89}, {""speaker"": 0, ""text"": ""Dat klinkt frustrerend. Hoe be\u00efnvloedt dat je werkplezier?"", ""start"": 51.1, ""end"": 55.0, ""confidence"": 0.92}, {""speaker"": 1, ""text"": ""Ja, het kan me zeker demotiveren. Vooral als ik het idee heb dat mijn werk niet wordt vertrouwd."", ""start"": 55.1, ""end"": 59.0, ""confidence"": 0.91}, {""speaker"": 0, ""text"": ""Begrijpelijk. En wat zou je willen veranderen aan die leiderschapsstijl?"", ""start"": 59.1, ""end"": 63.0, ""confidence"": 0.93}, {""speaker"": 1, ""text"": ""Ik denk dat meer vertrouwen in het team zou helpen. Minder controle zou de motivatie verhogen, denk ik."", ""start"": 63.1, ""end"": 69.0, ""confidence"": 0.9}, {""speaker"": 0, ""text"": ""Dat klinkt als een goede suggestie. Heb je nog andere tips voor het verbeteren van werkplezier?"", ""start"": 69.1, ""end"": 73.0, ""confidence"": 0.92}, {""speaker"": 1, ""text"": ""Misschien meer teamactiviteiten, of, uh, gewoon regelmatig check-ins met het team om te zien hoe iedereen zich voelt."", ""start"": 73.1, ""end"": 79.0, ""confidence"": 0.91}, {""speaker"": 0, ""text"": ""Dat klinkt als een goed idee. Bedankt voor je openhartigheid vandaag."", ""start"": 79.1, ""end"": 83.0, ""confidence"": 0.94}, {""speaker"": 1, ""text"": ""Geen probleem! Ik hoop dat dit helpt om dingen te verbeteren."", ""start"": 83.1, ""end"": 87.0, ""confidence"": 0.92}]}}}}"
9ed91eea-d44f-4d4f-953d-ac902bc9fc64,b0d46c72-5527-4cec-8474-868d1da0eb55,nl,true,"{""body"": {""payload"": {""transcription"": {""utterances"": [{""speaker"": 0, ""text"": ""Hallo en bedankt dat je de tijd neemt voor dit interview over werk-priv\u00e9balans."", ""start"": 0.0, ""end"": 5.0, ""confidence"": 0.95}, {""speaker"": 1, ""text"": ""Ja, geen probleem! Ik vind het een belangrijk onderwerp."", ""start"": 5.1, ""end"": 8.1, ""confidence"": 0.94}, {""speaker"": 0, ""text"": ""Dat is fijn om te horen. Hoe zou jij jouw werk-priv\u00e9balans momenteel beschrijven?"", ""start"": 8.2, ""end"": 13.2, ""confidence"": 0.92}, {""speaker"": 1, ""text"": ""Nou, het is... eh, soms lastig. Ik werk meestal veel uren en, eh, dan voel ik dat ik niet genoeg tijd heb voor mijn gezin."", ""start"": 13.3, ""end"": 18.5, ""confidence"": 0.91}, {""speaker"": 0, ""text"": ""Wat voor werk doe je precies?"", ""start"": 18.6, ""end"": 20.6, ""confidence"": 0.93}, {""speaker"": 1, ""text"": ""Ik ben projectmanager bij een IT-bedrijf. We hebben vaak strakke deadlines, wat het soms... eh, moeilijk maakt."", ""start"": 20.7, ""end"": 26.0, ""confidence"": 0.89}, {""speaker"": 0, ""text"": ""Ja, dat kan ik me voorstellen. Hoe be\u00efnvloedt dat je persoonlijke leven?"", ""start"": 26.1, ""end"": 30.1, ""confidence"": 0.9}, {""speaker"": 1, ""text"": ""Het is soms echt een uitdaging. Bijvoorbeeld, ik... eh, ik mis soms belangrijke momenten met mijn kinderen omdat ik moet werken."", ""start"": 30.2, ""end"": 37.0, ""confidence"": 0.92}, {""speaker"": 0, ""text"": ""Dat klinkt heel zwaar. Zijn er momenten waarop je wel een goede balans weet te vinden?"", ""start"": 37.1, ""end"": 42.1, ""confidence"": 0.94}, {""speaker"": 1, ""text"": ""Ja, soms als ik, eh, een paar dagen vrij neem, dan kan ik echt quality time doorbrengen. Maar het... het vergt planning."", ""start"": 42.2, ""end"": 48.0, ""confidence"": 0.91}, {""speaker"": 0, ""text"": ""Welke stappen heb je genomen om die balans te verbeteren?"", ""start"": 48.1, ""end"": 50.6, ""confidence"": 0.92}, {""speaker"": 1, ""text"": ""Ik probeer nu, eh, echt mijn werkuren te beperken. En ik maak meer gebruik van mijn verlofdagen, dat helpt wel."", ""start"": 50.7, ""end"": 55.5, ""confidence"": 0.93}, {""speaker"": 0, ""text"": ""Dat klinkt goed! Heb je ondersteuning vanuit je werkgever?"", ""start"": 55.6, ""end"": 58.1, ""confidence"": 0.91}, {""speaker"": 1, ""text"": ""Nou, soms. Ze hebben wel een programma voor mentale gezondheid, maar ik weet niet of dat, eh, altijd werkt."", ""start"": 58.2, ""end"": 64.0, ""confidence"": 0.88}, {""speaker"": 0, ""text"": ""Wat zou je willen dat er anders was op de werkvloer?"", ""start"": 64.1, ""end"": 66.6, ""confidence"": 0.9}, {""speaker"": 1, ""text"": ""Misschien meer flexibiliteit in werktijden en, eh, beter begrip voor persoonlijke situaties."", ""start"": 66.7, ""end"": 70.8, ""confidence"": 0.92}, {""speaker"": 0, ""text"": ""Dat lijkt me een goede stap. Hoe zie je de toekomst, als het gaat om je balans?"", ""start"": 70.9, ""end"": 73.8, ""confidence"": 0.89}, {""speaker"": 1, ""text"": ""Ik hoop dat ik dit beter kan beheren en dat ik, eh, meer tijd voor mijzelf en mijn gezin kan maken."", ""start"": 73.9, ""end"": 78.0, ""confidence"": 0.91}, {""speaker"": 0, ""text"": ""Dat is een mooi vooruitzicht. Dank je wel voor je openhartigheid!"", ""start"": 78.1, ""end"": 81.1, ""confidence"": 0.95}]}}}}"
f5e0b39e-594e-484a-a00e-243274e309ad,f41ba610-9896-4cd8-9283-65c27d256b6c,nl,true,"{""body"": {""payload"": {""transcription"": {""utterances"": [{""speaker"": 0, ""text"": ""Hallo, bedankt dat je de tijd neemt om dit gesprek te hebben."", ""start"": 0.0, ""end"": 3.0, ""confidence"": 0.95}, {""speaker"": 1, ""text"": ""Ja, geen probleem! Ik vind het wel interessant."", ""start"": 3.1, ""end"": 5.3, ""confidence"": 0.93}, {""speaker"": 0, ""text"": ""Mooi! Laten we beginnen met je ervaringen met prestatiebeoordelingen. Hoe ervaar je die meestal?"", ""start"": 5.4, ""end"": 8.5, ""confidence"": 0.94}, {""speaker"": 1, ""text"": ""Nou, ik vind ze soms best wel... ehm, stressvol eigenlijk."", ""start"": 8.6, ""end"": 11.2, ""confidence"": 0.91}, {""speaker"": 1, ""text"": ""Het is altijd spannend om te horen wat je manager denkt."", ""start"": 11.3, ""end"": 14.0, ""confidence"": 0.95}, {""speaker"": 0, ""text"": ""Begrijpelijk, zijn er specifieke momenten of ervaringen die bij je opkomen?"", ""start"": 14.1, ""end"": 17.0, ""confidence"": 0.96}, {""speaker"": 1, ""text"": ""Eh, ik herinner me het niet precies, maar er was een keer dat ik... nou ja, dat ik echt het gevoel had dat mijn werk niet goed genoeg werd gewaardeerd."", ""start"": 17.1, ""end"": 21.5, ""confidence"": 0.89}, {""speaker"": 0, ""text"": ""Dat klinkt lastig. Hoe ging je daarmee om?"", ""start"": 21.6, ""end"": 23.2, ""confidence"": 0.97}, {""speaker"": 1, ""text"": ""Ik heb toen met mijn manager gesproken, dat hielp wel. Maar het blijft... eh, een gevoel van onzekerheid."", ""start"": 23.3, ""end"": 27.0, ""confidence"": 0.92}, {""speaker"": 0, ""text"": ""Dat kan ik me voorstellen. Denk je dat de manier waarop prestaties beoordeeld worden effect heeft op de motivatie van medewerkers?"", ""start"": 27.1, ""end"": 30.5, ""confidence"": 0.96}, {""speaker"": 1, ""text"": ""Ja, absoluut. Als je voelt dat je... eh, niet goed beoordeeld wordt, dan kan dat je motivatie echt aantasten."", ""start"": 30.6, ""end"": 34.0, ""confidence"": 0.94}, {""speaker"": 0, ""text"": ""Wat denk je dat een betere aanpak zou zijn voor prestatiebeoordelingen?"", ""start"": 34.1, ""end"": 37.0, ""confidence"": 0.95}, {""speaker"": 1, ""text"": ""Misschien meer focus op feedback en minder op cijfers? Dat zou... eh, misschien helpen om het minder stressvol te maken."", ""start"": 37.1, ""end"": 41.0, ""confidence"": 0.93}, {""speaker"": 0, ""text"": ""Dat klinkt als een goed idee. Waarom denk je dat feedback zo belangrijk is?"", ""start"": 41.1, ""end"": 43.0, ""confidence"": 0.97}, {""speaker"": 1, ""text"": ""Omdat het je helpt om te groeien. Je hebt... eh, echt iets aan die persoonlijke feedback."", ""start"": 43.1, ""end"": 46.5, ""confidence"": 0.92}, {""speaker"": 0, ""text"": ""En wat zijn jouw verwachtingen van een beoordelingsgesprek?"", ""start"": 46.6, ""end"": 48.8, ""confidence"": 0.95}, {""speaker"": 1, ""text"": ""Ik hoop altijd dat het een kans is om dingen te bespreken. Maar soms... eh, voel ik het gewoon als verplichting."", ""start"": 48.9, ""end"": 52.0, ""confidence"": 0.91}, {""speaker"": 0, ""text"": ""Dat kan frustrerend zijn. Heb je nog andere gedachten over hoe dit proces verbeterd kan worden?"", ""start"": 52.1, ""end"": 55.0, ""confidence"": 0.96}, {""speaker"": 1, ""text"": ""Misschien meer open gesprekken door het jaar heen? In plaats van \u00e9\u00e9n grote beoordeling, maar eh... ik weet het niet zeker."", ""start"": 55.1, ""end"": 58.5, ""confidence"": 0.89}, {""speaker"": 0, ""text"": ""Dat lijkt me een waardevol idee. Bedankt voor het delen van je inzichten!"", ""start"": 58.6, ""end"": 60.5, ""confidence"": 0.98}, {""speaker"": 1, ""text"": ""Graag gedaan! Ik vond het leuk om hierover te praten."", ""start"": 60.6, ""end"": 62.5, ""confidence"": 0.92}]}}}}"
addbb5ae-148e-4789-86a1-7cd3e3ae9886,b0d46c72-5527-4cec-8474-868d1da0eb55,nl,true,"{""body"": {""payload"": {""transcription"": {""utterances"": [{""speaker"": 0, ""text"": ""Hallo en bedankt dat je deelneemt aan dit interview. Laten we beginnen met een algemene vraag. Wat zijn jouw loopbaandoelen?"", ""start"": 0.0, ""end"": 8.5, ""confidence"": 0.95}, {""speaker"": 1, ""text"": ""Ja, hallo! Nou, ik heb eigenlijk een paar doelen. Ten eerste wil ik doorgroeien in mijn huidige functie, maar ook... um, in een leiderschapsrol terechtkomen."", ""start"": 8.6, ""end"": 17.5, ""confidence"": 0.93}, {""speaker"": 0, ""text"": ""Dat klinkt interessant! Wat trekt je aan in een leiderschapsrol?"", ""start"": 17.6, ""end"": 21.5, ""confidence"": 0.94}, {""speaker"": 1, ""text"": ""Ik denk dat het idee om een team te begeleiden en echt impact te maken, me heel erg aanspreekt. En, um, ik heb altijd al genoten van het versterken van collega's."", ""start"": 21.6, ""end"": 30.5, ""confidence"": 0.92}, {""speaker"": 0, ""text"": ""Dat klinkt mooi. Heb je al stappen ondernomen om die rol te bereiken?"", ""start"": 30.6, ""end"": 35.0, ""confidence"": 0.91}, {""speaker"": 1, ""text"": ""Ja, ik heb recentelijk een paar trainingen gevolgd over leiderschap en teammanagement. En ik probeer ook vaker projecten te leiden."", ""start"": 35.1, ""end"": 44.0, ""confidence"": 0.94}, {""speaker"": 0, ""text"": ""Dat klinkt als een goede aanpak. Hoe zie je jezelf over vijf jaar?"", ""start"": 44.1, ""end"": 48.0, ""confidence"": 0.9}, {""speaker"": 1, ""text"": ""Um, ik zie mezelf eigenlijk in een managementpositie, misschien als teamleider of zelfs... op een hoger niveau. En ik hoop dat ik een... um, een mentor kan zijn voor anderen."", ""start"": 48.1, ""end"": 57.0, ""confidence"": 0.92}, {""speaker"": 0, ""text"": ""Een mentor zijn is zeker waardevol. Wat denk je dat je nodig hebt om daar te komen?"", ""start"": 57.1, ""end"": 60.0, ""confidence"": 0.93}, {""speaker"": 1, ""text"": ""Ik denk dat ik meer ervaring moet opdoen, maar ook feedback van anderen. En... ja, misschien wat netwerken."", ""start"": 60.1, ""end"": 66.0, ""confidence"": 0.89}, {""speaker"": 0, ""text"": ""Netwerken klinkt belangrijk. Hoe ga je dat aanpakken?"", ""start"": 66.1, ""end"": 68.5, ""confidence"": 0.91}, {""speaker"": 1, ""text"": ""Ik wil vaker naar evenementen gaan en actief deelnemen aan... uh, workshops of zo. En misschien via LinkedIn meer connecties maken."", ""start"": 68.6, ""end"": 75.0, ""confidence"": 0.9}, {""speaker"": 0, ""text"": ""Dat klinkt als een goed plan! Heb je ook bepaalde bedrijven in gedachten waar je graag zou willen werken?"", ""start"": 75.1, ""end"": 81.0, ""confidence"": 0.92}, {""speaker"": 1, ""text"": ""Ja, absoluut. Ik heb wel een lijstje van bedrijven die, um, echt zouden passen bij mijn waarden en waar ik me verder kan ontwikkelen."", ""start"": 81.1, ""end"": 88.0, ""confidence"": 0.94}, {""speaker"": 0, ""text"": ""Kun je daar iets meer over vertellen? Wat zijn die waarden?"", ""start"": 88.1, ""end"": 91.5, ""confidence"": 0.93}, {""speaker"": 1, ""text"": ""Zeker! Voor mij zijn waarden zoals teamwork, innovatie en, uh, maatschappelijk verantwoord ondernemen heel belangrijk."", ""start"": 91.6, ""end"": 97.5, ""confidence"": 0.91}, {""speaker"": 0, ""text"": ""Dat klinkt heel goed. Zie je ook obstakels die je moet overwinnen om je doelen te bereiken?"", ""start"": 97.6, ""end"": 100.5, ""confidence"": 0.92}, {""speaker"": 1, ""text"": ""Ja, zeker. Soms vind ik het moeilijk om de balans te vinden tussen werk en studie, zeker als ik veel projecten heb. Dat kan best overweldigend zijn."", ""start"": 100.6, ""end"": 108.0, ""confidence"": 0.9}, {""speaker"": 0, ""text"": ""Ja, dat begrijp ik. Hoe ga je daarmee om?"", ""start"": 108.1, ""end"": 110.0, ""confidence"": 0.89}, {""speaker"": 1, ""text"": ""Ik probeer... um, goed te plannen en prioriteiten te stellen. En ik neem soms even tijd voor mezelf om op te laden."", ""start"": 110.1, ""end"": 116.0, ""confidence"": 0.92}]}}}}"
939eacfe-33d1-4bc8-9757-ba5e992662e1,b7b82cc1-99f7-4129-948e-28e0c646c793,nl,true,"{""body"": {""payload"": {""transcription"": {""utterances"": [{""speaker"": 0, ""text"": ""Hallo, leuk dat je hier bent vandaag."", ""start"": 0.0, ""end"": 2.0, ""confidence"": 0.95}, {""speaker"": 1, ""text"": ""Dank je! Fijn om hier te zijn."", ""start"": 2.1, ""end"": 4.0, ""confidence"": 0.94}, {""speaker"": 0, ""text"": ""Kun je me iets vertellen over je team?"", ""start"": 4.1, ""end"": 6.0, ""confidence"": 0.96}, {""speaker"": 1, ""text"": ""Ja, we zijn met z'n zessen. Het is een... ja, een vrij divers team."", ""start"": 6.1, ""end"": 9.0, ""confidence"": 0.93}, {""speaker"": 0, ""text"": ""En hoe zou je de dynamiek in het team beschrijven?"", ""start"": 9.1, ""end"": 11.0, ""confidence"": 0.94}, {""speaker"": 1, ""text"": ""Uh, ik vind het eigenlijk best wel goed. We hebben een goede samenwerking, maar soms, ja soms komen er wel wat... meningsverschillen."", ""start"": 11.1, ""end"": 15.0, ""confidence"": 0.91}, {""speaker"": 0, ""text"": ""En hoe gaan jullie om met die meningsverschillen?"", ""start"": 15.1, ""end"": 17.0, ""confidence"": 0.92}, {""speaker"": 1, ""text"": ""Nou, meestal praten we het gewoon uit. Iedereen heeft zijn eigen perspectief en dat, dat is waardevol, vind ik."", ""start"": 17.1, ""end"": 21.0, ""confidence"": 0.9}, {""speaker"": 0, ""text"": ""Dat klinkt positief. Heb je een voorbeeld van zo'n situatie?"", ""start"": 21.1, ""end"": 23.0, ""confidence"": 0.93}, {""speaker"": 1, ""text"": ""Ja, laatst was er een discussie over een projectdeadline. Iedereen had verschillende idee\u00ebn over de haalbaarheid."", ""start"": 23.1, ""end"": 28.0, ""confidence"": 0.92}, {""speaker"": 0, ""text"": ""Interessant! Wat gebeurde er toen?"", ""start"": 28.1, ""end"": 30.0, ""confidence"": 0.91}, {""speaker"": 1, ""text"": ""Uhm, we hebben uiteindelijk een teammeeting gehad. Dat hielp echt om de zorgen van iedereen aan te horen."", ""start"": 30.1, ""end"": 34.0, ""confidence"": 0.93}, {""speaker"": 0, ""text"": ""Dat klinkt als een goede aanpak. Hoe voel je je over die besluiten die jullie nemen?"", ""start"": 34.1, ""end"": 37.0, ""confidence"": 0.94}, {""speaker"": 1, ""text"": ""Ik denk dat we meestal wel op \u00e9\u00e9n lijn zitten. Soms is het lastig, maar ik voel me gehoord."", ""start"": 37.1, ""end"": 41.0, ""confidence"": 0.92}, {""speaker"": 0, ""text"": ""Dat is belangrijk. Heb je het gevoel dat iedereen in het team zijn bijdragen kan leveren?"", ""start"": 41.1, ""end"": 44.0, ""confidence"": 0.95}, {""speaker"": 1, ""text"": ""Ja, zeker! Iedereen heeft zijn sterke punten en we waarderen elkaars input."", ""start"": 44.1, ""end"": 47.0, ""confidence"": 0.93}, {""speaker"": 0, ""text"": ""Mooi om te horen. Wat vind je dat het team beter kan doen?"", ""start"": 47.1, ""end"": 50.0, ""confidence"": 0.94}, {""speaker"": 1, ""text"": ""Misschien meer teamuitjes... om de sfeer te verbeteren, weet je wel?"", ""start"": 50.1, ""end"": 53.0, ""confidence"": 0.91}, {""speaker"": 0, ""text"": ""Dat klinkt als een goed idee. Hebben jullie dat wel eens gedaan?"", ""start"": 53.1, ""end"": 56.0, ""confidence"": 0.92}, {""speaker"": 1, ""text"": ""Ja, maar het is al een tijdje geleden. Het zou leuk zijn om dat weer op te pakken."", ""start"": 56.1, ""end"": 59.0, ""confidence"": 0.93}, {""speaker"": 0, ""text"": ""Zou dat de teamdynamiek kunnen verbeteren, denk je?"", ""start"": 59.1, ""end"": 61.0, ""confidence"": 0.94}, {""speaker"": 1, ""text"": ""Ja, dat denk ik wel. Gewoon samen iets doen kan echt een verschil maken."", ""start"": 61.1, ""end"": 64.0, ""confidence"": 0.92}]}}}}"
2946d6c7-47cc-4df5-8dd8-91ed6149294c,f41ba610-9896-4cd8-9283-65c27d256b6c,nl,true,"{""body"": {""payload"": {""transcription"": {""utterances"": [{""speaker"": 0, ""text"": ""Hallo en welkom! Bedankt dat je de tijd hebt genomen om met me te praten vandaag."", ""start"": 0.0, ""end"": 5.0, ""confidence"": 0.95}, {""speaker"": 1, ""text"": ""Ja, geen probleem! Ik vind het wel interessant om hier over te praten."", ""start"": 5.1, ""end"": 9.5, ""confidence"": 0.93}, {""speaker"": 0, ""text"": ""Dat is goed om te horen. Kun je me vertellen over een recent conflict dat je hebt meegemaakt op het werk?"", ""start"": 9.6, ""end"": 15.0, ""confidence"": 0.94}, {""speaker"": 1, ""text"": ""Ja, er was laatst een situatie met een collega. We waren het niet eens over... hoe we een project moesten aanpakken."", ""start"": 15.1, ""end"": 21.5, ""confidence"": 0.92}, {""speaker"": 0, ""text"": ""Kun je iets meer vertellen over wat er precies gebeurde?"", ""start"": 21.6, ""end"": 25.0, ""confidence"": 0.95}, {""speaker"": 1, ""text"": ""Zeker! Dus, ik dacht dat we een bepaalde richting op moesten, maar mijn collega had een heel andere visie."", ""start"": 25.1, ""end"": 31.0, ""confidence"": 0.91}, {""speaker"": 0, ""text"": ""En hoe reageerde je daarop?"", ""start"": 31.1, ""end"": 33.5, ""confidence"": 0.96}, {""speaker"": 1, ""text"": ""Nou, in eerste instantie was ik een beetje... ge\u00ebrgerd, denk ik. Het voelde alsof mijn idee\u00ebn niet gewaardeerd werden."", ""start"": 33.6, ""end"": 39.5, ""confidence"": 0.89}, {""speaker"": 0, ""text"": ""Dat begrijp ik. Hoe heb je dat dan aangepakt?"", ""start"": 39.6, ""end"": 42.0, ""confidence"": 0.92}, {""speaker"": 1, ""text"": ""Ik besloot om rustig te blijven en het gesprek aan te gaan. Dus vroeg ik... waarom hij zo dacht."", ""start"": 42.1, ""end"": 48.0, ""confidence"": 0.9}, {""speaker"": 0, ""text"": ""En wat was zijn reactie?"", ""start"": 48.1, ""end"": 50.0, ""confidence"": 0.94}, {""speaker"": 1, ""text"": ""Hij legde zijn punt goed uit en... het hielp me echt om zijn perspectief te begrijpen."", ""start"": 50.1, ""end"": 55.5, ""confidence"": 0.92}, {""speaker"": 0, ""text"": ""Dat klinkt als een goede stap. Heb je het gevoel dat er meer conflicten zouden kunnen zijn als je niet zo had gereageerd?"", ""start"": 55.6, ""end"": 59.5, ""confidence"": 0.96}, {""speaker"": 1, ""text"": ""Ja, absoluut. Als ik had gekozen om boos te worden, dan... dan was de situatie misschien heel anders verlopen."", ""start"": 59.6, ""end"": 64.0, ""confidence"": 0.91}, {""speaker"": 0, ""text"": ""En heb je geleerd van deze ervaring voor toekomstige situaties?"", ""start"": 64.1, ""end"": 67.0, ""confidence"": 0.94}, {""speaker"": 1, ""text"": ""Ja, definitiv. Ik realiseer me nu meer hoe belangrijk communicatie is en... dat ik ook moet luisteren."", ""start"": 67.1, ""end"": 72.5, ""confidence"": 0.9}, {""speaker"": 0, ""text"": ""Bijzonder interessant. Denk je dat je dit ook zou kunnen toepassen buiten het werk?"", ""start"": 72.6, ""end"": 76.0, ""confidence"": 0.95}, {""speaker"": 1, ""text"": ""Ja, zeker. Conflicten gebeuren natuurlijk ook in persoonlijke relaties. Het zou... heel goed kunnen helpen."", ""start"": 76.1, ""end"": 81.5, ""confidence"": 0.92}, {""speaker"": 0, ""text"": ""Mooi om te horen. Bedankt voor het delen van je ervaring!"", ""start"": 81.6, ""end"": 84.5, ""confidence"": 0.96}, {""speaker"": 1, ""text"": ""Graag gedaan! Ik vond het leuk om hierover te praten."", ""start"": 84.6, ""end"": 87.0, ""confidence"": 0.94}]}}}}"
81ffa88e-bbdd-46eb-9f57-2ddf3baa977a,b7b82cc1-99f7-4129-948e-28e0c646c793,nl,true,"{""body"": {""payload"": {""transcription"": {""utterances"": [{""speaker"": 0, ""text"": ""Hallo, bedankt dat je tijd hebt gemaakt voor dit interview."", ""start"": 0.0, ""end"": 3.0, ""confidence"": 0.95}, {""speaker"": 1, ""text"": ""Ja, geen probleem! Ik vind het een interessant onderwerp."", ""start"": 3.1, ""end"": 6.0, ""confidence"": 0.93}, {""speaker"": 0, ""text"": ""Super! Kun je me vertellen hoe jij thuiswerken ervaart?"", ""start"": 6.1, ""end"": 9.0, ""confidence"": 0.94}, {""speaker"": 1, ""text"": ""Ja, dat is... best wel goed eigenlijk. In het begin was het even wennen, maar nu..."", ""start"": 9.1, ""end"": 13.0, ""confidence"": 0.91}, {""speaker"": 1, ""text"": ""Ik vind het fijn dat ik meer tijd heb voor mezelf en minder reistijd."", ""start"": 13.1, ""end"": 16.0, ""confidence"": 0.92}, {""speaker"": 0, ""text"": ""Dat klinkt goed! Zie je ook nadelen aan thuiswerken?"", ""start"": 16.1, ""end"": 18.0, ""confidence"": 0.93}, {""speaker"": 1, ""text"": ""Ja, zeker. Soms mis ik het sociale aspect, zoals met... eh, collega's zoals Lisa."", ""start"": 18.1, ""end"": 22.0, ""confidence"": 0.9}, {""speaker"": 1, ""text"": ""En soms, ja, het voelt ook een beetje eenzaam."", ""start"": 22.1, ""end"": 24.0, ""confidence"": 0.91}, {""speaker"": 0, ""text"": ""Begrijpelijk. Hoe ga je daarmee om?"", ""start"": 24.1, ""end"": 26.0, ""confidence"": 0.94}, {""speaker"": 1, ""text"": ""Ik probeer regelmatig te bellen met... eh, collega's, zoals Mark."", ""start"": 26.1, ""end"": 30.0, ""confidence"": 0.92}, {""speaker"": 1, ""text"": ""En ik plan ook virtuele koffiepauzes."", ""start"": 30.1, ""end"": 32.0, ""confidence"": 0.93}, {""speaker"": 0, ""text"": ""Dat klinkt als een goed idee. Wat vind je van de werk-priv\u00e9balans nu?"", ""start"": 32.1, ""end"": 35.0, ""confidence"": 0.94}, {""speaker"": 1, ""text"": ""Over het algemeen beter. Maar soms, als ik druk ben, werk ik langer..."", ""start"": 35.1, ""end"": 39.0, ""confidence"": 0.9}, {""speaker"": 1, ""text"": ""Dat is dan weer een valkuil denk ik."", ""start"": 39.1, ""end"": 41.0, ""confidence"": 0.92}, {""speaker"": 0, ""text"": ""Herkenbaar! Heb je tips voor anderen die thuiswerken?"", ""start"": 41.1, ""end"": 43.0, ""confidence"": 0.94}, {""speaker"": 1, ""text"": ""Zorg voor een goede werkplek en maak duidelijke werkuren."", ""start"": 43.1, ""end"": 46.0, ""confidence"": 0.93}, {""speaker"": 1, ""text"": ""En vergeet niet om regelmatig te pauzeren."", ""start"": 46.1, ""end"": 48.0, ""confidence"": 0.92}, {""speaker"": 0, ""text"": ""Dat zijn goede tips, dank je! Wat zijn je toekomstplannen?"", ""start"": 48.1, ""end"": 51.0, ""confidence"": 0.94}, {""speaker"": 1, ""text"": ""Ik hoop dat we meer hybride kunnen werken in de toekomst."", ""start"": 51.1, ""end"": 54.0, ""confidence"": 0.91}, {""speaker"": 1, ""text"": ""Dat lijkt me een goede balans tussen thuis en op kantoor."", ""start"": 54.1, ""end"": 57.0, ""confidence"": 0.93}, {""speaker"": 0, ""text"": ""Dank je voor je inzichten! Dit is erg waardevol."", ""start"": 57.1, ""end"": 59.0, ""confidence"": 0.95}, {""speaker"": 1, ""text"": ""Graag gedaan! Leuk om hierover te praten."", ""start"": 59.1, ""end"": 61.0, ""confidence"": 0.94}]}}}}"
d0549a3a-4a9a-4127-b298-35c1b0773183,b7b82cc1-99f7-4129-948e-28e0c646c793,nl,true,"{""body"": {""payload"": {""transcription"": {""utterances"": [{""speaker"": 0, ""text"": ""Hallo en bedankt dat je de tijd neemt voor dit interview."", ""start"": 0.0, ""end"": 3.0, ""confidence"": 0.95}, {""speaker"": 1, ""text"": ""Geen probleem, ik ben blij om te helpen."", ""start"": 3.1, ""end"": 5.0, ""confidence"": 0.94}, {""speaker"": 0, ""text"": ""Laten we meteen beginnen. Wat zijn jouw salarisverwachtingen?"", ""start"": 5.1, ""end"": 8.0, ""confidence"": 0.93}, {""speaker"": 1, ""text"": ""Nou, ik heb er eigenlijk al een tijdje over nagedacht. Ik denk dat ik... ja, ik zou graag tussen de vijftig en zestig duizend euro willen verdienen."", ""start"": 8.1, ""end"": 13.0, ""confidence"": 0.92}, {""speaker"": 0, ""text"": ""En kun je uitleggen waarom je dat bedrag in gedachten hebt?"", ""start"": 13.1, ""end"": 15.0, ""confidence"": 0.94}, {""speaker"": 1, ""text"": ""Ja, zeker. Het is gebaseerd op verschillende factoren, zoals mijn ervaring en de verantwoordelijkheden van de rol. Ik heb nu... ruim vijf jaar ervaring in de industrie."", ""start"": 15.1, ""end"": 20.0, ""confidence"": 0.91}, {""speaker"": 0, ""text"": ""Dat klinkt logisch. Heb je specifieke voorbeelden van waaruit je die verwachting hebt afgeleid?"", ""start"": 20.1, ""end"": 23.0, ""confidence"": 0.94}, {""speaker"": 1, ""text"": ""Ja, ik heb gekeken naar vergelijkbare functies in de regio en ook gesprekken gehad met mensen in het veld. Veel van hen zitten rond dat salarisniveau."", ""start"": 23.1, ""end"": 27.0, ""confidence"": 0.92}, {""speaker"": 0, ""text"": ""Dat is goed om te horen. Heb je ook nagedacht over secundaire arbeidsvoorwaarden?"", ""start"": 27.1, ""end"": 29.0, ""confidence"": 0.93}, {""speaker"": 1, ""text"": ""Ja, dat is ook belangrijk. Dingen zoals vakantiedagen, pensioen en flexibiliteit in werktijden zijn voor mij echt van waarde."", ""start"": 29.1, ""end"": 33.0, ""confidence"": 0.91}, {""speaker"": 0, ""text"": ""Dus, als het salaris iets lager is, maar de secundaire voorwaarden zijn beter, zou je dat aantrekkelijk vinden?"", ""start"": 33.1, ""end"": 37.0, ""confidence"": 0.95}, {""speaker"": 1, ""text"": ""Ja, absoluut. Ik denk dat een goede werk-priv\u00e9balans ook veel waard is. Maar ik wil ook een eerlijk salaris voor mijn werk."", ""start"": 37.1, ""end"": 42.0, ""confidence"": 0.89}, {""speaker"": 0, ""text"": ""Snap ik. Heb je eerder in jouw loopbaan ooit over salaris onderhandeld?"", ""start"": 42.1, ""end"": 44.0, ""confidence"": 0.92}, {""speaker"": 1, ""text"": ""Ja, ik heb dat een paar keer gedaan. Het was in het begin best spannend, maar ik heb geleerd dat het belangrijk is om je waarde te kennen."", ""start"": 44.1, ""end"": 49.0, ""confidence"": 0.9}, {""speaker"": 0, ""text"": ""Dat is een goede les. Wat zou je zeggen tegen iemand die het moeilijk vindt om over salaris te praten?"", ""start"": 49.1, ""end"": 52.0, ""confidence"": 0.93}, {""speaker"": 1, ""text"": ""Ik zou zeggen, bereid je voor en weet wat je waard bent. En dat je het als een gesprek moet zien, niet als een confrontatie."", ""start"": 52.1, ""end"": 57.0, ""confidence"": 0.91}, {""speaker"": 0, ""text"": ""Dat is een waardevolle tip. Is er nog iets anders dat je zou willen toevoegen over salarisverwachtingen?"", ""start"": 57.1, ""end"": 59.0, ""confidence"": 0.92}, {""speaker"": 1, ""text"": ""Ja, ik denk dat transparantie van werkgevers ook belangrijk is. Het helpt mensen om zich waardig te voelen."", ""start"": 59.1, ""end"": 62.0, ""confidence"": 0.9}]}}}}"
3f6794a4-0de3-43d2-be63-bc84681125c0,f41ba610-9896-4cd8-9283-65c27d256b6c,nl,true,"{""body"": {""payload"": {""transcription"": {""utterances"": [{""speaker"": 0, ""text"": ""Hallo, bedankt dat je de tijd neemt voor dit interview over bedrijfscultuur."", ""start"": 0.0, ""end"": 5.0, ""confidence"": 0.95}, {""speaker"": 1, ""text"": ""Ja, geen probleem! Ik vind het een interessant onderwerp."", ""start"": 5.1, ""end"": 9.0, ""confidence"": 0.93}, {""speaker"": 0, ""text"": ""Wat betekent bedrijfscultuur voor jou?"", ""start"": 9.1, ""end"": 12.0, ""confidence"": 0.94}, {""speaker"": 1, ""text"": ""Nou, ik denk dat het vooral gaat om de waarden en normen binnen het bedrijf. Hoe mensen met elkaar omgaan."", ""start"": 12.1, ""end"": 18.0, ""confidence"": 0.92}, {""speaker"": 0, ""text"": ""Kun je daar een voorbeeld van geven?"", ""start"": 18.1, ""end"": 20.0, ""confidence"": 0.96}, {""speaker"": 1, ""text"": ""Ja, zeker! Bij mijn vorige werkgever, uh, was er echt een open communicatiecultuur. Iedereen voelde zich vrij om idee\u00ebn te delen."", ""start"": 20.1, ""end"": 27.0, ""confidence"": 0.91}, {""speaker"": 0, ""text"": ""Dat klinkt positief. Hoe zorgden zij ervoor dat iedereen zich vrij voelde?"", ""start"": 27.1, ""end"": 30.0, ""confidence"": 0.94}, {""speaker"": 1, ""text"": ""Ehm, ze hielden regelmatig feedbacksessies en er waren zelfs anonieme enqu\u00eates. Dat hielp echt."", ""start"": 30.1, ""end"": 36.0, ""confidence"": 0.9}, {""speaker"": 0, ""text"": ""En wat was de impact van die cultuur op het team?"", ""start"": 36.1, ""end"": 39.0, ""confidence"": 0.93}, {""speaker"": 1, ""text"": ""Het zorgde ervoor dat we als team beter samenwerkten. Iedereen voelde zich betrokken bij projecten."", ""start"": 39.1, ""end"": 43.0, ""confidence"": 0.92}, {""speaker"": 0, ""text"": ""Dat klinkt als een sterke cultuur. Zijn er ook negatieve aspecten die je hebt ervaren?"", ""start"": 43.1, ""end"": 47.0, ""confidence"": 0.94}, {""speaker"": 1, ""text"": ""Ja, zeker. Soms, eh, kan die openheid ook leiden tot conflicten, omdat mensen, tja, soms te eerlijk zijn."", ""start"": 47.1, ""end"": 52.0, ""confidence"": 0.89}, {""speaker"": 0, ""text"": ""Interessant! Hoe gingen ze daar dan mee om?"", ""start"": 52.1, ""end"": 55.0, ""confidence"": 0.95}, {""speaker"": 1, ""text"": ""Ze hebben trainingen gegeven om constructieve feedback te geven en om conflicten te managen. Dat hielp wel."", ""start"": 55.1, ""end"": 61.0, ""confidence"": 0.9}, {""speaker"": 0, ""text"": ""Super! Hoe denk je dat bedrijfscultuur de productiviteit be\u00efnvloedt?"", ""start"": 61.1, ""end"": 64.0, ""confidence"": 0.94}, {""speaker"": 1, ""text"": ""Als mensen zich prettig voelen, zijn ze ook veel gemotiveerder. Dan willen ze echt hun best doen."", ""start"": 64.1, ""end"": 68.0, ""confidence"": 0.91}, {""speaker"": 0, ""text"": ""Dat is een goed punt! Denk je dat bedrijfscultuur kan veranderen?"", ""start"": 68.1, ""end"": 71.0, ""confidence"": 0.93}, {""speaker"": 1, ""text"": ""Ja, absoluut. Het kan, eh, echt evolueren, vooral als er nieuwe leiders komen of als de bedrijfstrategie verandert."", ""start"": 71.1, ""end"": 76.0, ""confidence"": 0.9}, {""speaker"": 0, ""text"": ""Dat is logisch. Heb je nog tips voor bedrijven om hun cultuur te verbeteren?"", ""start"": 76.1, ""end"": 79.0, ""confidence"": 0.94}, {""speaker"": 1, ""text"": ""Ja, communicatie is key! Ook waardering tonen voor medewerkers kan een groot verschil maken."", ""start"": 79.1, ""end"": 83.0, ""confidence"": 0.92}]}}}}"
64652039-b22c-4e9f-b8b7-100367bf38ee,f41ba610-9896-4cd8-9283-65c27d256b6c,nl,true,"{""body"": {""payload"": {""transcription"": {""utterances"": [{""speaker"": 0, ""text"": ""Goedemorgen! Bedankt dat je hier bent vandaag. Laten we beginnen met je inwerkervaring. Hoe is die voor jou verlopen?"", ""start"": 0.0, ""end"": 9.5, ""confidence"": 0.95}, {""speaker"": 1, ""text"": ""Goedemorgen! Nou, het was best wel een rollercoaster, om eerlijk te zijn. In het begin voelde ik me een beetje overweldigd, maar dat was denk ik normaal."", ""start"": 9.6, ""end"": 19.0, ""confidence"": 0.93}, {""speaker"": 0, ""text"": ""Dat begrijp ik. Wat was het dat je zo overweldigend vond?"", ""start"": 19.1, ""end"": 22.5, ""confidence"": 0.94}, {""speaker"": 1, ""text"": ""Ik denk dat het vooral de hoeveelheid informatie was. Er was zoveel te leren in zo'n korte tijd, en ik wilde het allemaal goed doen."", ""start"": 22.6, ""end"": 30.4, ""confidence"": 0.92}, {""speaker"": 0, ""text"": ""Snap ik! Hoe ging je om met die informatieoverload?"", ""start"": 30.5, ""end"": 33.4, ""confidence"": 0.91}, {""speaker"": 1, ""text"": ""Ik maakte vooral aantekeningen, en probeerde... eh, soms vroeg ik ook om hulp als ik iets niet snapte. Dat hielp echt."", ""start"": 33.5, ""end"": 42.0, ""confidence"": 0.9}, {""speaker"": 0, ""text"": ""Dat klinkt goed. Had je ook een mentor of iemand die je hielp tijdens je inwerkperiode?"", ""start"": 42.1, ""end"": 45.5, ""confidence"": 0.94}, {""speaker"": 1, ""text"": ""Ja, gelukkig wel! Mijn collega, Jan, nam echt de tijd om me wegwijs te maken. Hij was super geduldig."", ""start"": 45.6, ""end"": 52.0, ""confidence"": 0.96}, {""speaker"": 0, ""text"": ""Wat leuk om te horen. Hoe voelde je je bij het werken met Jan?"", ""start"": 52.1, ""end"": 54.5, ""confidence"": 0.93}, {""speaker"": 1, ""text"": ""Heel fijn! Ik voelde me echt gesteund. Hij gaf me ook feedback, wat heel behulpzaam was."", ""start"": 54.6, ""end"": 59.0, ""confidence"": 0.92}, {""speaker"": 0, ""text"": ""Dat klinkt als een waardevolle ervaring. Heb je nog specifieke momenten die je bij zijn gebleven?"", ""start"": 59.1, ""end"": 62.5, ""confidence"": 0.91}, {""speaker"": 1, ""text"": ""Ja, er was een moment dat ik echt faalde bij een presentatie. Jan hielp me toen om het te verwerken en beter te worden."", ""start"": 62.6, ""end"": 70.0, ""confidence"": 0.95}, {""speaker"": 0, ""text"": ""Dat klinkt als een leerzame ervaring! Hoe ben je daarmee omgegaan?"", ""start"": 70.1, ""end"": 73.0, ""confidence"": 0.92}, {""speaker"": 1, ""text"": ""In het begin was ik echt teleurgesteld, maar Jan zei dat fouten maken ook leren is. Dat zette me aan het denken."", ""start"": 73.1, ""end"": 80.5, ""confidence"": 0.94}, {""speaker"": 0, ""text"": ""Zeker! Heb je het gevoel dat je nu beter bent in je werk door die ervaring?"", ""start"": 80.6, ""end"": 83.0, ""confidence"": 0.93}, {""speaker"": 1, ""text"": ""Ja, absoluut! Ik voel me veel zelfverzekerder nu en kan beter omgaan met uitdagingen."", ""start"": 83.1, ""end"": 88.0, ""confidence"": 0.95}, {""speaker"": 0, ""text"": ""Dat is geweldig om te horen. Zou je iets aanbevelen voor nieuwe medewerkers in jouw positie?"", ""start"": 88.1, ""end"": 91.0, ""confidence"": 0.9}, {""speaker"": 1, ""text"": ""Ja, zeker! Neem de tijd om te leren, vraag hulp als je het nodig hebt, en... uh, blijf positief! Dat maakt echt een verschil."", ""start"": 91.1, ""end"": 98.0, ""confidence"": 0.92}]}}}}"
e097fc47-eddc-414d-a52f-b75a328172fc,b7b82cc1-99f7-4129-948e-28e0c646c793,nl,true,"{""body"": {""payload"": {""transcription"": {""utterances"": [{""speaker"": 0, ""text"": ""Hallo, bedankt dat je de tijd neemt voor dit interview. Kun je beginnen met te vertellen over je werkplezier?"", ""start"": 0.0, ""end"": 10.5, ""confidence"": 0.94}, {""speaker"": 1, ""text"": ""Ja, natuurlijk! Nou, ik vind mijn werk over het algemeen best leuk. Het is... eh, het is uitdagend en ik leer elke dag nieuwe dingen."", ""start"": 10.6, ""end"": 21.5, ""confidence"": 0.92}, {""speaker"": 0, ""text"": ""Dat klinkt goed! Wat zijn precies de dingen die je zo leuk vindt aan je werk?"", ""start"": 21.6, ""end"": 30.5, ""confidence"": 0.93}, {""speaker"": 1, ""text"": ""Ik denk dat het vooral de afwisseling is. Elke dag is anders, en ook de samenwerking met collega's. We hebben echt een goed team."", ""start"": 30.6, ""end"": 41.7, ""confidence"": 0.95}, {""speaker"": 0, ""text"": ""Wat voor soort projecten werken jullie aan?"", ""start"": 41.8, ""end"": 44.0, ""confidence"": 0.89}, {""speaker"": 1, ""text"": ""We werken aan... eh, zowel lange termijn projecten als kortere, snellere dingen. Dat houdt het spannend! En we hebben ook regelmatig brainstormsessies."", ""start"": 44.1, ""end"": 55.5, ""confidence"": 0.91}, {""speaker"": 0, ""text"": ""Die brainstormsessies klinken leuk. Hoe draagt dat bij aan je werkplezier?"", ""start"": 55.6, ""end"": 60.2, ""confidence"": 0.9}, {""speaker"": 1, ""text"": ""Ja, dat geeft echt ruimte voor creativiteit. We kunnen onze idee\u00ebn delen en... eh, dat voelt gewoon goed. En je ziet ook dat je wordt gehoord."", ""start"": 60.3, ""end"": 70.1, ""confidence"": 0.92}, {""speaker"": 0, ""text"": ""Dat is mooi om te horen. Zijn er ook momenten of situaties die je werkplezier be\u00efnvloeden?"", ""start"": 70.2, ""end"": 75.0, ""confidence"": 0.91}, {""speaker"": 1, ""text"": ""Ja, zeker. Soms is er veel druk, en als deadlines... eh, als ze te strak zijn, kan dat echt stress met zich meebrengen. Dat maakt het soms moeilijk om... om blij te blijven."", ""start"": 75.1, ""end"": 86.0, ""confidence"": 0.88}, {""speaker"": 0, ""text"": ""Hoe ga je om met die stress?"", ""start"": 86.1, ""end"": 88.7, ""confidence"": 0.92}, {""speaker"": 1, ""text"": ""Ik probeer regelmatig pauzes te nemen en met collega's te praten. Soms helpt het al om... eh, even een andere kijk op dingen te krijgen."", ""start"": 88.8, ""end"": 99.0, ""confidence"": 0.9}, {""speaker"": 0, ""text"": ""Dat klinkt als een goede manier om het aan te pakken. Zijn er andere dingen die je zou willen veranderen in je werk om je werkplezier te verhogen?"", ""start"": 99.1, ""end"": 106.0, ""confidence"": 0.93}, {""speaker"": 1, ""text"": ""Misschien meer ruimte voor persoonlijke ontwikkeling. Er zijn wel mogelijkheden, maar... eh, soms voelt het echt alsof je in een routine zit."", ""start"": 106.1, ""end"": 116.5, ""confidence"": 0.89}, {""speaker"": 0, ""text"": ""Ja, dat herken ik. Hoe belangrijk is die ontwikkeling voor jou?"", ""start"": 116.6, ""end"": 119.0, ""confidence"": 0.92}, {""speaker"": 1, ""text"": ""Heel belangrijk! Ik wil echt blijven groeien, zowel professioneel als persoonlijk. Dat houdt me gemotiveerd."", ""start"": 119.1, ""end"": 128.5, ""confidence"": 0.9}, {""speaker"": 0, ""text"": ""Dat is een goede mindset. Tot slot, wat zou je andere bedrijven aanraden om werkplezier te bevorderen?"", ""start"": 128.6, ""end"": 134.0, ""confidence"": 0.91}, {""speaker"": 1, ""text"": ""Communicatie is key. Zorg dat medewerkers zich gehoord voelen en geef ruimte voor initiatieven. En... eh, ook gewoon een positieve werkomgeving cre\u00ebren."", ""start"": 134.1, ""end"": 144.0, ""confidence"": 0.93}]}}}}"
5a442697-bb26-4c28-a3bc-666a1ac41ffa,6b74b838-bd51-4f6b-a0e2-eb782d310ebe,nl,true,"{""body"": {""payload"": {""transcription"": {""utterances"": [{""speaker"": 0, ""text"": ""Hallo en bedankt dat je de tijd neemt voor dit gesprek."", ""start"": 0.0, ""end"": 4.0, ""confidence"": 0.95}, {""speaker"": 1, ""text"": ""Ja, geen probleem. Ik vind het belangrijk om hierover te praten."", ""start"": 4.1, ""end"": 7.5, ""confidence"": 0.94}, {""speaker"": 0, ""text"": ""Fijn om te horen. Kun je me iets vertellen over hoe jij je werk-priv\u00e9balans ervaart?"", ""start"": 7.6, ""end"": 12.0, ""confidence"": 0.93}, {""speaker"": 1, ""text"": ""Ja, dat is best ingewikkeld soms. Vooral als er deadlines zijn, dan... dan lijkt het steeds moeilijker te worden."", ""start"": 12.1, ""end"": 18.2, ""confidence"": 0.92}, {""speaker"": 0, ""text"": ""Wat gebeurt er precies als je onder druk staat?"", ""start"": 18.3, ""end"": 21.5, ""confidence"": 0.9}, {""speaker"": 1, ""text"": ""Nou, ik merk dat ik dan minder tijd heb voor mijn vrienden en familie, en... dat voelt echt niet goed."", ""start"": 21.6, ""end"": 26.4, ""confidence"": 0.91}, {""speaker"": 0, ""text"": ""Dat klinkt zwaar. Hoe be\u00efnvloedt dat je gevoel van welzijn?"", ""start"": 26.5, ""end"": 29.0, ""confidence"": 0.89}, {""speaker"": 1, ""text"": ""Ja, ik voel me dan vaak gestrest en soms gewoon een beetje... uitgeput. Ik kan niet echt ontspannen."", ""start"": 29.1, ""end"": 35.0, ""confidence"": 0.92}, {""speaker"": 0, ""text"": ""En hoe probeer je die stress te verminderen?"", ""start"": 35.1, ""end"": 37.5, ""confidence"": 0.94}, {""speaker"": 1, ""text"": ""Ik probeer meer tijd voor mezelf te nemen, zoals wandelen of lezen, maar dat lukt niet altijd."", ""start"": 37.6, ""end"": 42.8, ""confidence"": 0.93}, {""speaker"": 0, ""text"": ""Wat houdt je tegen om dat meer te doen?"", ""start"": 42.9, ""end"": 45.0, ""confidence"": 0.88}, {""speaker"": 1, ""text"": ""De werkdruk en de verwachtingen. Het voelt soms alsof ik altijd... altijd beschikbaar moet zijn."", ""start"": 45.1, ""end"": 50.0, ""confidence"": 0.9}, {""speaker"": 0, ""text"": ""Dat lijkt me echt frustrerend. Heb je al eens gepraat met je leidinggevende hierover?"", ""start"": 50.1, ""end"": 54.0, ""confidence"": 0.91}, {""speaker"": 1, ""text"": ""Ja, ik heb het eens aangekaart, maar het lijkt niet veel effect te hebben. Het is altijd druk, en we moeten gewoon door."", ""start"": 54.1, ""end"": 59.0, ""confidence"": 0.92}, {""speaker"": 0, ""text"": ""Dat kan demotiverend zijn. Wat zou volgens jou moeten veranderen?"", ""start"": 59.1, ""end"": 62.0, ""confidence"": 0.89}, {""speaker"": 1, ""text"": ""Misschien meer begrip voor de balans van werknemers? En minder focus op alleen het werkprestaties."", ""start"": 62.1, ""end"": 66.5, ""confidence"": 0.9}, {""speaker"": 0, ""text"": ""Dat klinkt als een goede stap. Heb je nog andere idee\u00ebn?"", ""start"": 66.6, ""end"": 68.0, ""confidence"": 0.91}, {""speaker"": 1, ""text"": ""Ja, misschien flexibele werkuren? Zodat mensen hun tijd beter kunnen inrichten."", ""start"": 68.1, ""end"": 72.0, ""confidence"": 0.93}]}}}}"
aea8a1d6-918e-4ef2-a48f-7c91035284b5,b7b82cc1-99f7-4129-948e-28e0c646c793,nl,true,"{""body"": {""payload"": {""transcription"": {""utterances"": [{""speaker"": 0, ""text"": ""Hallo, bedankt dat je tijd hebt gemaakt voor dit gesprek over prestatiebeoordeling."", ""start"": 0.0, ""end"": 4.0, ""confidence"": 0.95}, {""speaker"": 1, ""text"": ""Ja, natuurlijk! Ik vind het belangrijk om hierover te praten."", ""start"": 4.1, ""end"": 8.0, ""confidence"": 0.92}, {""speaker"": 0, ""text"": ""Wat vind je over het algemeen van de prestatiebeoordelingen binnen jouw organisatie?"", ""start"": 8.1, ""end"": 13.0, ""confidence"": 0.94}, {""speaker"": 1, ""text"": ""Ik vind ze eigenlijk best nuttig. Het helpt me om mijn doelen in de gaten te houden, weet je?"", ""start"": 13.1, ""end"": 18.0, ""confidence"": 0.91}, {""speaker"": 0, ""text"": ""Dat klinkt positief. Hoe voelt dat voor jou, die feedback?"", ""start"": 18.1, ""end"": 23.0, ""confidence"": 0.93}, {""speaker"": 1, ""text"": ""Ja, ik waardeer de feedback vaak. Maar soms... ja soms is het ook best frustrerend."", ""start"": 23.1, ""end"": 28.0, ""confidence"": 0.89}, {""speaker"": 0, ""text"": ""Frustrerend? Kun je daar meer over vertellen?"", ""start"": 28.1, ""end"": 31.0, ""confidence"": 0.94}, {""speaker"": 1, ""text"": ""Nou, soms voelt het alsof de beoordelingscriteria niet helemaal eerlijk zijn. Het is... mmm, verwarrend."", ""start"": 31.1, ""end"": 37.0, ""confidence"": 0.9}, {""speaker"": 0, ""text"": ""In welke zin zijn ze verwarrend?"", ""start"": 37.1, ""end"": 40.0, ""confidence"": 0.95}, {""speaker"": 1, ""text"": ""Bijvoorbeeld, soms lijken de managers een bepaalde voorkeur te hebben. En dan... ben ik bang dat ik niet op waarde geschat word."", ""start"": 40.1, ""end"": 45.0, ""confidence"": 0.88}, {""speaker"": 0, ""text"": ""Dat klinkt moeilijk. Heb je daar ooit iets over gezegd?"", ""start"": 45.1, ""end"": 48.0, ""confidence"": 0.92}, {""speaker"": 1, ""text"": ""Ja, een keer! Maar ik weet niet... het voelde niet echt goed om dat aan te kaarten."", ""start"": 48.1, ""end"": 53.0, ""confidence"": 0.87}, {""speaker"": 0, ""text"": ""Snap ik, dat kan best spannend zijn. Denk je dat het iets is wat verbeterd kan worden?"", ""start"": 53.1, ""end"": 58.0, ""confidence"": 0.93}, {""speaker"": 1, ""text"": ""Misschien... ik weet het niet. Ik vind de beoordelingen wel waardevol, maar soms vraag ik me af of ze echt eerlijk zijn."", ""start"": 58.1, ""end"": 63.0, ""confidence"": 0.9}, {""speaker"": 0, ""text"": ""Dus je hebt zowel positieve als negatieve gevoelens over het beoordelingsproces?"", ""start"": 63.1, ""end"": 68.0, ""confidence"": 0.94}, {""speaker"": 1, ""text"": ""Ja, precies! Het is een beetje dubbel. Ik zie de waarde, maar de eerlijkheid... dat blijft een vraagteken."", ""start"": 68.1, ""end"": 73.0, ""confidence"": 0.89}, {""speaker"": 0, ""text"": ""Dat is begrijpelijk. Wat zou je willen veranderen als je de kans had?"", ""start"": 73.1, ""end"": 77.0, ""confidence"": 0.92}, {""speaker"": 1, ""text"": ""Ik zou de criteria transparanter maken. En misschien meer ruimte voor feedback van collega\u2019s."", ""start"": 77.1, ""end"": 82.0, ""confidence"": 0.91}, {""speaker"": 0, ""text"": ""Dat klinkt als een goed idee. Dank je wel voor je openheid hierover!"", ""start"": 82.1, ""end"": 85.0, ""confidence"": 0.95}, {""speaker"": 1, ""text"": ""Geen probleem! Ik hoop dat het helpt."", ""start"": 85.1, ""end"": 88.0, ""confidence"": 0.93}]}}}}"
19eb2ae6-a073-453e-b9cf-a893e4922fba,4cf59f89-f0bc-4d8c-9516-9c238fa1f934,nl,true,"{""body"": {""payload"": {""transcription"": {""utterances"": [{""speaker"": 0, ""text"": ""Welkom, bedankt dat je vandaag de tijd hebt genomen om met mij te praten."", ""start"": 0.0, ""end"": 3.5, ""confidence"": 0.95}, {""speaker"": 1, ""text"": ""Ja, geen probleem. Ik vind het wel interessant."", ""start"": 3.6, ""end"": 6.0, ""confidence"": 0.93}, {""speaker"": 0, ""text"": ""Super! Laten we beginnen met je loopbaandoelen. Wat zijn je huidige doelen op dit moment?"", ""start"": 6.1, ""end"": 9.5, ""confidence"": 0.94}, {""speaker"": 1, ""text"": ""Hmm, ik denk dat ik graag... eh, verder wil groeien in mijn functie. Het liefst naar een managementrol."", ""start"": 9.6, ""end"": 14.0, ""confidence"": 0.88}, {""speaker"": 0, ""text"": ""Wat trekt je aan in een managementrol?"", ""start"": 14.1, ""end"": 15.8, ""confidence"": 0.92}, {""speaker"": 1, ""text"": ""Nou, ik vind het leuk om teams te leiden en... ik denk dat ik gewoon... meer invloed wil hebben."", ""start"": 15.9, ""end"": 19.0, ""confidence"": 0.9}, {""speaker"": 0, ""text"": ""Dat is heel begrijpelijk. Heb je specifieke stappen in gedachten om dat te bereiken?"", ""start"": 19.1, ""end"": 22.5, ""confidence"": 0.91}, {""speaker"": 1, ""text"": ""Eh, ik weet het niet zeker. Misschien meer training of zo? Maar ik weet niet precies wat."", ""start"": 22.6, ""end"": 27.0, ""confidence"": 0.85}, {""speaker"": 0, ""text"": ""Training klinkt goed. Zijn er specifieke vaardigheden waar je aan wilt werken?"", ""start"": 27.1, ""end"": 29.5, ""confidence"": 0.92}, {""speaker"": 1, ""text"": ""Ja, ik denk aan communicatie en... eh, teamdynamiek. Gewoon beter leren omgaan met mensen."", ""start"": 29.6, ""end"": 33.0, ""confidence"": 0.89}, {""speaker"": 0, ""text"": ""Dat klinkt als een goed plan. Hoe denk je dat je dat kunt aanpakken?"", ""start"": 33.1, ""end"": 35.5, ""confidence"": 0.9}, {""speaker"": 1, ""text"": ""Misschien door workshops te volgen of... ik weet het niet zeker, ik heb dat nog niet echt uitgezocht."", ""start"": 35.6, ""end"": 39.0, ""confidence"": 0.87}, {""speaker"": 0, ""text"": ""Dat is begrijpelijk. Heb je wel eens met een coach gesproken over je doelen?"", ""start"": 39.1, ""end"": 41.5, ""confidence"": 0.91}, {""speaker"": 1, ""text"": ""Nee, nog niet. Maar ik denk dat het nuttig kan zijn... om wat externe feedback te krijgen."", ""start"": 41.6, ""end"": 45.0, ""confidence"": 0.9}, {""speaker"": 0, ""text"": ""Zeker! Feedback kan heel waardevol zijn. Voel je je nu op je plek in je huidige functie?"", ""start"": 45.1, ""end"": 48.0, ""confidence"": 0.93}, {""speaker"": 1, ""text"": ""Ja, maar ik voel dat ik meer kan doen. Soms voel ik me een beetje... eh, onderbenut."", ""start"": 48.1, ""end"": 52.0, ""confidence"": 0.88}, {""speaker"": 0, ""text"": ""Dat is een goed punt. Wat zou je willen veranderen in je huidige rol om dat gevoel te verminderen?"", ""start"": 52.1, ""end"": 56.0, ""confidence"": 0.91}, {""speaker"": 1, ""text"": ""Misschien meer verantwoordelijkheden of... eh, projecten leiden. Dat lijkt me wel leuk."", ""start"": 56.1, ""end"": 59.5, ""confidence"": 0.89}, {""speaker"": 0, ""text"": ""Dat klinkt als een goede manier om jezelf uit te dagen. Heb je daar al met je leidinggevende over gesproken?"", ""start"": 59.6, ""end"": 62.0, ""confidence"": 0.92}, {""speaker"": 1, ""text"": ""Nog niet, maar dat moet ik zeker doen. Ik herinner me het niet precies, maar ik denk dat... dat het tijd is om dat gesprek aan te gaan."", ""start"": 62.1, ""end"": 66.0, ""confidence"": 0.86}, {""speaker"": 0, ""text"": ""Zeker! Ik moedig je aan om dat te doen. Heb je nog andere doelen die je wilt bereiken?"", ""start"": 66.1, ""end"": 69.0, ""confidence"": 0.9}, {""speaker"": 1, ""text"": ""Eh, ik zou ook graag... een betere balans tussen werk en priv\u00e9leven willen hebben. Dat is ook belangrijk."", ""start"": 69.1, ""end"": 73.0, ""confidence"": 0.88}, {""speaker"": 0, ""text"": ""Dat is heel belangrijk. Hoe denk je dat je dat kunt aanpakken?"", ""start"": 73.1, ""end"": 75.5, ""confidence"": 0.92}, {""speaker"": 1, ""text"": ""Misschien door duidelijkere grenzen te stellen... ja, ik moet daar echt aan werken."", ""start"": 75.6, ""end"": 78.0, ""confidence"": 0.89}, {""speaker"": 0, ""text"": ""Dat klinkt als een slimme aanpak. Bedankt voor je openhartigheid vandaag."", ""start"": 78.1, ""end"": 81.0, ""confidence"": 0.94}, {""speaker"": 1, ""text"": ""Graag gedaan! Ik vond het ook leuk om te praten."", ""start"": 81.1, ""end"": 83.0, ""confidence"": 0.91}]}}}}"
63258a5a-b090-40cc-b9d3-b11d01286f33,4cf59f89-f0bc-4d8c-9516-9c238fa1f934,nl,true,"{""body"": {""payload"": {""transcription"": {""utterances"": [{""speaker"": 0, ""text"": ""Goedemiddag, bedankt dat je de tijd neemt voor dit gesprek."", ""start"": 0.0, ""end"": 5.0, ""confidence"": 0.95}, {""speaker"": 1, ""text"": ""Goedemiddag! Geen probleem, ik vind het interessant."", ""start"": 5.1, ""end"": 9.0, ""confidence"": 0.93}, {""speaker"": 0, ""text"": ""Kun je me iets vertellen over jouw team en hoe jullie samenwerken?"", ""start"": 9.1, ""end"": 13.0, ""confidence"": 0.94}, {""speaker"": 1, ""text"": ""Ja, natuurlijk. We zijn een team van vijf, en ik denk dat de communicatie echt goed is."", ""start"": 13.1, ""end"": 19.0, ""confidence"": 0.92}, {""speaker"": 0, ""text"": ""Wat maakt de communicatie tussen jullie zo goed?"", ""start"": 19.1, ""end"": 22.0, ""confidence"": 0.94}, {""speaker"": 1, ""text"": ""Nou, we hebben regelmatig meetings, en we delen ook veel informatie via chat."", ""start"": 22.1, ""end"": 27.0, ""confidence"": 0.9}, {""speaker"": 0, ""text"": ""Is er ook een moment geweest dat dat niet zo soepel ging?"", ""start"": 27.1, ""end"": 30.0, ""confidence"": 0.91}, {""speaker"": 1, ""text"": ""Ja, zeker. Er was een project waarbij er miscommunicatie was over de deadlines."", ""start"": 30.1, ""end"": 35.0, ""confidence"": 0.89}, {""speaker"": 0, ""text"": ""Hoe hebben jullie dat opgelost?"", ""start"": 35.1, ""end"": 37.0, ""confidence"": 0.93}, {""speaker"": 1, ""text"": ""We hebben toen een brainstormsessie gehouden om alles weer op een lijn te krijgen."", ""start"": 37.1, ""end"": 42.0, ""confidence"": 0.91}, {""speaker"": 0, ""text"": ""Dat klinkt goed. Wat is jouw rol binnen het team?"", ""start"": 42.1, ""end"": 45.0, ""confidence"": 0.94}, {""speaker"": 1, ""text"": ""Ik ben de projectmanager, dus ik zorg ervoor dat iedereen weet wat er moet gebeuren."", ""start"": 45.1, ""end"": 50.0, ""confidence"": 0.92}, {""speaker"": 0, ""text"": ""Voelt het soms ook als een uitdaging om die rol te vervullen?"", ""start"": 50.1, ""end"": 54.0, ""confidence"": 0.93}, {""speaker"": 1, ""text"": ""Ja, soms wel. Vooral als er conflicten zijn tussen teamleden."", ""start"": 54.1, ""end"": 58.0, ""confidence"": 0.9}, {""speaker"": 0, ""text"": ""Hoe ga je daarmee om?"", ""start"": 58.1, ""end"": 60.0, ""confidence"": 0.95}, {""speaker"": 1, ""text"": ""Ik probeer altijd een open gesprek te hebben, zodat iedereen zich gehoord voelt."", ""start"": 60.1, ""end"": 65.0, ""confidence"": 0.91}, {""speaker"": 0, ""text"": ""Dat klinkt als een goede aanpak. Wat vind je het leukste aan je team?"", ""start"": 65.1, ""end"": 68.0, ""confidence"": 0.94}, {""speaker"": 1, ""text"": ""De betrokkenheid, iedereen is echt gemotiveerd en dat maakt het leuk om samen te werken."", ""start"": 68.1, ""end"": 73.0, ""confidence"": 0.92}]}}}}"
77bdc6f6-71a1-4402-934a-ca00e5a1e628,b0d46c72-5527-4cec-8474-868d1da0eb55,nl,true,"{""body"": {""payload"": {""transcription"": {""utterances"": [{""speaker"": 0, ""text"": ""Hallo en bedankt dat je tijd hebt gemaakt voor dit interview. Laten we beginnen met iets eenvoudigs. Hoe zou je jouw rol in het team beschrijven?"", ""start"": 0.0, ""end"": 9.5, ""confidence"": 0.95}, {""speaker"": 1, ""text"": ""Natuurlijk! Ik ben verantwoordelijk voor de communicatie binnen ons team. Het is best leuk, eigenlijk, omdat ik... ik hou ervan om mensen bij elkaar te brengen en ervoor te zorgen dat iedereen op dezelfde pagina zit."", ""start"": 9.6, ""end"": 21.2, ""confidence"": 0.92}, {""speaker"": 0, ""text"": ""Dat klinkt positief! Heb je ooit conflicten moeten oplossen in jouw rol?"", ""start"": 21.3, ""end"": 27.0, ""confidence"": 0.94}, {""speaker"": 1, ""text"": ""Ja, zeker. Er zijn momenten geweest... zoals laatst, toen twee teamleden het niet met elkaar eens waren over een project. Ik dacht, 'ok\u00e9, dit kan ik wel oplossen.'"", ""start"": 27.1, ""end"": 39.0, ""confidence"": 0.91}, {""speaker"": 0, ""text"": ""Wat deed je precies?"", ""start"": 39.1, ""end"": 41.8, ""confidence"": 0.97}, {""speaker"": 1, ""text"": ""Nou, ik organiseerde een meeting. En ik heb ze allebei de kans gegeven om hun perspectieven te delen. Het was best een productieve discussie, eigenlijk. Maar, uh..."", ""start"": 41.9, ""end"": 55.0, ""confidence"": 0.9}, {""speaker"": 0, ""text"": ""Klinkt goed! En wat waren de uitkomsten van die discussie?"", ""start"": 55.1, ""end"": 57.6, ""confidence"": 0.99}, {""speaker"": 1, ""text"": ""Uhm, ze kwamen tot een compromis. Maar, eerlijk gezegd, soms vraag ik me af of ik dat echt goed heb gedaan. Was het wel de juiste manier?"", ""start"": 57.7, ""end"": 69.2, ""confidence"": 0.88}, {""speaker"": 0, ""text"": ""Waarom heb je daar twijfels over?"", ""start"": 69.3, ""end"": 72.0, ""confidence"": 0.96}, {""speaker"": 1, ""text"": ""Nou, ik bedoel, ik heb geprobeerd om neutraal te blijven en iedereen hun stem te geven. Maar soms... vraag ik me af of dat wel echt helpt. Misschien... was ik niet stevig genoeg?"", ""start"": 72.1, ""end"": 85.0, ""confidence"": 0.89}, {""speaker"": 0, ""text"": ""Dat is heel begrijpelijk. Heb je andere ervaringen gehad waarbij je je twijfels had over je aanpak?"", ""start"": 85.1, ""end"": 89.4, ""confidence"": 0.95}, {""speaker"": 1, ""text"": ""Ja, vorig jaar had ik ook een situatie waarbij ik dacht dat ik het goed deed, maar na een paar dagen... merkte ik dat de irritatie weer terugkwam. Dan denk je, 'was dat gesprek wel zo nuttig?'"", ""start"": 89.5, ""end"": 103.2, ""confidence"": 0.9}, {""speaker"": 0, ""text"": ""En wat heb je daaruit geleerd?"", ""start"": 103.3, ""end"": 106.0, ""confidence"": 0.96}, {""speaker"": 1, ""text"": ""Ik denk dat ik nu meer... direct moet zijn. Gewoon duidelijker zijn over wat ik verwacht. Maar, ja, dat is moeilijk als je het liefst iedereen tevreden houdt."", ""start"": 106.1, ""end"": 118.5, ""confidence"": 0.88}, {""speaker"": 0, ""text"": ""Dat is een interessante invalshoek. Hoe ga je dat in de toekomst aanpakken?"", ""start"": 118.6, ""end"": 122.0, ""confidence"": 0.94}, {""speaker"": 1, ""text"": ""Misschien... meer follow-ups doen? En zorgen dat mensen zich ook echt gehoord voelen. Want, uh, als ze dat niet doen, gaat de spanning gewoon weer omhoog."", ""start"": 122.1, ""end"": 133.7, ""confidence"": 0.91}, {""speaker"": 0, ""text"": ""Dat klinkt als een goed plan. Denk je dat je dat gemakkelijker kunt toepassen?"", ""start"": 133.8, ""end"": 137.0, ""confidence"": 0.95}, {""speaker"": 1, ""text"": ""Ja, ik hoop het. Maar, ik weet het niet... Er is altijd die stem die zegt: 'wat als het weer niet werkt?'"", ""start"": 137.1, ""end"": 145.5, ""confidence"": 0.87}, {""speaker"": 0, ""text"": ""Dat is heel herkenbaar. Dank je wel voor het delen van je gedachten en ervaringen. Dit helpt zeker bij ons onderzoek."", ""start"": 145.6, ""end"": 151.0, ""confidence"": 0.98}]}}}}"
52587064-48f2-49c6-80de-d7d37a256632,b0d46c72-5527-4cec-8474-868d1da0eb55,nl,true,"{""body"": {""payload"": {""transcription"": {""utterances"": [{""speaker"": 0, ""text"": ""Laten we beginnen met je ervaringen rondom thuiswerken. Hoe voelt dat voor jou?"", ""start"": 0.0, ""end"": 5.0, ""confidence"": 0.95}, {""speaker"": 1, ""text"": ""Ja, thuiswerken is eigenlijk best fijn, hoor. Ik kan mijn eigen tempo bepalen en dat geeft echt een gevoel van vrijheid."", ""start"": 5.1, ""end"": 12.0, ""confidence"": 0.93}, {""speaker"": 0, ""text"": ""Dat klinkt goed! Wat vind je het leukst aan thuiswerken?"", ""start"": 12.1, ""end"": 16.0, ""confidence"": 0.94}, {""speaker"": 1, ""text"": ""Nou, ik vind het fijn dat ik niet in de file hoef te staan en... ik kan tussendoor wat huishouden doen. Dat helpt echt."", ""start"": 16.1, ""end"": 23.0, ""confidence"": 0.91}, {""speaker"": 0, ""text"": ""Dat klinkt als een goede balans. Maar zijn er ook dingen die je minder leuk vindt aan thuiswerken?"", ""start"": 23.1, ""end"": 29.0, ""confidence"": 0.92}, {""speaker"": 1, ""text"": ""Ja, dat is er zeker. Soms voel ik me... een beetje eenzaam, eigenlijk. De sociale interactie met collega's is gewoon anders."", ""start"": 29.1, ""end"": 37.0, ""confidence"": 0.9}, {""speaker"": 0, ""text"": ""Dat snap ik. En hoe ga je daarmee om, die eenzaamheid?"", ""start"": 37.1, ""end"": 41.0, ""confidence"": 0.94}, {""speaker"": 1, ""text"": ""Ehm, ik probeer wel regelmatig met collega's te video-bellen. Maar soms helpt dat niet genoeg, en dan denk ik: is dit wel de juiste keuze?"", ""start"": 41.1, ""end"": 49.0, ""confidence"": 0.92}, {""speaker"": 0, ""text"": ""Ja, dat kan ik me voorstellen. Wat maakt je twijfelen over je keuze om thuis te werken?"", ""start"": 49.1, ""end"": 54.0, ""confidence"": 0.93}, {""speaker"": 1, ""text"": ""Nou, ik heb het idee dat ik soms minder betrokken ben bij het team. En dat ik dingen mis die gewoon spontaan gebeuren op kantoor."", ""start"": 54.1, ""end"": 61.0, ""confidence"": 0.91}, {""speaker"": 0, ""text"": ""Dat klinkt als een echte uitdaging. Zijn er dingen die je zou willen veranderen aan je huidige situatie?"", ""start"": 61.1, ""end"": 67.0, ""confidence"": 0.94}, {""speaker"": 1, ""text"": ""Ja, misschien zou ik af en toe weer op kantoor willen werken. Een paar dagen per week of zo, om dat teamgevoel terug te krijgen."", ""start"": 67.1, ""end"": 73.0, ""confidence"": 0.92}, {""speaker"": 0, ""text"": ""Dat klinkt als een goed plan. Wat zou je nog meer willen bereiken in je werk, nu je thuiswerkt?"", ""start"": 73.1, ""end"": 79.0, ""confidence"": 0.93}, {""speaker"": 1, ""text"": ""Ik wil mijn productiviteit eigenlijk wel verhogen. Maar soms is het lastig om gefocust te blijven als je thuis bent."", ""start"": 79.1, ""end"": 86.0, ""confidence"": 0.9}, {""speaker"": 0, ""text"": ""Welke afleidingen zorgen ervoor dat je je moeilijk kunt concentreren?"", ""start"": 86.1, ""end"": 90.0, ""confidence"": 0.95}, {""speaker"": 1, ""text"": ""Nou, je kent het wel: huishoudelijke taken, kinderen die vragen hebben, en soms is het gewoon te stil. Dat maakt het moeilijk."", ""start"": 90.1, ""end"": 97.0, ""confidence"": 0.91}, {""speaker"": 0, ""text"": ""Dat is herkenbaar. Heb je al strategie\u00ebn geprobeerd om die afleidingen te verminderen?"", ""start"": 97.1, ""end"": 102.0, ""confidence"": 0.93}, {""speaker"": 1, ""text"": ""Ja, ik heb een schema gemaakt, maar... soms houd ik me er niet aan. Dan lijkt het makkelijker om gewoon... iets anders te doen."", ""start"": 102.1, ""end"": 109.0, ""confidence"": 0.92}]}}}}"
b82399e0-2c45-4d73-8f52-7b6256b4df66,b0d46c72-5527-4cec-8474-868d1da0eb55,nl,true,"{""body"": {""payload"": {""transcription"": {""utterances"": [{""speaker"": 0, ""text"": ""Hallo en welkom! Bedankt dat je hier bent vandaag. Laten we beginnen met je salarisverwachtingen. Hoe belangrijk zijn die voor jou?"", ""start"": 0.0, ""end"": 9.5, ""confidence"": 0.95}, {""speaker"": 1, ""text"": ""Ja, hallo! Nou, salarisverwachtingen zijn voor mij best belangrijk. Het is niet alleen het geld, maar ook hoe het mijn waarde binnen een bedrijf weerspiegelt, denk ik."", ""start"": 9.6, ""end"": 20.0, ""confidence"": 0.93}, {""speaker"": 0, ""text"": ""Dat begrijp ik. Kun je daar iets dieper op ingaan? Wat betekent dat voor jou, die waarde?"", ""start"": 20.1, ""end"": 28.0, ""confidence"": 0.94}, {""speaker"": 1, ""text"": ""Ja, zeker. Kijk, ik heb veel tijd en moeite gestoken in mijn opleidingen en ervaringen. Dus, als mijn salaris niet in lijn is met dat, voelt dat gewoon niet goed, weet je?"", ""start"": 28.1, ""end"": 39.0, ""confidence"": 0.92}, {""speaker"": 0, ""text"": ""Dus, je zegt dat je verwacht dat je salaris jouw investeringen in je ontwikkeling weerspiegelt?"", ""start"": 39.1, ""end"": 46.0, ""confidence"": 0.95}, {""speaker"": 1, ""text"": ""Ja, exact! En het is ook een beetje een motivatie. Als ik weet dat ik goed betaald word, dan heb ik meer zin om mijn best te doen."", ""start"": 46.1, ""end"": 56.5, ""confidence"": 0.91}, {""speaker"": 0, ""text"": ""Dat klinkt logisch. Heb je specifieke salarisverwachtingen voor je huidige of toekomstige functies?"", ""start"": 56.6, ""end"": 62.5, ""confidence"": 0.94}, {""speaker"": 1, ""text"": ""Ja, voor mijn huidige functie dacht ik aan... nou, rond de 3000 euro per maand, maar voor toekomstige functies zou ik echt richting de 4000 willen gaan. Dat lijkt me redelijk."", ""start"": 62.6, ""end"": 74.0, ""confidence"": 0.9}, {""speaker"": 0, ""text"": ""En hoe ben je tot die bedragen gekomen? Heb je daar research naar gedaan?"", ""start"": 74.1, ""end"": 80.5, ""confidence"": 0.93}, {""speaker"": 1, ""text"": ""Ja, ik heb wat marktonderzoek gedaan, salariswebsites bekeken en ook gesprekken met collega's gehad. Het is goed om te weten wat anderen verdienen."", ""start"": 80.6, ""end"": 91.0, ""confidence"": 0.92}, {""speaker"": 0, ""text"": ""Dat klinkt als een goede strategie. Heb je ook rekening gehouden met andere voordelen, zoals vakantiedagen of pensioen?"", ""start"": 91.1, ""end"": 100.0, ""confidence"": 0.94}, {""speaker"": 1, ""text"": ""Ja, absoluut! Die dingen zijn ook belangrijk voor me. Een goed pensioen en voldoende vakantiedagen kunnen echt het verschil maken."", ""start"": 100.1, ""end"": 109.5, ""confidence"": 0.91}, {""speaker"": 0, ""text"": ""Dus, je kijkt naar het totaalpakket, niet alleen naar het salaris zelf?"", ""start"": 109.6, ""end"": 115.5, ""confidence"": 0.95}, {""speaker"": 1, ""text"": ""Precies! Het moet in balans zijn. Als alleen het salaris hoog is, maar je hebt geen werkplezier of goede voorwaarden, dan schiet je daar niet veel mee op."", ""start"": 115.6, ""end"": 128.0, ""confidence"": 0.93}, {""speaker"": 0, ""text"": ""Dat is een heel goed punt. Hoe voel je je over onderhandelingen over salaris? Vind je dat lastig?"", ""start"": 128.1, ""end"": 135.5, ""confidence"": 0.92}, {""speaker"": 1, ""text"": ""Ja, dat vind ik wel lastig. Ik wil niet te hebberig overkomen, maar ik wil ook niet onderschat worden. Het is een dunne lijn."", ""start"": 135.6, ""end"": 145.5, ""confidence"": 0.9}, {""speaker"": 0, ""text"": ""Dat snap ik helemaal. Wat zou je doen om meer zelfvertrouwen te krijgen in dat proces?"", ""start"": 145.6, ""end"": 153.0, ""confidence"": 0.94}, {""speaker"": 1, ""text"": ""Misschien meer oefenen of met een coach praten. En ook leren om mijn waarde beter te onderbouwen, dat zou helpen."", ""start"": 153.1, ""end"": 162.0, ""confidence"": 0.93}]}}}}"
89134cad-45a1-421e-b2e8-bdfbc16891d2,4cf59f89-f0bc-4d8c-9516-9c238fa1f934,nl,true,"{""body"": {""payload"": {""transcription"": {""utterances"": [{""speaker"": 0, ""text"": ""Hallo en bedankt dat je de tijd neemt voor dit interview over bedrijfscultuur."", ""start"": 0.0, ""end"": 7.5, ""confidence"": 0.95}, {""speaker"": 1, ""text"": ""Ja, geen probleem! Ik vind het een interessant onderwerp."", ""start"": 7.6, ""end"": 10.0, ""confidence"": 0.93}, {""speaker"": 0, ""text"": ""Mooi! Kun je me iets vertellen over de cultuur binnen jouw organisatie?"", ""start"": 10.1, ""end"": 14.0, ""confidence"": 0.94}, {""speaker"": 1, ""text"": ""Nou, ik zou zeggen dat het heel open en vriendelijk is. We hebben veel teamwork."", ""start"": 14.1, ""end"": 20.0, ""confidence"": 0.92}, {""speaker"": 0, ""text"": ""Dat klinkt goed. Maar zijn er ook minder positieve aspecten?"", ""start"": 20.1, ""end"": 23.5, ""confidence"": 0.89}, {""speaker"": 1, ""text"": ""Ja, dat zeker. Soms is er een gebrek aan communicatie, wat frustrerend kan zijn."", ""start"": 23.6, ""end"": 27.0, ""confidence"": 0.9}, {""speaker"": 0, ""text"": ""Kun je een voorbeeld geven van zo'n situatie?"", ""start"": 27.1, ""end"": 29.5, ""confidence"": 0.91}, {""speaker"": 1, ""text"": ""Zeker, laatst was er een project waarbij niemand echt wist wie verantwoordelijk was voor wat."", ""start"": 29.6, ""end"": 35.0, ""confidence"": 0.88}, {""speaker"": 0, ""text"": ""Dat klinkt chaotisch. Hoe werd dat opgelost?"", ""start"": 35.1, ""end"": 38.0, ""confidence"": 0.89}, {""speaker"": 1, ""text"": ""Uiteindelijk hebben we met een teamoverleg alles uitgepraat, maar het kostte tijd."", ""start"": 38.1, ""end"": 43.0, ""confidence"": 0.87}, {""speaker"": 0, ""text"": ""Dus communicatie is een belangrijk punt. Wat doet jouw organisatie eraan?"", ""start"": 43.1, ""end"": 47.0, ""confidence"": 0.92}, {""speaker"": 1, ""text"": ""We hebben nu wekelijkse check-ins om te zorgen dat iedereen op dezelfde lijn zit."", ""start"": 47.1, ""end"": 51.5, ""confidence"": 0.94}, {""speaker"": 0, ""text"": ""Dat klinkt als een goede stap. Voel je je gewaardeerd binnen het team?"", ""start"": 51.6, ""end"": 54.0, ""confidence"": 0.91}, {""speaker"": 1, ""text"": ""Ja, over het algemeen wel. De leidinggevenden geven vaak positieve feedback."", ""start"": 54.1, ""end"": 58.0, ""confidence"": 0.92}, {""speaker"": 0, ""text"": ""Dat is belangrijk! Hoe wordt dat positief terugkoppelen ervaren door de collega's?"", ""start"": 58.1, ""end"": 62.0, ""confidence"": 0.9}, {""speaker"": 1, ""text"": ""Ik denk dat het mensen motiveert. Maar sommige vinden het ook een beetje geforceerd."", ""start"": 62.1, ""end"": 66.0, ""confidence"": 0.88}, {""speaker"": 0, ""text"": ""Dat begrijp ik. Hoe zou je de balans tussen werk en priv\u00e9 binnen de cultuur beschrijven?"", ""start"": 66.1, ""end"": 71.0, ""confidence"": 0.92}, {""speaker"": 1, ""text"": ""Het is vrij goed, maar er zijn momenten dat de werkdruk hoog is."", ""start"": 71.1, ""end"": 74.0, ""confidence"": 0.89}, {""speaker"": 0, ""text"": ""Dat klinkt als een uitdaging. Heb je idee\u00ebn om de werkdruk te verlichten?"", ""start"": 74.1, ""end"": 77.0, ""confidence"": 0.93}, {""speaker"": 1, ""text"": ""Misschien meer flexibele werktijden of extra steun tijdens drukke periodes."", ""start"": 77.1, ""end"": 81.0, ""confidence"": 0.91}]}}}}"
b18dba1e-8a0f-477f-a90f-0e32d99aa711,6b74b838-bd51-4f6b-a0e2-eb782d310ebe,nl,true,"{""body"": {""payload"": {""transcription"": {""utterances"": [{""speaker"": 0, ""text"": ""Hallo, bedankt dat je hier bent vandaag. Hoe gaat het met je?"", ""start"": 0.0, ""end"": 4.2, ""confidence"": 0.95}, {""speaker"": 1, ""text"": ""Hey, ja, gaat goed! Dank je. Een beetje zenuwachtig, maar dat hoort er wel bij, toch?"", ""start"": 4.3, ""end"": 9.1, ""confidence"": 0.93}, {""speaker"": 0, ""text"": ""Zeker weten! Laten we beginnen met je inwerkervaring. Hoe was je eerste werkdag?"", ""start"": 9.2, ""end"": 13.5, ""confidence"": 0.94}, {""speaker"": 1, ""text"": ""Nou, het was... eh, best overweldigend. Ik herinner me dat ik... soort van verloren was in het gebouw."", ""start"": 13.6, ""end"": 18.1, ""confidence"": 0.89}, {""speaker"": 0, ""text"": ""Dat kan ik me voorstellen. Wat maakte het zo overweldigend?"", ""start"": 18.2, ""end"": 21.5, ""confidence"": 0.9}, {""speaker"": 1, ""text"": ""Ja, vooral de hoeveelheid informatie die je moet verwerken. En dan die, eh, nieuwe gezichten overal."", ""start"": 21.6, ""end"": 25.8, ""confidence"": 0.91}, {""speaker"": 0, ""text"": ""Snap ik. Hoe heb je dat ervaren, om met al die nieuwe mensen om te gaan?"", ""start"": 25.9, ""end"": 30.2, ""confidence"": 0.88}, {""speaker"": 1, ""text"": ""In het begin best spannend. Ik ben niet zo'n sociale vlinder, dus ik voelde me soms... eh, een beetje ongemakkelijk."", ""start"": 30.3, ""end"": 35.2, ""confidence"": 0.9}, {""speaker"": 0, ""text"": ""Dat klinkt herkenbaar. Heb je het gevoel dat je voldoende ondersteuning kreeg?"", ""start"": 35.3, ""end"": 39.0, ""confidence"": 0.93}, {""speaker"": 1, ""text"": ""Ja, gelukkig wel. Mijn manager was echt behulpzaam. Maar het kostte nog steeds tijd om... alles eigen te maken."", ""start"": 39.1, ""end"": 43.5, ""confidence"": 0.92}, {""speaker"": 0, ""text"": ""Heel goed om te horen. Hoe ging de training die je kreeg?"", ""start"": 43.6, ""end"": 46.9, ""confidence"": 0.91}, {""speaker"": 1, ""text"": ""De training was... eh, best goed! Voelde me... gewoon dat ik soms wat moeite had met alles volgen."", ""start"": 47.0, ""end"": 51.2, ""confidence"": 0.9}, {""speaker"": 0, ""text"": ""Dat kan gebeuren. Is er iets dat je zou willen veranderen aan die training?"", ""start"": 51.3, ""end"": 54.7, ""confidence"": 0.94}, {""speaker"": 1, ""text"": ""Misschien iets minder informatie in \u00e9\u00e9n keer. Meer tijd om het te... verwerken, weet je?"", ""start"": 54.8, ""end"": 59.2, ""confidence"": 0.92}, {""speaker"": 0, ""text"": ""Dat is een goed punt. Wat vond je van de feedback die je kreeg tijdens je inwerkperiode?"", ""start"": 59.3, ""end"": 63.0, ""confidence"": 0.91}, {""speaker"": 1, ""text"": ""Over het algemeen heel positief! Maar soms was het... eh, niet heel duidelijk wat er precies verbeterd moest worden."", ""start"": 63.1, ""end"": 67.5, ""confidence"": 0.89}, {""speaker"": 0, ""text"": ""Dat is ook belangrijk om te weten. Heb je het gevoel dat je nu goed bent ingewerkt?"", ""start"": 67.6, ""end"": 70.5, ""confidence"": 0.93}, {""speaker"": 1, ""text"": ""Ja, ik voel me nu veel competenter. Maar het blijft een uitdaging, natuurlijk."", ""start"": 70.6, ""end"": 74.2, ""confidence"": 0.94}]}}}}"
394851cf-a3cb-46a4-b0a5-9039ff01dff7,f41ba610-9896-4cd8-9283-65c27d256b6c,nl,true,"{""body"": {""payload"": {""transcription"": {""utterances"": [{""speaker"": 0, ""text"": ""Hoi, bedankt dat je vandaag tijd vrijmaakt voor dit gesprek."", ""start"": 0.0, ""end"": 4.0, ""confidence"": 0.95}, {""speaker"": 1, ""text"": ""Ja, geen probleem! Ik vind het belangrijk om hierover te praten."", ""start"": 4.1, ""end"": 8.0, ""confidence"": 0.93}, {""speaker"": 0, ""text"": ""Super! Kun je me vertellen wat werkplezier voor jou betekent?"", ""start"": 8.1, ""end"": 12.0, ""confidence"": 0.94}, {""speaker"": 1, ""text"": ""Ja, voor mij betekent werkplezier dat je... eh, je komt elke dag met een glimlach, je houdt van wat je doet."", ""start"": 12.1, ""end"": 18.0, ""confidence"": 0.91}, {""speaker"": 1, ""text"": ""En als je ook nog eens goede collega's hebt, dan maakt dat het helemaal... ja, je voelt je echt een team."", ""start"": 18.1, ""end"": 25.0, ""confidence"": 0.9}, {""speaker"": 0, ""text"": ""Dat klinkt goed! En wat zijn factoren die jouw werkplezier be\u00efnvloeden?"", ""start"": 25.1, ""end"": 30.0, ""confidence"": 0.92}, {""speaker"": 1, ""text"": ""Nou, vooral de werkdruk en de ondersteuning van mijn leidinggevende. Als ik het gevoel heb dat ik alles alleen moet doen, dan... dan daalt mijn motivatie."", ""start"": 30.1, ""end"": 38.0, ""confidence"": 0.89}, {""speaker"": 0, ""text"": ""Interessant! Heb je recent een situatie meegemaakt die je werkplezier heeft aangetast?"", ""start"": 38.1, ""end"": 42.0, ""confidence"": 0.91}, {""speaker"": 1, ""text"": ""Ja, laatst hadden we een grote deadline en de communicatie was echt... ja, het was gewoon rommelig."", ""start"": 42.1, ""end"": 48.0, ""confidence"": 0.87}, {""speaker"": 1, ""text"": ""Dat zorgde ervoor dat we allemaal gestrest waren en daardoor was de sfeer ook minder."", ""start"": 48.1, ""end"": 53.0, ""confidence"": 0.9}, {""speaker"": 0, ""text"": ""Dat klinkt echt vervelend. Hoe ga je doorgaans om met stress op het werk?"", ""start"": 53.1, ""end"": 58.0, ""confidence"": 0.92}, {""speaker"": 1, ""text"": ""Ik probeer dan even een pauze te nemen of... uh, ik praat met een collega. Dat helpt me om... even te resetten."", ""start"": 58.1, ""end"": 63.0, ""confidence"": 0.89}, {""speaker"": 0, ""text"": ""Goed idee! Wat vind je het leukste aan je werk?"", ""start"": 63.1, ""end"": 66.0, ""confidence"": 0.94}, {""speaker"": 1, ""text"": ""Het mooiste vind ik de creativiteit die ik kan gebruiken. En, uh, ik krijg de ruimte om nieuwe idee\u00ebn uit te proberen."", ""start"": 66.1, ""end"": 72.0, ""confidence"": 0.91}, {""speaker"": 0, ""text"": ""Dat klinkt echt inspirerend! Hoe denk je dat je werkplezier in de toekomst kan verbeteren?"", ""start"": 72.1, ""end"": 77.0, ""confidence"": 0.92}, {""speaker"": 1, ""text"": ""Misschien door meer open communicatie te hebben met het team en... eh, wat vaker teamuitjes te organiseren."", ""start"": 77.1, ""end"": 82.0, ""confidence"": 0.9}, {""speaker"": 0, ""text"": ""Dat lijkt me een goed idee! Dank je wel voor je inzichten vandaag."", ""start"": 82.1, ""end"": 85.0, ""confidence"": 0.95}, {""speaker"": 1, ""text"": ""Graag gedaan! Ik vond het een prettig gesprek."", ""start"": 85.1, ""end"": 88.0, ""confidence"": 0.92}]}}}}"
a85e2fdb-079b-438a-842b-22dd613b2c0b,6b74b838-bd51-4f6b-a0e2-eb782d310ebe,nl,true,"{""body"": {""payload"": {""transcription"": {""utterances"": [{""speaker"": 0, ""text"": ""Hallo en bedankt dat je de tijd neemt vandaag."", ""start"": 0.0, ""end"": 4.0, ""confidence"": 0.95}, {""speaker"": 1, ""text"": ""Ja, geen probleem! Ik vind het eigenlijk best leuk om hierover te praten."", ""start"": 4.5, ""end"": 8.5, ""confidence"": 0.93}, {""speaker"": 0, ""text"": ""Dat is fijn om te horen! Kun je me wat vertellen over jouw werk-priv\u00e9balans?"", ""start"": 9.0, ""end"": 12.0, ""confidence"": 0.94}, {""speaker"": 1, ""text"": ""Nou, ik vind mijn werk echt wel leuk. Ik heb een uitdagende functie en... ja, dat geeft me veel energie."", ""start"": 12.5, ""end"": 17.0, ""confidence"": 0.92}, {""speaker"": 0, ""text"": ""Klinkt goed! En hoe gaat het dan met de balans tussen je werk en priv\u00e9leven?"", ""start"": 17.5, ""end"": 20.5, ""confidence"": 0.91}, {""speaker"": 1, ""text"": ""Ja, dat is wel een dingetje. Aan de ene kant... ik geniet echt van wat ik doe."", ""start"": 21.0, ""end"": 25.0, ""confidence"": 0.9}, {""speaker"": 1, ""text"": ""Maar aan de andere kant, merk ik dat het soms ook erg... belastend kan zijn."", ""start"": 25.5, ""end"": 30.0, ""confidence"": 0.88}, {""speaker"": 0, ""text"": ""Wat bedoel je precies met belastend?"", ""start"": 30.5, ""end"": 32.5, ""confidence"": 0.93}, {""speaker"": 1, ""text"": ""Nou, ik werk vaak lange uren en soms... dan voel ik me schuldig als ik niet thuis ben voor mijn gezin."", ""start"": 33.0, ""end"": 38.0, ""confidence"": 0.89}, {""speaker"": 0, ""text"": ""Dat kan ik me voorstellen. Hoe probeer je dat dan te combineren?"", ""start"": 38.5, ""end"": 41.5, ""confidence"": 0.9}, {""speaker"": 1, ""text"": ""Ik doe mijn best om... tijd vrij te maken, maar het is niet altijd gemakkelijk. Soms heb ik het gevoel dat ik tekortschiet."", ""start"": 42.0, ""end"": 47.0, ""confidence"": 0.87}, {""speaker"": 0, ""text"": ""Dat klinkt lastig. Heb je het gevoel dat je werk daar ook invloed op heeft?"", ""start"": 47.5, ""end"": 50.5, ""confidence"": 0.91}, {""speaker"": 1, ""text"": ""Ja, absoluut. Mijn werk is soms zo veeleisend en dan... dan vergeet ik bijna om even op adem te komen."", ""start"": 51.0, ""end"": 56.0, ""confidence"": 0.88}, {""speaker"": 0, ""text"": ""Heb je daar al oplossingen voor gevonden?"", ""start"": 56.5, ""end"": 58.5, ""confidence"": 0.92}, {""speaker"": 1, ""text"": ""Ik probeer... echt bewuster om te gaan met mijn tijd. Maar dat is... het is gewoon moeilijk, weet je?"", ""start"": 59.0, ""end"": 63.0, ""confidence"": 0.86}, {""speaker"": 0, ""text"": ""Ja, dat kan ik me voorstellen. Wat zou er volgens jou moeten veranderen?"", ""start"": 63.5, ""end"": 66.5, ""confidence"": 0.91}, {""speaker"": 1, ""text"": ""Misschien meer flexibiliteit van mijn werkgever? Ik denk dat het soms ook aan de cultuur ligt, h\u00e8."", ""start"": 67.0, ""end"": 71.0, ""confidence"": 0.89}, {""speaker"": 0, ""text"": ""Ik snap wat je bedoelt. Denk je dat dat kan helpen?"", ""start"": 71.5, ""end"": 73.5, ""confidence"": 0.9}, {""speaker"": 1, ""text"": ""Ja, ik denk het. Maar tegelijkertijd... heb ik ook het gevoel dat ik meer moet doen om het voor mezelf ook beter te maken."", ""start"": 74.0, ""end"": 79.0, ""confidence"": 0.87}, {""speaker"": 0, ""text"": ""Dat klinkt als een goede aanpak. Bedankt voor je openhartigheid vandaag."", ""start"": 79.5, ""end"": 82.5, ""confidence"": 0.94}, {""speaker"": 1, ""text"": ""Ja, graag gedaan. Het voelt goed om hierover te praten."", ""start"": 83.0, ""end"": 86.0, ""confidence"": 0.92}]}}}}"
c1d563f1-8efc-4bc0-8ce2-88865dacbe7d,4cf59f89-f0bc-4d8c-9516-9c238fa1f934,nl,true,"{""body"": {""payload"": {""transcription"": {""utterances"": [{""speaker"": 0, ""text"": ""Hallo, bedankt dat je de tijd hebt genomen voor dit interview over prestatiebeoordeling."", ""start"": 0.0, ""end"": 5.0, ""confidence"": 0.95}, {""speaker"": 1, ""text"": ""Ja, geen probleem! Ik vind het eigenlijk wel een belangrijk onderwerp."", ""start"": 5.1, ""end"": 9.0, ""confidence"": 0.93}, {""speaker"": 0, ""text"": ""Wat vind je zelf de grootste uitdaging bij prestatiebeoordelingen?"", ""start"": 9.1, ""end"": 13.0, ""confidence"": 0.94}, {""speaker"": 1, ""text"": ""Hm, ik denk dat het vooral is dat het vaak, eh, erg subjectief is. Je moet echt opletten, want, eh, iedereen heeft zijn eigen normen."", ""start"": 13.1, ""end"": 20.0, ""confidence"": 0.9}, {""speaker"": 0, ""text"": ""Dus je vindt dat het beoordelingsproces niet altijd eerlijk is?"", ""start"": 20.1, ""end"": 23.0, ""confidence"": 0.92}, {""speaker"": 1, ""text"": ""Ja, precies! Ik bedoel, als je kijkt naar, eh, hoe verschillende leidinggevenden, zoals Lisa en Mark, het doen, dan zie je gewoon dat het, ja, verschilt."", ""start"": 23.1, ""end"": 29.0, ""confidence"": 0.91}, {""speaker"": 0, ""text"": ""Heb je daar voorbeelden van?"", ""start"": 29.1, ""end"": 31.0, ""confidence"": 0.97}, {""speaker"": 1, ""text"": ""Zeker! Bij Lisa is het heel, eh, op cijfers gericht, terwijl Mark meer kijkt naar de, uh, persoonlijke groei van iemand."", ""start"": 31.1, ""end"": 37.0, ""confidence"": 0.89}, {""speaker"": 0, ""text"": ""Dat maakt het lastig om consistentie te krijgen."", ""start"": 37.1, ""end"": 40.0, ""confidence"": 0.96}, {""speaker"": 1, ""text"": ""Ja, precies! En dat be\u00efnvloedt, eh, ook hoe mensen zich voelen over hun prestaties. Je wilt wel feedback krijgen die je verder helpt."", ""start"": 40.1, ""end"": 46.0, ""confidence"": 0.9}, {""speaker"": 0, ""text"": ""En hoe ontvang je zelf feedback? Voel je je daar comfortabel bij?"", ""start"": 46.1, ""end"": 50.0, ""confidence"": 0.93}, {""speaker"": 1, ""text"": ""Nou, dat hangt er een beetje van af. Bij sommige gesprekken voel ik me, eh, best wel gespannen. Omdat ik niet altijd weet wat ik kan verwachten."", ""start"": 50.1, ""end"": 57.0, ""confidence"": 0.88}, {""speaker"": 0, ""text"": ""Dat is begrijpelijk. Heb je idee\u00ebn over hoe die gesprekken verbeterd kunnen worden?"", ""start"": 57.1, ""end"": 60.0, ""confidence"": 0.94}, {""speaker"": 1, ""text"": ""Ja, ik denk dat het belangrijk is dat, eh, feedback constructief is. Misschien zelfs meer als een gesprek dan een beoordeling."", ""start"": 60.1, ""end"": 66.0, ""confidence"": 0.89}, {""speaker"": 0, ""text"": ""Dus je zou graag meer focus op dialogen willen zien."", ""start"": 66.1, ""end"": 68.0, ""confidence"": 0.92}, {""speaker"": 1, ""text"": ""Precies! Gewoon een open gesprek, zodat je je ook vrij voelt om te zeggen wat je denkt."", ""start"": 68.1, ""end"": 72.0, ""confidence"": 0.9}, {""speaker"": 0, ""text"": ""En hoe denk je dat collega's, zoals Anna, hierover denken?"", ""start"": 72.1, ""end"": 75.0, ""confidence"": 0.91}, {""speaker"": 1, ""text"": ""Ik denk dat zij er ook wel zo over denkt. Ze heeft vaak het idee dat het eerlijker moet. De feedback komt niet altijd overeen met wat ze zelf ervaart."", ""start"": 75.1, ""end"": 81.0, ""confidence"": 0.85}, {""speaker"": 0, ""text"": ""Dat lijkt een veelvoorkomend thema te zijn. Heb je nog verdere gedachten hierover?"", ""start"": 81.1, ""end"": 84.0, ""confidence"": 0.92}, {""speaker"": 1, ""text"": ""Ja, ik denk dat er meer training voor leidinggevenden nodig is. Zodat ze beter leren geven en ook ontvangen van feedback."", ""start"": 84.1, ""end"": 90.0, ""confidence"": 0.87}, {""speaker"": 0, ""text"": ""Dat is een goed punt. Bedankt voor je inzicht!"", ""start"": 90.1, ""end"": 93.0, ""confidence"": 0.95}, {""speaker"": 1, ""text"": ""Graag gedaan! Ik hoop dat mijn opmerkingen helpen."", ""start"": 93.1, ""end"": 96.0, ""confidence"": 0.92}]}}}}"
f29984aa-00c9-4704-846b-a610f376a710,6b74b838-bd51-4f6b-a0e2-eb782d310ebe,nl,true,"{""body"": {""payload"": {""transcription"": {""utterances"": [{""speaker"": 0, ""text"": ""Hallo, bedankt dat je de tijd neemt voor dit interview. Laten we beginnen."", ""start"": 0.0, ""end"": 5.0, ""confidence"": 0.95}, {""speaker"": 1, ""text"": ""Geen probleem, ik vind het wel leuk om hierover te praten."", ""start"": 5.1, ""end"": 9.0, ""confidence"": 0.93}, {""speaker"": 0, ""text"": ""Super! Kun je me vertellen wat jouw loopbaandoelen zijn op dit moment?"", ""start"": 9.1, ""end"": 13.0, ""confidence"": 0.94}, {""speaker"": 1, ""text"": ""Ja, ik heb eigenlijk een paar doelen. Ten eerste wil ik... um, ik wil me verder ontwikkelen in mijn vakgebied."", ""start"": 13.1, ""end"": 19.0, ""confidence"": 0.89}, {""speaker"": 0, ""text"": ""Dat klinkt interessant! Wat voor ontwikkeling heb je in gedachten?"", ""start"": 19.1, ""end"": 22.0, ""confidence"": 0.92}, {""speaker"": 1, ""text"": ""Nou, ik denk aan cursussen, bijvoorbeeld iets met... eh, data-analyse of projectmanagement. Dat lijkt me echt nuttig."", ""start"": 22.1, ""end"": 28.0, ""confidence"": 0.88}, {""speaker"": 0, ""text"": ""Klinkt goed! Waarom zijn die specifieke gebieden voor jou belangrijk?"", ""start"": 28.1, ""end"": 31.0, ""confidence"": 0.91}, {""speaker"": 1, ""text"": ""Omdat ik merk dat steeds meer projecten... eh, dat ze data-gedreven zijn. En ik wil echt niet achterblijven."", ""start"": 31.1, ""end"": 36.0, ""confidence"": 0.87}, {""speaker"": 0, ""text"": ""Ik snap het. En hoe denk je dat deze vaardigheden jouw carri\u00e8re kunnen be\u00efnvloeden?"", ""start"": 36.1, ""end"": 40.0, ""confidence"": 0.9}, {""speaker"": 1, ""text"": ""Nou, ik denk dat het me kan helpen om... um, misschien naar een hogere functie te groeien of meer verantwoordelijkheden te krijgen."", ""start"": 40.1, ""end"": 46.0, ""confidence"": 0.85}, {""speaker"": 0, ""text"": ""Dat klinkt als een goed plan. Heb je al stappen ondernomen om die vaardigheden te ontwikkelen?"", ""start"": 46.1, ""end"": 50.0, ""confidence"": 0.92}, {""speaker"": 1, ""text"": ""Ja, ik heb me ingeschreven voor een online cursus en ik probeer ook... eh, wat meer met collega's samen te werken aan projecten."", ""start"": 50.1, ""end"": 56.0, ""confidence"": 0.9}, {""speaker"": 0, ""text"": ""Dat is goed om te horen! Hoe voel je je over die samenwerking?"", ""start"": 56.1, ""end"": 59.0, ""confidence"": 0.91}, {""speaker"": 1, ""text"": ""Ik vind het heel... eh, stimulerend, eigenlijk. Het helpt me om nieuwe idee\u00ebn op te doen."", ""start"": 59.1, ""end"": 63.0, ""confidence"": 0.88}, {""speaker"": 0, ""text"": ""Heb je specifieke voorbeelden van projecten waar je aan hebt gewerkt?"", ""start"": 63.1, ""end"": 66.0, ""confidence"": 0.92}, {""speaker"": 1, ""text"": ""Ja, ik werkte onlangs aan een project over klantdata-analyse. Het was... nou ja, best uitdagend maar ook leuk!"", ""start"": 66.1, ""end"": 72.0, ""confidence"": 0.89}, {""speaker"": 0, ""text"": ""Klinkt als een waardevolle ervaring. Denk je dat dit je loopbaandoelen heeft be\u00efnvloed?"", ""start"": 72.1, ""end"": 76.0, ""confidence"": 0.9}, {""speaker"": 1, ""text"": ""Zeker! Het heeft me laten zien dat ik meer wil doen met data en... eh, dat ik daar ook echt in wil groeien."", ""start"": 76.1, ""end"": 82.0, ""confidence"": 0.91}, {""speaker"": 0, ""text"": ""Dat is geweldig om te horen. Heb je nog andere doelen naast deze?"", ""start"": 82.1, ""end"": 85.0, ""confidence"": 0.93}, {""speaker"": 1, ""text"": ""Ja, ik zou ook graag meer leiderschapskwaliteiten willen ontwikkelen, zoals... eh, teammanagement en communicatie."", ""start"": 85.1, ""end"": 91.0, ""confidence"": 0.9}, {""speaker"": 0, ""text"": ""Dat klinkt als een fantastisch doel. Wat denk je dat je nodig hebt om dat te bereiken?"", ""start"": 91.1, ""end"": 96.0, ""confidence"": 0.94}, {""speaker"": 1, ""text"": ""Misschien coaching of een mentor, en... eh, meer praktijkervaring zou ook helpen."", ""start"": 96.1, ""end"": 101.0, ""confidence"": 0.88}]}}}}"
19e807b6-4865-4d40-bb70-57b4385244ec,4cf59f89-f0bc-4d8c-9516-9c238fa1f934,nl,true,"{""body"": {""payload"": {""transcription"": {""utterances"": [{""speaker"": 0, ""text"": ""Hallo, fijn dat je de tijd neemt voor dit gesprek."", ""start"": 0.0, ""end"": 3.2, ""confidence"": 0.95}, {""speaker"": 1, ""text"": ""Ja, natuurlijk! Geen probleem."", ""start"": 3.3, ""end"": 5.1, ""confidence"": 0.93}, {""speaker"": 0, ""text"": ""Kun je me iets vertellen over hoe jij de teamdynamiek binnen jouw team ervaart?"", ""start"": 5.2, ""end"": 9.0, ""confidence"": 0.94}, {""speaker"": 1, ""text"": ""Nou, ik denk dat het best goed gaat. We hebben allemaal verschillende... ehm, sterktepunten."", ""start"": 9.1, ""end"": 13.0, ""confidence"": 0.92}, {""speaker"": 1, ""text"": ""Sommigen zijn beter in communicatie, anderen meer in het, eh, technische aspect."", ""start"": 13.1, ""end"": 16.5, ""confidence"": 0.91}, {""speaker"": 0, ""text"": ""Dat klinkt positief. Heb je het idee dat die verschillen ook voor spanningen kunnen zorgen?"", ""start"": 16.6, ""end"": 20.0, ""confidence"": 0.96}, {""speaker"": 1, ""text"": ""Ja, dat kan soms... eh, gebeuren. Bijvoorbeeld als iemand niet de juiste... eh, feedback geeft."", ""start"": 20.1, ""end"": 24.2, ""confidence"": 0.9}, {""speaker"": 0, ""text"": ""Hoe ga je daar meestal mee om?"", ""start"": 24.3, ""end"": 26.5, ""confidence"": 0.95}, {""speaker"": 1, ""text"": ""Ik probeer altijd open te blijven en... eh, met die persoon in gesprek te gaan."", ""start"": 26.6, ""end"": 30.0, ""confidence"": 0.91}, {""speaker"": 1, ""text"": ""Soms helpt het ook om samen een brainstormsessie te houden."", ""start"": 30.1, ""end"": 33.0, ""confidence"": 0.93}, {""speaker"": 0, ""text"": ""Dat klinkt als een goede strategie. Heb je een voorbeeld waar dat echt goed heeft gewerkt?"", ""start"": 33.1, ""end"": 37.0, ""confidence"": 0.97}, {""speaker"": 1, ""text"": ""Ik herinner me het niet precies, maar er was een project waarbij we... eh, echt tegen een muur opliepen."", ""start"": 37.1, ""end"": 40.5, ""confidence"": 0.89}, {""speaker"": 1, ""text"": ""Daarna hebben we een sessie gedaan en toen kwamen er nieuwe idee\u00ebn."", ""start"": 40.6, ""end"": 43.0, ""confidence"": 0.93}, {""speaker"": 0, ""text"": ""Fijn om te horen! Denk je dat er ook momenten zijn geweest waarop de teamdynamiek \u00e9cht heel goed was?"", ""start"": 43.1, ""end"": 47.0, ""confidence"": 0.95}, {""speaker"": 1, ""text"": ""Ja, zeker! Tijdens een teambuilding activiteit... eh, was iedereen echt betrokken en enthousiast."", ""start"": 47.1, ""end"": 51.0, ""confidence"": 0.92}, {""speaker"": 1, ""text"": ""Het hielp ons om elkaar beter te begrijpen."", ""start"": 51.1, ""end"": 53.5, ""confidence"": 0.94}, {""speaker"": 0, ""text"": ""En hoe voel je je over de rol van de teamleider in dit alles?"", ""start"": 53.6, ""end"": 56.0, ""confidence"": 0.96}, {""speaker"": 1, ""text"": ""Ik vind dat de teamleider echt een belangrijke rol speelt, maar ik weet het niet zeker... weet je."", ""start"": 56.1, ""end"": 59.5, ""confidence"": 0.87}, {""speaker"": 1, ""text"": ""Soms voelt het alsof zij de balans moeten bewaren tussen de verschillende persoonlijkheden."", ""start"": 59.6, ""end"": 63.0, ""confidence"": 0.92}, {""speaker"": 0, ""text"": ""Dat klinkt als een lastige taak. Heb je tips voor iemand die in die rol zit?"", ""start"": 63.1, ""end"": 66.0, ""confidence"": 0.94}, {""speaker"": 1, ""text"": ""Ja, ze moeten vooral goed luisteren en... eh, willen begrijpen. Dat is volgens mij cruciaal."", ""start"": 66.1, ""end"": 69.0, ""confidence"": 0.93}, {""speaker"": 0, ""text"": ""Dank je wel voor je inzichten! Dit was echt waardevol."", ""start"": 69.1, ""end"": 72.0, ""confidence"": 0.95}, {""speaker"": 1, ""text"": ""Graag gedaan! Ik hoop dat het helpt."", ""start"": 72.1, ""end"": 74.0, ""confidence"": 0.94}]}}}}"
0ab10361-9e95-4f4f-920e-b7893a0e4c2a,6b74b838-bd51-4f6b-a0e2-eb782d310ebe,nl,true,"{""body"": {""payload"": {""transcription"": {""utterances"": [{""speaker"": 0, ""text"": ""Hallo, bedankt dat je hier bent vandaag. Kun je beginnen met jezelf voor te stellen?"", ""start"": 0.0, ""end"": 6.5, ""confidence"": 0.95}, {""speaker"": 1, ""text"": ""Ja, natuurlijk! Ik ben Lisa, ik werk al vijf jaar in een marketingteam. Mijn rol is vooral gericht op communicatie en strategie."", ""start"": 6.6, ""end"": 13.2, ""confidence"": 0.94}, {""speaker"": 0, ""text"": ""Dank je, Lisa. Heb je wel eens een conflict meegemaakt op je werk?"", ""start"": 13.3, ""end"": 17.0, ""confidence"": 0.96}, {""speaker"": 1, ""text"": ""Ja, zeker. Er was een keer een groot misverstand tussen mij en een collega over een projectdeadline. Het werd echt uit de hand gelopen."", ""start"": 17.1, ""end"": 25.0, ""confidence"": 0.92}, {""speaker"": 0, ""text"": ""Kun je daar iets meer over vertellen? Wat gebeurde er precies?"", ""start"": 25.1, ""end"": 30.0, ""confidence"": 0.97}, {""speaker"": 1, ""text"": ""Nou, ik dacht dat de deadline eind van de maand was, maar mijn collega dacht dat het veel eerder was. Er ontstond verwarring en... ja, iets wat we niet hadden verwacht."", ""start"": 30.1, ""end"": 39.0, ""confidence"": 0.93}, {""speaker"": 0, ""text"": ""Dat klinkt echt vervelend. Hoe hebben jullie dat uiteindelijk opgelost?"", ""start"": 39.1, ""end"": 43.5, ""confidence"": 0.95}, {""speaker"": 1, ""text"": ""Uiteindelijk hebben we een meeting ingepland. We hebben onze standpunten besproken en... dat hielp echt om dingen op te klaren."", ""start"": 43.6, ""end"": 51.2, ""confidence"": 0.94}, {""speaker"": 0, ""text"": ""Dus communicatie was de sleutel? Wat heb je daaruit geleerd?"", ""start"": 51.3, ""end"": 56.0, ""confidence"": 0.92}, {""speaker"": 1, ""text"": ""Ja, zeker. Ik denk dat het belangrijk is om veel duidelijker te zijn met deadlines en... misschien vaker check-ins te doen."", ""start"": 56.1, ""end"": 63.0, ""confidence"": 0.93}, {""speaker"": 0, ""text"": ""Dat klinkt als een goede aanpak. Heb je dat sindsdien toegepast in andere situaties?"", ""start"": 63.1, ""end"": 67.5, ""confidence"": 0.96}, {""speaker"": 1, ""text"": ""Ja, absoluut! Ik probeer nu altijd een kort overleg te hebben als we aan een nieuw project beginnen, gewoon om ervoor te zorgen dat iedereen op dezelfde lijn zit."", ""start"": 67.6, ""end"": 75.0, ""confidence"": 0.95}, {""speaker"": 0, ""text"": ""Dat klinkt heel slim. Heb je ooit een situatie meegemaakt waarin het niet goed ging?"", ""start"": 75.1, ""end"": 80.0, ""confidence"": 0.94}, {""speaker"": 1, ""text"": ""Ja, er was een keer dat iemand zich niet gehoord voelde. Uiteindelijk leidde dat tot nog meer onenigheid en dat was echt frustrerend."", ""start"": 80.1, ""end"": 88.0, ""confidence"": 0.92}, {""speaker"": 0, ""text"": ""Hoe heb je dat aangepakt?"", ""start"": 88.1, ""end"": 90.0, ""confidence"": 0.96}, {""speaker"": 1, ""text"": ""Ik heb geprobeerd om de persoon apart te spreken en te luisteren naar hun zorgen, wat hielp om de situatie een beetje te verzachten."", ""start"": 90.1, ""end"": 98.0, ""confidence"": 0.93}, {""speaker"": 0, ""text"": ""Dat is een goede aanpak, luisteren is zo belangrijk. Wat zou je andere mensen aanraden als ze met conflicten te maken krijgen?"", ""start"": 98.1, ""end"": 104.0, ""confidence"": 0.95}, {""speaker"": 1, ""text"": ""Ik denk dat open communicatie en begrip echt essentieel zijn. Soms moet je gewoon wat tijd nemen om te begrijpen waar de andere persoon vandaan komt."", ""start"": 104.1, ""end"": 112.0, ""confidence"": 0.94}]}}}}"
153dcbe0-24e4-42cd-ba78-4b28c9f4f7a3,b0d46c72-5527-4cec-8474-868d1da0eb55,nl,true,"{""body"": {""payload"": {""transcription"": {""utterances"": [{""speaker"": 0, ""text"": ""Hallo en bedankt dat je hier bent vandaag. Kun je beginnen met vertellen hoe jij het thuiswerken ervaart?"", ""start"": 0.0, ""end"": 6.5, ""confidence"": 0.95}, {""speaker"": 1, ""text"": ""Ja, natuurlijk! Ik vind het eigenlijk best wel fijn. In het begin was het even wennen, maar nu... ja, ik voel me er echt comfortabel bij."", ""start"": 6.6, ""end"": 13.0, ""confidence"": 0.94}, {""speaker"": 0, ""text"": ""Wat zijn volgens jou de grootste voordelen van thuiswerken?"", ""start"": 13.1, ""end"": 15.5, ""confidence"": 0.93}, {""speaker"": 1, ""text"": ""Nou, voor mij is het vooral de flexibiliteit. Ik kan mijn dag zelf indelen, en dat... ja, dat is echt fijn. Ik kan ook makkelijker dingen doen zoals, nou ja, huishoudelijke taken."", ""start"": 15.6, ""end"": 23.0, ""confidence"": 0.92}, {""speaker"": 0, ""text"": ""Dat klinkt goed. Maar zijn er ook nadelen geweest? Dingen die je moeilijk vond?"", ""start"": 23.1, ""end"": 27.0, ""confidence"": 0.91}, {""speaker"": 1, ""text"": ""Ja, zeker. Soms mis ik het persoonlijke contact met collega's. Het is anders als je gewoon even met iemand kunt praten, weet je?"", ""start"": 27.1, ""end"": 34.5, ""confidence"": 0.9}, {""speaker"": 0, ""text"": ""Ja, dat begrijp ik. Heb je manieren gevonden om dat contact wel te behouden?"", ""start"": 34.6, ""end"": 37.5, ""confidence"": 0.89}, {""speaker"": 1, ""text"": ""Ja, we hebben regelmatig videovergaderingen. Dat helpt wel een beetje. Maar het is niet helemaal hetzelfde, natuurlijk. Ik merk dat ik ook meer tijd besteed aan chats en zo."", ""start"": 37.6, ""end"": 45.0, ""confidence"": 0.92}, {""speaker"": 0, ""text"": ""Zou je zeggen dat je productiviteit is veranderd sinds je thuiswerkt?"", ""start"": 45.1, ""end"": 48.0, ""confidence"": 0.9}, {""speaker"": 1, ""text"": ""Ja, ik denk het wel. Aan de ene kant ben ik soms productiever omdat ik minder afleidingen heb van collega's. Maar aan de andere kant, momenten van afleiding thuis kunnen ook meer voorkomen, zoals, uh, bijvoorbeeld als je iets in huis moet doen."", ""start"": 48.1, ""end"": 56.0, ""confidence"": 0.91}, {""speaker"": 0, ""text"": ""Dat is een interessante balans. Heb je tips voor andere werknemers die ook thuiswerken?"", ""start"": 56.1, ""end"": 59.0, ""confidence"": 0.92}, {""speaker"": 1, ""text"": ""Zeker! Probeer een routine aan te houden. Dat helpt echt. En, uh, zorg voor een aparte werkplek als dat kan. Het maakt het makkelijker om in de 'werkmodus' te komen."", ""start"": 59.1, ""end"": 66.5, ""confidence"": 0.93}, {""speaker"": 0, ""text"": ""Dat klinkt als waardevolle adviezen. En hoe zit het met je werk-priv\u00e9balans?"", ""start"": 66.6, ""end"": 69.5, ""confidence"": 0.89}, {""speaker"": 1, ""text"": ""Ja, dat is soms een uitdaging. Je raakt soms zo in de flow dat je vergeten om op tijd te stoppen. Maar ik probeer ook echt tijd voor mezelf in te plannen."", ""start"": 69.6, ""end"": 77.0, ""confidence"": 0.9}, {""speaker"": 0, ""text"": ""Dat is goed om te horen. Zijn er nog dingen die je zou willen verbeteren in je huidige werkomgeving?"", ""start"": 77.1, ""end"": 80.0, ""confidence"": 0.91}, {""speaker"": 1, ""text"": ""Ja, ik zou graag meer teamactiviteiten zien, zelfs digitaal. Gewoon wat meer sociale interactie, dat zou helpen om die verbinding met collega's te behouden."", ""start"": 80.1, ""end"": 87.0, ""confidence"": 0.92}, {""speaker"": 0, ""text"": ""Een hele goede opmerking. Bedankt voor je tijd en je inzichten vandaag. Heel waardevol!"", ""start"": 87.1, ""end"": 90.0, ""confidence"": 0.93}]}}}}"
ab256fad-8bad-496b-8415-a20c6e7b2416,6b74b838-bd51-4f6b-a0e2-eb782d310ebe,nl,true,"{""body"": {""payload"": {""transcription"": {""utterances"": [{""speaker"": 0, ""text"": ""Hallo, bedankt dat je de tijd neemt voor dit interview. Laten we beginnen met je salarisverwachtingen. Wat zijn die voor je?"", ""start"": 0.0, ""end"": 8.5, ""confidence"": 0.95}, {""speaker"": 1, ""text"": ""Ja, natuurlijk! Ik denk dat mijn salarisverwachting ligt tussen de, nou ja, 3000 en 3500 euro per maand."", ""start"": 8.6, ""end"": 15.5, ""confidence"": 0.93}, {""speaker"": 0, ""text"": ""Dat is een breed bereik. Wat heeft je geleid tot die verwachting?"", ""start"": 15.6, ""end"": 21.0, ""confidence"": 0.92}, {""speaker"": 1, ""text"": ""Nou, ik heb een paar jaar ervaring in mijn vakgebied en ik heb wat onderzoek gedaan naar de branche om te kijken wat gebruikelijk is."", ""start"": 21.1, ""end"": 27.5, ""confidence"": 0.94}, {""speaker"": 0, ""text"": ""Dat klinkt logisch. Heb je ook specifieke bedrijven in gedachten die je salarisverwachting kunnen be\u00efnvloeden?"", ""start"": 27.6, ""end"": 33.5, ""confidence"": 0.91}, {""speaker"": 1, ""text"": ""Ja, zeker! Ik ben vooral ge\u00efnteresseerd in werken bij grotere bedrijven, omdat die vaak betere salarissen en secundaire arbeidsvoorwaarden bieden."", ""start"": 33.6, ""end"": 41.0, ""confidence"": 0.95}, {""speaker"": 0, ""text"": ""Interessant! En hoe belangrijk zijn secundaire arbeidsvoorwaarden voor jou?"", ""start"": 41.1, ""end"": 46.0, ""confidence"": 0.94}, {""speaker"": 1, ""text"": ""Heel belangrijk, denk ik. Dingen zoals pensioen, vakantiedagen en flexibiliteit zijn echt cruciaal voor mijn keus."", ""start"": 46.1, ""end"": 52.5, ""confidence"": 0.96}, {""speaker"": 0, ""text"": ""Dus, je kijkt niet alleen naar het salaris zelf, maar naar het totaalpakket?"", ""start"": 52.6, ""end"": 56.0, ""confidence"": 0.93}, {""speaker"": 1, ""text"": ""Ja, precies. Het gaat om de balans. Een iets lager salaris kan prima zijn als de voordelen goed zijn."", ""start"": 56.1, ""end"": 63.0, ""confidence"": 0.94}, {""speaker"": 0, ""text"": ""Snap ik. Heb je al onderhandeld over salaris in vorige functies?"", ""start"": 63.1, ""end"": 66.5, ""confidence"": 0.92}, {""speaker"": 1, ""text"": ""Ja, dat heb ik gedaan. Ik had geluk dat ik in een sterke onderhandelingspositie zat, dus ik kreeg vaak wat ik vroeg."", ""start"": 66.6, ""end"": 73.0, ""confidence"": 0.95}, {""speaker"": 0, ""text"": ""Wat zijn enkele technieken die je gebruikt hebt bij het onderhandelen?"", ""start"": 73.1, ""end"": 76.5, ""confidence"": 0.91}, {""speaker"": 1, ""text"": ""Ik probeer altijd mijn waarde te benadrukken. Het helpt ook om marktonderzoek te doen, zodat je weet wat je waard bent."", ""start"": 76.6, ""end"": 83.2, ""confidence"": 0.94}, {""speaker"": 0, ""text"": ""Dat klinkt als een slimme aanpak. Heb je ooit een aanbod afgewezen vanwege het salaris?"", ""start"": 83.3, ""end"": 86.5, ""confidence"": 0.92}, {""speaker"": 1, ""text"": ""Ja, dat heb ik. Het was een moeilijke beslissing, maar het salaris was gewoon te laag voor de verantwoordelijkheden die ik zou hebben."", ""start"": 86.6, ""end"": 93.0, ""confidence"": 0.93}, {""speaker"": 0, ""text"": ""Daar kan ik me iets bij voorstellen. Wat zou je zeggen dat je grootste invloed is op je salarisverwachtingen?"", ""start"": 93.1, ""end"": 99.0, ""confidence"": 0.91}, {""speaker"": 1, ""text"": ""Ik denk dat het vooral mijn ervaring en de trends in de industrie zijn. Ook wat vrienden en collega's verdienen speelt een rol."", ""start"": 99.1, ""end"": 104.0, ""confidence"": 0.95}, {""speaker"": 0, ""text"": ""Dat is een goed punt. Tot slot, heb je advies voor anderen die hun salarisverwachtingen willen bepalen?"", ""start"": 104.1, ""end"": 108.5, ""confidence"": 0.94}, {""speaker"": 1, ""text"": ""Zeker! Doe je huiswerk, praat met mensen in je netwerk en wees niet bang om te onderhandelen. Het is belangrijk om voor jezelf op te komen."", ""start"": 108.6, ""end"": 115.0, ""confidence"": 0.96}]}}}}"
22dd3db5-400d-40ae-843a-7883f0a826ed,4cf59f89-f0bc-4d8c-9516-9c238fa1f934,nl,true,"{""body"": {""payload"": {""transcription"": {""utterances"": [{""speaker"": 0, ""text"": ""Hallo, bedankt dat je de tijd neemt voor dit interview. Hoe gaat het met je?"", ""start"": 0.0, ""end"": 5.0, ""confidence"": 0.95}, {""speaker"": 1, ""text"": ""Hey, geen probleem! Het gaat wel goed, dank je. En met jou?"", ""start"": 5.1, ""end"": 9.0, ""confidence"": 0.94}, {""speaker"": 0, ""text"": ""Ja, ook goed, bedankt! Laten we het hebben over de bedrijfscultuur. Hoe zou jij die beschrijven?"", ""start"": 9.1, ""end"": 15.0, ""confidence"": 0.93}, {""speaker"": 1, ""text"": ""Hmm, de bedrijfscultuur... Het is eigenlijk best open en informeel. We hebben veel... eh, vrijheid om dingen op onze eigen manier te doen."", ""start"": 15.1, ""end"": 24.0, ""confidence"": 0.92}, {""speaker"": 0, ""text"": ""Dat klinkt goed! Kun je daar misschien een voorbeeld van geven?"", ""start"": 24.1, ""end"": 28.0, ""confidence"": 0.91}, {""speaker"": 1, ""text"": ""Zeker! Vorige week hadden we bijvoorbeeld een brainstormsessie, en iedereen mocht echt... eh, zijn idee\u00ebn inbrengen zonder angst dat het gek zou zijn."", ""start"": 28.1, ""end"": 37.0, ""confidence"": 0.9}, {""speaker"": 0, ""text"": ""Dat klinkt als een fijne sfeer. Voel je je ook ondersteund door je collega's?"", ""start"": 37.1, ""end"": 42.0, ""confidence"": 0.92}, {""speaker"": 1, ""text"": ""Ja, absoluut! Ik werk veel samen met Lisa en Mark, en het is echt fijn dat we elkaar kunnen helpen en feedback kunnen geven."", ""start"": 42.1, ""end"": 51.0, ""confidence"": 0.94}, {""speaker"": 0, ""text"": ""Geweldig om te horen. Denk je dat er nog verbeterpunten zijn in de cultuur?"", ""start"": 51.1, ""end"": 55.0, ""confidence"": 0.89}, {""speaker"": 1, ""text"": ""Hmm, misschien in communicatie. Soms gaat er iets mis, en dan... eh, duurt het even voordat iedereen op \u00e9\u00e9n lijn zit."", ""start"": 55.1, ""end"": 65.0, ""confidence"": 0.88}, {""speaker"": 0, ""text"": ""Dat begrijp ik. Heb je idee\u00ebn over hoe dat beter kan?"", ""start"": 65.1, ""end"": 68.0, ""confidence"": 0.9}, {""speaker"": 1, ""text"": ""Ja, misschien meer regelmatige check-ins of iets als een, eh, teamoverleg? Gewoon om iedereen bij te praten."", ""start"": 68.1, ""end"": 78.0, ""confidence"": 0.91}, {""speaker"": 0, ""text"": ""Dat klinkt als een goed idee. Hoe denk je dat de cultuur de motivatie van iedereen be\u00efnvloedt?"", ""start"": 78.1, ""end"": 83.0, ""confidence"": 0.92}, {""speaker"": 1, ""text"": ""Ik denk echt dat een positieve cultuur de motivatie verhoogt. Mensen voelen zich meer betrokken en, eh, willen echt hun best doen."", ""start"": 83.1, ""end"": 92.0, ""confidence"": 0.93}, {""speaker"": 0, ""text"": ""Dat is een mooi inzicht. Is er iets dat je zou willen veranderen aan de huidige cultuur?"", ""start"": 92.1, ""end"": 96.0, ""confidence"": 0.89}, {""speaker"": 1, ""text"": ""Hmm, misschien wat meer erkenning voor individuele prestaties. Soms voelt het alsof het werk van mensen niet echt opvalt."", ""start"": 96.1, ""end"": 106.0, ""confidence"": 0.9}, {""speaker"": 0, ""text"": ""Dat klinkt als een waardevol punt. Tot slot, wat vind je het leukst aan de bedrijfscultuur hier?"", ""start"": 106.1, ""end"": 112.0, ""confidence"": 0.94}, {""speaker"": 1, ""text"": ""Ik vind de collegialiteit het leukst! We hebben echt een teamgevoel, dat helpt enorm bij de samenwerking."", ""start"": 112.1, ""end"": 119.0, ""confidence"": 0.95}, {""speaker"": 0, ""text"": ""Dat is super om te horen. Bedankt voor je tijd en jouw inzichten!"", ""start"": 119.1, ""end"": 123.0, ""confidence"": 0.93}, {""speaker"": 1, ""text"": ""Graag gedaan! Ik hoop dat mijn antwoorden helpen."", ""start"": 123.1, ""end"": 126.0, ""confidence"": 0.94}]}}}}"
9018df1d-3de3-4d98-9a68-c673f3d09ebd,b0d46c72-5527-4cec-8474-868d1da0eb55,nl,true,"{""body"": {""payload"": {""transcription"": {""utterances"": [{""speaker"": 0, ""text"": ""Goedemorgen! Dank dat je tijd voor dit gesprek vrijmaakt."", ""start"": 0.0, ""end"": 2.5, ""confidence"": 0.95}, {""speaker"": 1, ""text"": ""Goedemorgen! Geen probleem, ik vind het wel leuk om hierover te praten."", ""start"": 2.6, ""end"": 4.8, ""confidence"": 0.94}, {""speaker"": 0, ""text"": ""Fijn om te horen! Kun je me vertellen over je inwerkervaring bij ons?"", ""start"": 4.9, ""end"": 7.3, ""confidence"": 0.93}, {""speaker"": 1, ""text"": ""Ja, natuurlijk. Het begon eigenlijk heel goed. Ik kreeg een duidelijke introductie..."", ""start"": 7.4, ""end"": 10.5, ""confidence"": 0.92}, {""speaker"": 1, ""text"": ""...en de eerste paar dagen waren vooral gericht op het leren van de basiszaken."", ""start"": 10.6, ""end"": 13.0, ""confidence"": 0.91}, {""speaker"": 0, ""text"": ""Dat klinkt goed. Wat vond je het meest nuttig tijdens die eerste dagen?"", ""start"": 13.1, ""end"": 15.5, ""confidence"": 0.94}, {""speaker"": 1, ""text"": ""Eh, zeker dementoren. Ze waren echt beschikbaar voor vragen en dat hielp enorm."", ""start"": 15.6, ""end"": 18.2, ""confidence"": 0.89}, {""speaker"": 0, ""text"": ""Dat is fijn om te horen. Heb je ook uitdagingen ervaren?"", ""start"": 18.3, ""end"": 20.5, ""confidence"": 0.93}, {""speaker"": 1, ""text"": ""Ja, soms voelde ik me een beetje overweldigd door de hoeveelheid informatie."", ""start"": 20.6, ""end"": 23.1, ""confidence"": 0.9}, {""speaker"": 1, ""text"": ""Het was een beetje veel om in een keer te verwerken, weet je..."", ""start"": 23.2, ""end"": 25.5, ""confidence"": 0.88}, {""speaker"": 0, ""text"": ""Dat is begrijpelijk. Hoe ben je daar mee omgegaan?"", ""start"": 25.6, ""end"": 27.8, ""confidence"": 0.91}, {""speaker"": 1, ""text"": ""Ik heb geprobeerd om alles stap voor stap te nemen en vragen te stellen."", ""start"": 27.9, ""end"": 30.1, ""confidence"": 0.92}, {""speaker"": 1, ""text"": ""Dat heeft echt geholpen om dingen te verduidelijken."", ""start"": 30.2, ""end"": 32.1, ""confidence"": 0.93}, {""speaker"": 0, ""text"": ""Super! Heb je specifieke training of workshops gevolgd?"", ""start"": 32.2, ""end"": 34.5, ""confidence"": 0.92}, {""speaker"": 1, ""text"": ""Ja, ik heb een workshop gevolgd over communicatie binnen het team."", ""start"": 34.6, ""end"": 37.0, ""confidence"": 0.91}, {""speaker"": 1, ""text"": ""Dat was echt waardevol. We leerden veel over hoe feedback te geven."", ""start"": 37.1, ""end"": 40.0, ""confidence"": 0.93}, {""speaker"": 0, ""text"": ""Dat klinkt interessant. Hoe heeft dat je werk be\u00efnvloed?"", ""start"": 40.1, ""end"": 42.2, ""confidence"": 0.91}, {""speaker"": 1, ""text"": ""Het heeft me zeker geholpen om open te zijn naar mijn collega's. Dat is belangrijk."", ""start"": 42.3, ""end"": 45.0, ""confidence"": 0.92}, {""speaker"": 0, ""text"": ""Dat klinkt als een positieve verandering. Wat zou je nog verbeteren aan het inwerkproces?"", ""start"": 45.1, ""end"": 48.0, ""confidence"": 0.9}, {""speaker"": 1, ""text"": ""Misschien iets meer tijd voor praktische oefeningen. Dat zou leuk zijn."", ""start"": 48.1, ""end"": 50.5, ""confidence"": 0.91}, {""speaker"": 0, ""text"": ""Een goede suggestie! Heb je nog andere opmerkingen of idee\u00ebn?"", ""start"": 50.6, ""end"": 53.0, ""confidence"": 0.92}, {""speaker"": 1, ""text"": ""Hmm, niet echt... Misschien dat meer sociale interactie ook fijn zou zijn."", ""start"": 53.1, ""end"": 55.5, ""confidence"": 0.9}, {""speaker"": 0, ""text"": ""Dank je wel voor je inzichten! Dit is heel waardevol."", ""start"": 55.6, ""end"": 58.0, ""confidence"": 0.94}, {""speaker"": 1, ""text"": ""Graag gedaan! Ik hoop dat het helpt."", ""start"": 58.1, ""end"": 60.0, ""confidence"": 0.93}]}}}}"
ae973ad7-ffb9-438c-989b-6a5db33edb14,6b74b838-bd51-4f6b-a0e2-eb782d310ebe,nl,true,"{""body"": {""payload"": {""transcription"": {""utterances"": [{""speaker"": 0, ""text"": ""Hallo en bedankt dat je hier bent vandaag. Laten we beginnen met iets eenvoudigs. Hoe zou je jouw werkplezier beschrijven?"", ""start"": 0.0, ""end"": 8.5, ""confidence"": 0.95}, {""speaker"": 1, ""text"": ""Nou, ik vind mijn werk over het algemeen best leuk, maar er zijn momenten dat ik het wat minder vind. Het hangt echt af van... ja, de sfeer denk ik."", ""start"": 8.6, ""end"": 18.2, ""confidence"": 0.93}, {""speaker"": 0, ""text"": ""Interessant! Wat zou je zeggen dat je werkplezier be\u00efnvloedt? Zijn daar specifieke factoren?"", ""start"": 18.3, ""end"": 26.5, ""confidence"": 0.94}, {""speaker"": 1, ""text"": ""Zeker. Een groot deel is de samenwerking met collega's. Als die goed is, dan voel ik me echt gemotiveerd. Maar als er... hoe zeg je dat... wrijving is, dan merk ik dat ook meteen."", ""start"": 26.6, ""end"": 38.1, ""confidence"": 0.92}, {""speaker"": 0, ""text"": ""Dat klinkt logisch. En zijn er andere dingen, zoals je werkbelasting of het soort projecten waaraan je werkt?"", ""start"": 38.2, ""end"": 46.5, ""confidence"": 0.91}, {""speaker"": 1, ""text"": ""Ja, zeker. Als ik aan iets interessants werk, dan maakt de werkdruk eigenlijk niet zoveel uit. Maar als het saai is, dan is het gewoon... moeilijker om gefocust te blijven."", ""start"": 46.6, ""end"": 58.3, ""confidence"": 0.94}, {""speaker"": 0, ""text"": ""Begrijpelijk. Wat vind je dan het leukst aan de projecten waar je aan werkt?"", ""start"": 58.4, ""end"": 65.0, ""confidence"": 0.92}, {""speaker"": 1, ""text"": ""Ik vind het vooral leuk als ik mijn creativiteit erin kwijt kan. En als ik de kans krijg om nieuwe dingen te leren, dat geeft echt een boost."", ""start"": 65.1, ""end"": 74.3, ""confidence"": 0.95}, {""speaker"": 0, ""text"": ""En hoe zou je jouw ideale werkplek beschrijven? Zijn er specifieke dingen die je zou willen veranderen?"", ""start"": 74.4, ""end"": 83.0, ""confidence"": 0.94}, {""speaker"": 1, ""text"": ""Ik denk dat meer open communicatie heel belangrijk is. Nu is het soms... ik weet niet, dat mensen zich niet echt gehoord voelen. Meer feedback zou helpen."", ""start"": 83.1, ""end"": 95.0, ""confidence"": 0.91}, {""speaker"": 0, ""text"": ""Dat klinkt als een waardevolle suggestie. Heb je ook het gevoel dat je zelf bijdraagt aan die communicatie?"", ""start"": 95.1, ""end"": 103.2, ""confidence"": 0.93}, {""speaker"": 1, ""text"": ""Ja, in zekere zin. Ik probeer altijd open te zijn en mijn mening te delen. Maar soms voelt het alsof het niet echt wordt gewaardeerd."", ""start"": 103.3, ""end"": 113.5, ""confidence"": 0.92}, {""speaker"": 0, ""text"": ""Dat is jammer om te horen. Je zegt dat je je mening deelt, maar wat voor reacties krijg je doorgaans?"", ""start"": 113.6, ""end"": 121.0, ""confidence"": 0.91}, {""speaker"": 1, ""text"": ""Soms positief, maar vaak ook gewoon... stilte. Mensen lijken het niet altijd te horen, of ze zijn het er niet mee eens zonder het te zeggen."", ""start"": 121.1, ""end"": 132.2, ""confidence"": 0.94}, {""speaker"": 0, ""text"": ""Dat klinkt frustrerend. Is er iets wat je zou willen dat je leidinggevende anders zou doen?"", ""start"": 132.3, ""end"": 140.1, ""confidence"": 0.92}, {""speaker"": 1, ""text"": ""Ja, misschien meer betrokkenheid. En ook openstaan voor idee\u00ebn van het team. Het zou zoveel helpen als we meer samenwerkten."", ""start"": 140.2, ""end"": 149.0, ""confidence"": 0.93}, {""speaker"": 0, ""text"": ""Dat klinkt als een goed idee. Wat moeten we doen om dat te realiseren, denk je?"", ""start"": 149.1, ""end"": 156.5, ""confidence"": 0.94}, {""speaker"": 1, ""text"": ""Misschien meer regelmatige teammeetings inplannen. En dat het niet alleen maar over cijfers gaat, maar ook over idee\u00ebn en... nou ja, alles wat ons bezig houdt."", ""start"": 156.6, ""end"": 167.3, ""confidence"": 0.91}, {""speaker"": 0, ""text"": ""Dat klinkt als een constructieve aanpak. Ik waardeer je openheid vandaag. Is er nog iets anders dat je wilt delen over werkplezier?"", ""start"": 167.4, ""end"": 177.1, ""confidence"": 0.92}, {""speaker"": 1, ""text"": ""Nou, ik denk dat... ik hoop gewoon dat er meer aandacht komt voor de menselijke kant van werk. Het is niet alleen maar een taak, maar ook onze tijd en energie."", ""start"": 177.2, ""end"": 188.4, ""confidence"": 0.95}]}}}}"
31fa803f-6011-42ea-b13f-9359143adedd,4cf59f89-f0bc-4d8c-9516-9c238fa1f934,nl,true,"{""body"": {""payload"": {""transcription"": {""utterances"": [{""speaker"": 0, ""text"": ""Hallo, bedankt dat je de tijd neemt voor dit interview. Hoe gaat het met je?"", ""start"": 0.0, ""end"": 5.0, ""confidence"": 0.95}, {""speaker"": 1, ""text"": ""Ja, gaat wel goed, dank je. Het is een drukke periode, maar dat kent iedereen natuurlijk."", ""start"": 5.1, ""end"": 10.0, ""confidence"": 0.93}, {""speaker"": 0, ""text"": ""Ja, dat klopt. En hoe ervaar jij de werk-priv\u00e9balans op dit moment?"", ""start"": 10.1, ""end"": 15.0, ""confidence"": 0.94}, {""speaker"": 1, ""text"": ""Nou, het is een beetje... gecompliceerd, denk ik. Enerzijds vind ik het team echt leuk en we werken goed samen."", ""start"": 15.1, ""end"": 22.0, ""confidence"": 0.92}, {""speaker"": 0, ""text"": ""Dat klinkt positief! Maar waar zit dan het moeilijke stuk?"", ""start"": 22.1, ""end"": 25.0, ""confidence"": 0.91}, {""speaker"": 1, ""text"": ""Tja, dat is vooral de leidinggevende. Hij... hij heeft een stijl die, um, best wel veel druk legt."", ""start"": 25.1, ""end"": 32.0, ""confidence"": 0.88}, {""speaker"": 0, ""text"": ""Kun je daar iets meer over vertellen?"", ""start"": 32.1, ""end"": 34.0, ""confidence"": 0.89}, {""speaker"": 1, ""text"": ""Ja, natuurlijk. Het voelt vaak alsof er geen ruimte is voor... bijvoorbeeld feedback of vragen."", ""start"": 34.1, ""end"": 42.0, ""confidence"": 0.9}, {""speaker"": 0, ""text"": ""Dat moet frustrerend zijn. Hoe be\u00efnvloedt dat je werk-priv\u00e9balans?"", ""start"": 42.1, ""end"": 46.0, ""confidence"": 0.92}, {""speaker"": 1, ""text"": ""Ja, zeker. Ik merk dat ik 's avonds vaak nog aan het werk ben of... dingen moet afmaken."", ""start"": 46.1, ""end"": 52.0, ""confidence"": 0.91}, {""speaker"": 0, ""text"": ""En hoe voel je je daarover?"", ""start"": 52.1, ""end"": 54.0, ""confidence"": 0.95}, {""speaker"": 1, ""text"": ""Nou, ik vind het lastig. Aan de ene kant wil ik goed presteren, maar aan de andere kant... heb ik ook mijn priv\u00e9leven."", ""start"": 54.1, ""end"": 62.0, ""confidence"": 0.93}, {""speaker"": 0, ""text"": ""Dat is begrijpelijk. Heb je al geprobeerd om daarover in gesprek te gaan?"", ""start"": 62.1, ""end"": 66.0, ""confidence"": 0.92}, {""speaker"": 1, ""text"": ""Ja, ik heb het een paar keer geprobeerd. Maar het lijkt wel alsof hij niet echt... openstaat voor veranderingen."", ""start"": 66.1, ""end"": 73.0, ""confidence"": 0.9}, {""speaker"": 0, ""text"": ""Dat moet echt moeilijk zijn. Hoe ga je daar zelf mee om?"", ""start"": 73.1, ""end"": 77.0, ""confidence"": 0.91}, {""speaker"": 1, ""text"": ""Ik probeer wel tijd voor mezelf te maken, maar... soms is dat gewoon niet genoeg."", ""start"": 77.1, ""end"": 83.0, ""confidence"": 0.92}, {""speaker"": 0, ""text"": ""Wat doe je dan om die tijd te cre\u00ebren?"", ""start"": 83.1, ""end"": 85.0, ""confidence"": 0.93}, {""speaker"": 1, ""text"": ""Ik probeer bewust... afspraken met vrienden te maken of gewoon even... de natuur in te gaan."", ""start"": 85.1, ""end"": 92.0, ""confidence"": 0.91}, {""speaker"": 0, ""text"": ""Dat klinkt als een goede aanpak. Hoe ziet de ideale werk-priv\u00e9balans er voor jou uit?"", ""start"": 92.1, ""end"": 97.0, ""confidence"": 0.94}, {""speaker"": 1, ""text"": ""Idealiter heb ik duidelijke grenzen. Dat ik bijvoorbeeld niet meer dan... acht uur per dag werk en... echt tijd voor mezelf heb."", ""start"": 97.1, ""end"": 104.0, ""confidence"": 0.92}, {""speaker"": 0, ""text"": ""Dank je wel voor je openhartigheid. Is er nog iets dat je wilt toevoegen?"", ""start"": 104.1, ""end"": 106.0, ""confidence"": 0.91}, {""speaker"": 1, ""text"": ""Ja, ik hoop gewoon dat er ooit... meer ruimte komt voor feedback en openheid in het team."", ""start"": 106.1, ""end"": 112.0, ""confidence"": 0.9}]}}}}"
8e7a9e93-94aa-4404-8d26-8f737d39ecfd,4cf59f89-f0bc-4d8c-9516-9c238fa1f934,nl,true,"{""body"": {""payload"": {""transcription"": {""utterances"": [{""speaker"": 0, ""text"": ""Hallo, bedankt dat je de tijd neemt voor dit gesprek over prestatiebeoordeling."", ""start"": 0.0, ""end"": 6.0, ""confidence"": 0.95}, {""speaker"": 1, ""text"": ""Ja, geen probleem! Ik vind het eigenlijk een interessant onderwerp."", ""start"": 6.1, ""end"": 12.0, ""confidence"": 0.94}, {""speaker"": 0, ""text"": ""Wat vind jij zelf van de prestatiebeoordelingen die je tot nu toe hebt gehad?"", ""start"": 12.1, ""end"": 18.0, ""confidence"": 0.92}, {""speaker"": 1, ""text"": ""Nou, over het algemeen vind ik ze wel nuttig. Het is goed om feedback te krijgen, je weet... waar je staat en zo."", ""start"": 18.1, ""end"": 26.0, ""confidence"": 0.93}, {""speaker"": 0, ""text"": ""Wat voor feedback heb je zoal gekregen?"", ""start"": 26.1, ""end"": 30.0, ""confidence"": 0.9}, {""speaker"": 1, ""text"": ""Meestal gaat het over mijn samenwerking met het team. Ze zeggen dat ik goed communiceer."", ""start"": 30.1, ""end"": 36.0, ""confidence"": 0.91}, {""speaker"": 0, ""text"": ""Dat klinkt positief! Maar zijn er ook dingen waar je twijfels over hebt?"", ""start"": 36.1, ""end"": 40.0, ""confidence"": 0.89}, {""speaker"": 1, ""text"": ""Ja, dat is het ding... aan de ene kant waardeer ik de feedback, maar aan de andere kant... soms voel ik me... ja, ik weet het niet."", ""start"": 40.1, ""end"": 48.0, ""confidence"": 0.88}, {""speaker"": 0, ""text"": ""Wat maakt dat je je zo voelt?"", ""start"": 48.1, ""end"": 50.0, ""confidence"": 0.91}, {""speaker"": 1, ""text"": ""Het is net alsof... de beoordelingen niet altijd echt de werkelijkheid weerspiegelen. Soms voel ik me onder druk gezet."", ""start"": 50.1, ""end"": 58.0, ""confidence"": 0.87}, {""speaker"": 0, ""text"": ""Kun je dat verder toelichten?"", ""start"": 58.1, ""end"": 60.0, ""confidence"": 0.9}, {""speaker"": 1, ""text"": ""Ja, ik bedoel, ik weet dat ik goed werk lever, maar als de beoordeling afhangt van... andere factoren, zoals de mening van een paar mensen, dat maakt me soms onzeker."", ""start"": 60.1, ""end"": 70.0, ""confidence"": 0.85}, {""speaker"": 0, ""text"": ""Dat klinkt frustrerend. Heb je voorbeelden van zulke situaties?"", ""start"": 70.1, ""end"": 74.0, ""confidence"": 0.88}, {""speaker"": 1, ""text"": ""Ja, laatst kreeg ik een beoordeling die... eh, blijkbaar be\u00efnvloed was door wat een collega had gezegd. En die... ik weet niet, ik geloof niet dat haar mening dekt wat ik heb gedaan."", ""start"": 74.1, ""end"": 84.0, ""confidence"": 0.86}, {""speaker"": 0, ""text"": ""Dat klinkt als een uitdaging. Hoe ga je daarmee om?"", ""start"": 84.1, ""end"": 88.0, ""confidence"": 0.9}, {""speaker"": 1, ""text"": ""Ik probeer het te negeren en me te concentreren op mijn werk. Maar soms, tja, het knaagt aan me."", ""start"": 88.1, ""end"": 94.0, ""confidence"": 0.87}, {""speaker"": 0, ""text"": ""Ik begrijp het. Wat zou jij willen veranderen aan het beoordelingsproces?"", ""start"": 94.1, ""end"": 98.0, ""confidence"": 0.92}, {""speaker"": 1, ""text"": ""Misschien dat het meer gebaseerd wordt op objectieve criteria. En niet alleen op... de meningen van een paar mensen."", ""start"": 98.1, ""end"": 104.0, ""confidence"": 0.89}]}}}}"
71bd4017-ccae-4943-aa1f-6dcb16446201,6b74b838-bd51-4f6b-a0e2-eb782d310ebe,nl,true,"{""body"": {""payload"": {""transcription"": {""utterances"": [{""speaker"": 0, ""text"": ""Hallo, bedankt dat je de tijd hebt genomen voor dit interview. Laten we beginnen met je loopbaandoelen."", ""start"": 0.0, ""end"": 8.0, ""confidence"": 0.95}, {""speaker"": 1, ""text"": ""Ja, natuurlijk! Ik vind het altijd fijn om hierover te praten."", ""start"": 8.1, ""end"": 12.0, ""confidence"": 0.93}, {""speaker"": 0, ""text"": ""Wat zijn momenteel jouw belangrijkste loopbaandoelen?"", ""start"": 12.1, ""end"": 16.0, ""confidence"": 0.94}, {""speaker"": 1, ""text"": ""Nou, ik wil vooral doorgroeien in mijn huidige functie. Ik denk dat ik, eh, meer verantwoordelijkheden kan aanvaarden."", ""start"": 16.1, ""end"": 24.0, ""confidence"": 0.91}, {""speaker"": 0, ""text"": ""Kun je wat meer vertellen over die verantwoordelijkheden?"", ""start"": 24.1, ""end"": 28.0, ""confidence"": 0.92}, {""speaker"": 1, ""text"": ""Ja, ik denk bijvoorbeeld aan projectmanagement. Ik heb daar wel interesse in en ik, eh, denk dat ik dat goed kan."", ""start"": 28.1, ""end"": 36.0, ""confidence"": 0.89}, {""speaker"": 0, ""text"": ""Dat klinkt interessant. Heb je al stappen gezet in die richting?"", ""start"": 36.1, ""end"": 40.0, ""confidence"": 0.9}, {""speaker"": 1, ""text"": ""Ja, ik heb een cursus gevolgd over projectmanagement. Het was heel nuttig en ik leerde veel nieuwe dingen."", ""start"": 40.1, ""end"": 48.0, ""confidence"": 0.92}, {""speaker"": 0, ""text"": ""Mooi! En hoe zie je jezelf over vijf jaar? Wat hoop je te bereiken?"", ""start"": 48.1, ""end"": 52.0, ""confidence"": 0.93}, {""speaker"": 1, ""text"": ""Ik hoop dat ik dan een leidinggevende rol heb. Gewoon echt, eh, een team aansturen en verantwoordelijk zijn voor projecten."", ""start"": 52.1, ""end"": 60.0, ""confidence"": 0.9}, {""speaker"": 0, ""text"": ""Wat voor soort team zou je willen aansteken?"", ""start"": 60.1, ""end"": 64.0, ""confidence"": 0.91}, {""speaker"": 1, ""text"": ""Bij voorkeur een creatief team, want ik hou van, eh, samenwerking en idee\u00ebngeneratie."", ""start"": 64.1, ""end"": 72.0, ""confidence"": 0.88}, {""speaker"": 0, ""text"": ""Dat klinkt als een leuke uitdaging. Zijn er specifieke vaardigheden die je nog wilt ontwikkelen?"", ""start"": 72.1, ""end"": 76.0, ""confidence"": 0.92}, {""speaker"": 1, ""text"": ""Ja, ik wil mijn communicatieve vaardigheden verbeteren. Ik heb soms moeite om, eh, mijn idee\u00ebn goed over te brengen."", ""start"": 76.1, ""end"": 84.0, ""confidence"": 0.9}, {""speaker"": 0, ""text"": ""Dat is herkenbaar. Heb je plannen of idee\u00ebn over hoe je dat kunt doen?"", ""start"": 84.1, ""end"": 88.0, ""confidence"": 0.91}, {""speaker"": 1, ""text"": ""Ja, ik denk eraan om meer presentaties te geven en, eh, misschien een workshop te volgen."", ""start"": 88.1, ""end"": 96.0, ""confidence"": 0.89}, {""speaker"": 0, ""text"": ""Dat lijkt me een goede aanpak. Heb je nog andere loopbaandoelen waar je aan werkt?"", ""start"": 96.1, ""end"": 100.0, ""confidence"": 0.9}, {""speaker"": 1, ""text"": ""Ja, ik wil ook een netwerk opbouwen. Ik merk dat, eh, connecties wel belangrijk zijn voor je ontwikkeling."", ""start"": 100.1, ""end"": 108.0, ""confidence"": 0.92}]}}}}"
28518c88-1355-49bd-bfb5-a16634cf720c,4cf59f89-f0bc-4d8c-9516-9c238fa1f934,nl,true,"{""body"": {""payload"": {""transcription"": {""utterances"": [{""speaker"": 0, ""text"": ""Hallo, bedankt dat je hier bent. Laten we beginnen met iets eenvoudigs. Hoe zou je de dynamiek binnen je team beschrijven?"", ""start"": 0.0, ""end"": 8.5, ""confidence"": 0.95}, {""speaker"": 1, ""text"": ""H\u00e9, geen probleem! Nou, ik denk dat het team in het algemeen best goed functioneert. We hebben een goede mix van persoonlijkheden, dat helpt echt."", ""start"": 8.6, ""end"": 17.0, ""confidence"": 0.94}, {""speaker"": 0, ""text"": ""Interessant! Kun je iets meer vertellen over die persoonlijkheden? Hoe be\u00efnvloedt dat de samenwerking?"", ""start"": 17.1, ""end"": 25.5, ""confidence"": 0.93}, {""speaker"": 1, ""text"": ""Ja, zeker. We hebben bijvoorbeeld een paar mensen die heel creatief zijn, en anderen die heel analytisch zijn. Die mix zorgt ervoor dat we zowel innovatieve idee\u00ebn kunnen bedenken als de haalbaarheid goed kunnen inschatten."", ""start"": 25.6, ""end"": 39.0, ""confidence"": 0.92}, {""speaker"": 0, ""text"": ""Klinkt goed! Merken jullie ook wel eens dat die verschillen voor spanningen zorgen?"", ""start"": 39.1, ""end"": 46.0, ""confidence"": 0.91}, {""speaker"": 1, ""text"": ""Ja, dat gebeurt wel. Soms, als we echt een deadline hebben, kan het wel eens knellen. De creatievelingen willen soms snel door, terwijl de analytici meer tijd willen nemen om alles goed te doorgronden."", ""start"": 46.1, ""end"": 58.0, ""confidence"": 0.9}, {""speaker"": 0, ""text"": ""Hoe gaan jullie dan met die spanningen om?"", ""start"": 58.1, ""end"": 61.5, ""confidence"": 0.89}, {""speaker"": 1, ""text"": ""We proberen echt open te communiceren. Soms organiseren we een korte meeting om de stand van zaken te bespreken en gevoelens te delen, dat helpt ons enorm."", ""start"": 61.6, ""end"": 73.0, ""confidence"": 0.91}, {""speaker"": 0, ""text"": ""Dat klinkt als een goede aanpak. Voel je je ook echt gehoord in die meetings?"", ""start"": 73.1, ""end"": 78.5, ""confidence"": 0.92}, {""speaker"": 1, ""text"": ""Ja, meestal wel. Ik denk dat iedereens input echt gewaardeerd wordt. Dat maakt het ook makkelijker om dingen uit te praten."", ""start"": 78.6, ""end"": 86.0, ""confidence"": 0.93}, {""speaker"": 0, ""text"": ""En hoe stel je de samenwerking met je teamgenoten nog meer op prijs?"", ""start"": 86.1, ""end"": 91.0, ""confidence"": 0.88}, {""speaker"": 1, ""text"": ""Ik vind het leuk dat we ook buiten werk om met elkaar omgaan. Dat schept echt een band. We hebben laatst een teamuitje gehad, dat was echt leuk."", ""start"": 91.1, ""end"": 101.0, ""confidence"": 0.94}, {""speaker"": 0, ""text"": ""Wat hebben jullie tijdens dat uitje gedaan?"", ""start"": 101.1, ""end"": 103.5, ""confidence"": 0.9}, {""speaker"": 1, ""text"": ""We zijn gaan bowlen en daarna hebben we samen gegeten. Het was echt gezellig, en het hielp om de teamspirit te versterken!"", ""start"": 103.6, ""end"": 112.0, ""confidence"": 0.93}, {""speaker"": 0, ""text"": ""Dat klinkt echt leuk! Heb je het idee dat zulke activiteiten invloed hebben op jullie werkprestaties?"", ""start"": 112.1, ""end"": 117.5, ""confidence"": 0.91}, {""speaker"": 1, ""text"": ""Zeker! Na zo'n uitje voel je je meer verbonden, en dat vertaalt zich naar een betere samenwerking op kantoor. Je voelt je gewoon meer op je gemak bij elkaar."", ""start"": 117.6, ""end"": 126.0, ""confidence"": 0.92}, {""speaker"": 0, ""text"": ""Dat is een mooi inzicht! Heb je nog andere suggesties voor teambuilding?"", ""start"": 126.1, ""end"": 130.0, ""confidence"": 0.89}, {""speaker"": 1, ""text"": ""Misschien eens een workshop samen doen? Iets creatiefs of zelfs iets uitdagends, zoals escape rooms. Dat kan leuk zijn en ook leerzaam tegelijk."", ""start"": 130.1, ""end"": 138.5, ""confidence"": 0.9}, {""speaker"": 0, ""text"": ""Klinkt als een goed idee! Bedankt voor al je inzichten vandaag. Ik waardeer het echt."", ""start"": 138.6, ""end"": 144.0, ""confidence"": 0.93}, {""speaker"": 1, ""text"": ""Graag gedaan! Ik vond het ook leuk om hierover te praten."", ""start"": 144.1, ""end"": 146.5, ""confidence"": 0.94}]}}}}"
7721056b-8d5c-4a82-87d7-7fa244d4cfa5,4cf59f89-f0bc-4d8c-9516-9c238fa1f934,nl,true,"{""body"": {""payload"": {""transcription"": {""utterances"": [{""speaker"": 0, ""text"": ""Hallo, bedankt dat je de tijd hebt genomen om met me te praten vandaag."", ""start"": 0.0, ""end"": 4.0, ""confidence"": 0.95}, {""speaker"": 1, ""text"": ""Ja, geen probleem! Ik vind het altijd interessant om over dit soort onderwerpen te praten."", ""start"": 4.1, ""end"": 8.5, ""confidence"": 0.93}, {""speaker"": 0, ""text"": ""Mooi zo! Laten we beginnen met de vraag: hoe ervaar jij conflicten op de werkvloer?"", ""start"": 8.6, ""end"": 12.5, ""confidence"": 0.94}, {""speaker"": 1, ""text"": ""Nou, het is altijd een beetje ongemakkelijk, h\u00e8? Maar ik denk dat ze ook kansen bieden."", ""start"": 12.6, ""end"": 17.0, ""confidence"": 0.92}, {""speaker"": 0, ""text"": ""O ja, kansen? Hoe bedoel je dat?"", ""start"": 17.1, ""end"": 19.0, ""confidence"": 0.97}, {""speaker"": 1, ""text"": ""Nou, als er een conflict is, dan kan je... je kunt het gebruiken om te groeien, om beter te begrijpen waar iedereen staat."", ""start"": 19.1, ""end"": 25.0, ""confidence"": 0.9}, {""speaker"": 0, ""text"": ""Dat klinkt logisch! Heb je ooit een specifiek conflict meegemaakt dat goed opgelost werd?"", ""start"": 25.1, ""end"": 30.0, ""confidence"": 0.93}, {""speaker"": 1, ""text"": ""Ja, dat had ik laatst met een collega. We hadden een meningsverschil over een project."", ""start"": 30.1, ""end"": 35.0, ""confidence"": 0.88}, {""speaker"": 0, ""text"": ""En hoe hebben jullie dat toen aangepakt?"", ""start"": 35.1, ""end"": 37.5, ""confidence"": 0.91}, {""speaker"": 1, ""text"": ""We hebben een gesprek gehad, gewoon... heel open en eerlijk. Dat hielp echt."", ""start"": 37.6, ""end"": 43.0, ""confidence"": 0.92}, {""speaker"": 0, ""text"": ""Wat een goede aanpak! En wat waren de belangrijkste punten die jullie bespraken?"", ""start"": 43.1, ""end"": 48.0, ""confidence"": 0.94}, {""speaker"": 1, ""text"": ""We hebben vooral gefocust op de doelstellingen van het project en waar ieder van ons... waar we stonden in dat proces."", ""start"": 48.1, ""end"": 54.0, ""confidence"": 0.89}, {""speaker"": 0, ""text"": ""Klinkt als een constructief gesprek. Voelde je dat je gehoord werd?"", ""start"": 54.1, ""end"": 57.0, ""confidence"": 0.93}, {""speaker"": 1, ""text"": ""Ja, absoluut! Ik denk dat dat heel belangrijk is, dat je je stem kunt laten horen zonder angst."", ""start"": 57.1, ""end"": 61.0, ""confidence"": 0.9}, {""speaker"": 0, ""text"": ""Dat begrijp ik. Wat zou je aanraden aan iemand die misschien moeite heeft met conflicten?"", ""start"": 61.1, ""end"": 66.0, ""confidence"": 0.94}, {""speaker"": 1, ""text"": ""Ik zou zeggen, probeer eerst echt te luisteren. En wees open om je eigen standpunt te heroverwegen."", ""start"": 66.1, ""end"": 71.0, ""confidence"": 0.91}, {""speaker"": 0, ""text"": ""Goed advies! Denk je dat het ook helpt om vooraf situaties te oefenen?"", ""start"": 71.1, ""end"": 75.0, ""confidence"": 0.92}, {""speaker"": 1, ""text"": ""Ja, zeker! Rollenspellen of zo, dat kan echt helpen om je voor te bereiden."", ""start"": 75.1, ""end"": 79.0, ""confidence"": 0.89}, {""speaker"": 0, ""text"": ""Dank je wel voor je inzichten. Dit gesprek was heel waardevol!"", ""start"": 79.1, ""end"": 83.0, ""confidence"": 0.95}, {""speaker"": 1, ""text"": ""Graag gedaan! Ik vond het ook leuk om te delen."", ""start"": 83.1, ""end"": 85.0, ""confidence"": 0.94}]}}}}"
07842aaf-7627-4c6a-8aae-39272af164fc,b0d46c72-5527-4cec-8474-868d1da0eb55,nl,true,"{""body"": {""payload"": {""transcription"": {""utterances"": [{""speaker"": 0, ""text"": ""Hallo, bedankt dat je tijd hebt vrijgemaakt voor dit gesprek."", ""start"": 0.0, ""end"": 4.2, ""confidence"": 0.95}, {""speaker"": 1, ""text"": ""Geen probleem, ik ben blij dat ik kan helpen."", ""start"": 4.3, ""end"": 6.5, ""confidence"": 0.93}, {""speaker"": 0, ""text"": ""Laten we beginnen met het onderwerp van thuiswerken. Hoe ervaar jij dat?"", ""start"": 6.6, ""end"": 10.2, ""confidence"": 0.94}, {""speaker"": 1, ""text"": ""Ja, thuiswerken is... het heeft echt zijn voordelen, maar ook wel wat nadelen."", ""start"": 10.3, ""end"": 14.1, ""confidence"": 0.9}, {""speaker"": 0, ""text"": ""Kun je daar iets meer over vertellen?"", ""start"": 14.2, ""end"": 15.6, ""confidence"": 0.92}, {""speaker"": 1, ""text"": ""Zeker! Ik vind het fijn dat ik geen reistijd heb. Dat geeft me meer tijd voor... andere dingen, zoals sporten."", ""start"": 15.7, ""end"": 20.1, ""confidence"": 0.91}, {""speaker"": 0, ""text"": ""Dat klinkt goed. En die andere dingen, zijn dat vooral persoonlijke zaken?"", ""start"": 20.2, ""end"": 23.0, ""confidence"": 0.89}, {""speaker"": 1, ""text"": ""Ja, precies. Maar soms mis ik de interactie met collega's. Vooral met mensen zoals Joris, die altijd het juiste woord hebben."", ""start"": 23.1, ""end"": 27.6, ""confidence"": 0.88}, {""speaker"": 0, ""text"": ""Ja, dat kan ik me voorstellen. Hoe ga je daarmee om?"", ""start"": 27.7, ""end"": 29.6, ""confidence"": 0.9}, {""speaker"": 1, ""text"": ""Ik probeer vaker video-bellen te doen, maar dat is niet helemaal hetzelfde. Het is soms... wat geforceerd."", ""start"": 29.7, ""end"": 34.5, ""confidence"": 0.87}, {""speaker"": 0, ""text"": ""Dus je vindt dat die informele gesprekken soms ontbreken?"", ""start"": 34.6, ""end"": 36.2, ""confidence"": 0.94}, {""speaker"": 1, ""text"": ""Ja, en ook het... gewoon een kop koffie samen drinken, dat soort dingen."", ""start"": 36.3, ""end"": 39.5, ""confidence"": 0.9}, {""speaker"": 0, ""text"": ""Heb je het gevoel dat je productiever bent vanuit huis?"", ""start"": 39.6, ""end"": 41.7, ""confidence"": 0.92}, {""speaker"": 1, ""text"": ""Dat verschilt. Soms wel, ik heb geen afleiding van gesprekken hier en daar, maar aan de andere kant kan ik me soms niet concentreren door... ja, de thuisomgeving, weet je?"", ""start"": 41.8, ""end"": 47.7, ""confidence"": 0.89}, {""speaker"": 0, ""text"": ""Dat klinkt herkenbaar. Is er iets dat je mist van het kantoor?"", ""start"": 47.8, ""end"": 49.8, ""confidence"": 0.91}, {""speaker"": 1, ""text"": ""Zeker, de energie. Het is gewoon anders als je samen bent met mensen. Je merkt dat je soms gewoon wat meer motivatie krijgt van die... groepsdynamiek."", ""start"": 49.9, ""end"": 54.6, ""confidence"": 0.92}, {""speaker"": 0, ""text"": ""En hoe zie je de toekomst van thuiswerken in jouw rol?"", ""start"": 54.7, ""end"": 56.5, ""confidence"": 0.9}, {""speaker"": 1, ""text"": ""Ik denk dat het een mix zal blijven. Misschien minder dagen op kantoor, maar niet helemaal thuiswerken. Dat zou ik wel ideaal vinden, denk ik."", ""start"": 56.6, ""end"": 60.4, ""confidence"": 0.93}]}}}}"
b6a818e3-9546-4089-8cc5-d892fb55d959,f41ba610-9896-4cd8-9283-65c27d256b6c,nl,true,"{""body"": {""payload"": {""transcription"": {""utterances"": [{""speaker"": 0, ""text"": ""Hallo, bedankt dat je de tijd neemt voor dit interview. Ik wil het graag met je hebben over salarisverwachtingen."", ""start"": 0.0, ""end"": 8.5, ""confidence"": 0.95}, {""speaker"": 1, ""text"": ""Ja, natuurlijk. Geen probleem."", ""start"": 8.6, ""end"": 10.0, ""confidence"": 0.97}, {""speaker"": 0, ""text"": ""Kun je me vertellen wat je salarisverwachtingen zijn voor je huidige of een toekomstige rol?"", ""start"": 10.1, ""end"": 18.0, ""confidence"": 0.94}, {""speaker"": 1, ""text"": ""Nou, als ik kijk naar vorig jaar, dacht ik dat een salaris van, laten we zeggen, vijftigduizend euro, redelijk zou zijn."", ""start"": 18.1, ""end"": 27.5, ""confidence"": 0.93}, {""speaker"": 0, ""text"": ""En is dat bedrag veranderd sinds, laten we zeggen, de laatste paar maanden?"", ""start"": 27.6, ""end"": 36.0, ""confidence"": 0.92}, {""speaker"": 1, ""text"": ""Ja, zeker! Ik heb eigenlijk, eh, mijn verwachtingen iets verhoogd naarmate ik meer ervaring heb opgedaan."", ""start"": 36.1, ""end"": 45.0, ""confidence"": 0.9}, {""speaker"": 0, ""text"": ""Wat heeft je doen besluiten om je verwachtingen te verhogen?"", ""start"": 45.1, ""end"": 48.5, ""confidence"": 0.91}, {""speaker"": 1, ""text"": ""Ik heb meer verantwoordelijkheden gekregen, en, eh, ja, de markt lijkt ook te veranderen, je weet wel, meer vraag naar, eh, talent."", ""start"": 48.6, ""end"": 59.0, ""confidence"": 0.89}, {""speaker"": 0, ""text"": ""Interessant! Hoe kijk je naar de vergelijking met collega's in soortgelijke functies?"", ""start"": 59.1, ""end"": 66.0, ""confidence"": 0.93}, {""speaker"": 1, ""text"": ""Ja, ik heb wel eens gesprekken met hen, en het lijkt erop dat, eh, veel mensen een vergelijkbaar salaris hebben, maar soms, ja, meer."", ""start"": 66.1, ""end"": 74.5, ""confidence"": 0.91}, {""speaker"": 0, ""text"": ""Denk je dat je meer zou moeten verdienen dan je huidige salaris?"", ""start"": 74.6, ""end"": 80.0, ""confidence"": 0.92}, {""speaker"": 1, ""text"": ""Ja, absoluut, als ik kijk naar wat ik bijdraag, en wat anderen verdienen, voelt het soms niet eerlijk, uhm, weet je?"", ""start"": 80.1, ""end"": 89.0, ""confidence"": 0.88}, {""speaker"": 0, ""text"": ""Heb je al overwogen om hierover een gesprek te hebben met je leidinggevende?"", ""start"": 89.1, ""end"": 94.0, ""confidence"": 0.89}, {""speaker"": 1, ""text"": ""Ja, ik heb erover nagedacht, maar ik bedoel, het is altijd een beetje spannend om dat ter sprake te brengen, je weet wel, om niet als hebzuchtig over te komen."", ""start"": 94.1, ""end"": 104.0, ""confidence"": 0.9}, {""speaker"": 0, ""text"": ""Dat begrijp ik. Wat denk je dat je zou moeten doen om dat gesprek aan te gaan?"", ""start"": 104.1, ""end"": 108.5, ""confidence"": 0.91}, {""speaker"": 1, ""text"": ""Misschien wat cijfers verzamelen, en, eh, kijken wat anderen zeggen over vergelijkbare functies, dan heb ik meer, eh, onderbouwing."", ""start"": 108.6, ""end"": 118.0, ""confidence"": 0.92}, {""speaker"": 0, ""text"": ""Dat klinkt als een goed plan. Is er iets specifieks dat je zou willen bereiken met dat gesprek?"", ""start"": 118.1, ""end"": 125.0, ""confidence"": 0.94}, {""speaker"": 1, ""text"": ""Ja, ik zou natuurlijk een hoger salaris willen, maar ook gewoon erkenning voor het werk dat ik doe. Het gaat niet alleen om het geld, begrijp je?"", ""start"": 125.1, ""end"": 134.0, ""confidence"": 0.93}, {""speaker"": 0, ""text"": ""Zeker, dat klinkt logisch. Heb je nog andere gedachten over salarisverwachtingen in het algemeen?"", ""start"": 134.1, ""end"": 140.5, ""confidence"": 0.92}, {""speaker"": 1, ""text"": ""Ja, ik denk dat het belangrijk is dat bedrijven transparant zijn, zodat werknemers weten waar ze aan toe zijn, vooral als, eh, de markt zo fluctueert."", ""start"": 140.6, ""end"": 150.0, ""confidence"": 0.94}]}}}}"
d4b381a0-0f0e-4526-b1b2-9d83b77f0f60,b7b82cc1-99f7-4129-948e-28e0c646c793,nl,true,"{""body"": {""payload"": {""transcription"": {""utterances"": [{""speaker"": 0, ""text"": ""Hallo, dank je wel dat je de tijd neemt voor dit interview!"", ""start"": 0.0, ""end"": 3.0, ""confidence"": 0.95}, {""speaker"": 1, ""text"": ""Ja, geen probleem! Ik vind het eigenlijk wel fijn om hierover te praten."", ""start"": 3.1, ""end"": 6.0, ""confidence"": 0.94}, {""speaker"": 0, ""text"": ""Dat is goed om te horen! Kun je me iets vertellen over de bedrijfscultuur hier?"", ""start"": 6.1, ""end"": 9.5, ""confidence"": 0.93}, {""speaker"": 1, ""text"": ""Ja, ik denk dat we... ehm... best wel een open cultuur hebben, meestal."", ""start"": 9.6, ""end"": 13.0, ""confidence"": 0.89}, {""speaker"": 1, ""text"": ""Mensen zijn bereid om samen te werken, idee\u00ebn uit te wisselen."", ""start"": 13.1, ""end"": 16.0, ""confidence"": 0.92}, {""speaker"": 0, ""text"": ""Dat klinkt goed! Maar is er ook iets wat je minder prettig vindt?"", ""start"": 16.1, ""end"": 19.0, ""confidence"": 0.9}, {""speaker"": 1, ""text"": ""Ja, dat is er zeker. De leiderschapsstijl is soms, ehm, wel een ding."", ""start"": 19.1, ""end"": 22.5, ""confidence"": 0.88}, {""speaker"": 1, ""text"": ""Ik bedoel, er is niet altijd ruimte voor input van iedereen."", ""start"": 22.6, ""end"": 25.5, ""confidence"": 0.91}, {""speaker"": 0, ""text"": ""Dus je voelt je soms niet gehoord? Hoe uit zich dat?"", ""start"": 25.6, ""end"": 29.0, ""confidence"": 0.92}, {""speaker"": 1, ""text"": ""Ja, precies. Soms nemen ze beslissingen zonder dat wij echt betrokken zijn."", ""start"": 29.1, ""end"": 33.0, ""confidence"": 0.9}, {""speaker"": 1, ""text"": ""En dat zorgt voor, nou ja, frustratie bij de teams."", ""start"": 33.1, ""end"": 36.0, ""confidence"": 0.91}, {""speaker"": 0, ""text"": ""Dat kan ik me voorstellen. En hoe heeft dat invloed op de samenwerking?"", ""start"": 36.1, ""end"": 39.5, ""confidence"": 0.89}, {""speaker"": 1, ""text"": ""Nou, dat maakt het soms moeilijker om openlijk te communiceren, zeg maar."", ""start"": 39.6, ""end"": 43.0, ""confidence"": 0.93}, {""speaker"": 1, ""text"": ""Want je wilt niet in conflict komen met de leiding."", ""start"": 43.1, ""end"": 46.0, ""confidence"": 0.92}, {""speaker"": 0, ""text"": ""Ik snap het. En wat vind je dan echt positief aan de samenwerking?"", ""start"": 46.1, ""end"": 49.5, ""confidence"": 0.9}, {""speaker"": 1, ""text"": ""De collega's zijn echt geweldig! We helpen elkaar en leren veel van elkaar."", ""start"": 49.6, ""end"": 53.0, ""confidence"": 0.94}, {""speaker"": 1, ""text"": ""Die sfeer vind ik echt waardevol."", ""start"": 53.1, ""end"": 55.0, ""confidence"": 0.93}, {""speaker"": 0, ""text"": ""Dus uiteindelijk is het teamgevoel sterk?"", ""start"": 55.1, ""end"": 56.5, ""confidence"": 0.92}, {""speaker"": 1, ""text"": ""Ja, dat gevoel is wel echt aanwezig, ondanks de uitdagingen."", ""start"": 56.6, ""end"": 59.0, ""confidence"": 0.91}]}}}}"
073a48f6-be91-4a66-8d47-da64d51dbb64,f41ba610-9896-4cd8-9283-65c27d256b6c,nl,true,"{""body"": {""payload"": {""transcription"": {""utterances"": [{""speaker"": 0, ""text"": ""Hallo! Dank je wel dat je tijd voor dit interview hebt vrijgemaakt."", ""start"": 0.0, ""end"": 5.0, ""confidence"": 0.95}, {""speaker"": 1, ""text"": ""Geen probleem, ik ben blij dat ik kan helpen."", ""start"": 5.1, ""end"": 9.0, ""confidence"": 0.94}, {""speaker"": 0, ""text"": ""Kun je me vertellen over je inwerkervaring vorig jaar?"", ""start"": 9.1, ""end"": 14.0, ""confidence"": 0.93}, {""speaker"": 1, ""text"": ""Ja, tuurlijk! Het was best een interessante tijd, zeg maar. Ik begon met veel energie, maar ook met een beetje zenuwen."", ""start"": 14.1, ""end"": 21.0, ""confidence"": 0.92}, {""speaker"": 0, ""text"": ""Wat waren je grootste uitdagingen tijdens dat inwerktraject?"", ""start"": 21.1, ""end"": 26.0, ""confidence"": 0.91}, {""speaker"": 1, ""text"": ""Nou, vooral het leren van alle systemen. Het was best overweldigend, je weet wel? Vooral toen ik... uh, eigenlijk alles tegelijk moest doen."", ""start"": 26.1, ""end"": 34.0, ""confidence"": 0.9}, {""speaker"": 0, ""text"": ""En waren er momenten waarop je dacht dat je het niet zou redden?"", ""start"": 34.1, ""end"": 39.0, ""confidence"": 0.88}, {""speaker"": 1, ""text"": ""Ja, zeker. Vooral in het begin. Ik had soms het idee dat ik achterliep op de rest. Maar... dat gevoel verdween na een paar weken."", ""start"": 39.1, ""end"": 46.0, ""confidence"": 0.89}, {""speaker"": 0, ""text"": ""Dat klinkt heel herkenbaar. Hoe ging je om met die druk?"", ""start"": 46.1, ""end"": 51.0, ""confidence"": 0.87}, {""speaker"": 1, ""text"": ""Ik ben gaan praten met mijn collega's. Dat hielp echt. Ze waren heel ondersteunend, vooral omdat zij ook ooit in dezelfde situatie zaten."", ""start"": 51.1, ""end"": 59.0, ""confidence"": 0.86}, {""speaker"": 0, ""text"": ""Fijn om te horen! Had je een specifieke mentor of begeleider?"", ""start"": 59.1, ""end"": 63.0, ""confidence"": 0.85}, {""speaker"": 1, ""text"": ""Ja, mijn teamleider nam echt de tijd voor me. Ze gaf me feedback en we hadden regelmatig check-ins. Dat hielp ook echt."", ""start"": 63.1, ""end"": 70.0, ""confidence"": 0.88}, {""speaker"": 0, ""text"": ""Dat klinkt waardevol. Heb je iets geleerd dat je in de toekomst wilt toepassen?"", ""start"": 70.1, ""end"": 75.0, ""confidence"": 0.89}, {""speaker"": 1, ""text"": ""Ja, ik heb geleerd dat communicatie zo belangrijk is. Sowieso heb ik nu meer vertrouwen om vragen te stellen."", ""start"": 75.1, ""end"": 81.0, ""confidence"": 0.9}, {""speaker"": 0, ""text"": ""Dat is een goede les. Wat zou je anderen aanraden die ook een inwerktraject ingaan?"", ""start"": 81.1, ""end"": 86.0, ""confidence"": 0.91}, {""speaker"": 1, ""text"": ""Gewoon jezelf niet verliezen! Neem de tijd om dingen te leren en, eh, vraag vooral om hulp als je het nodig hebt."", ""start"": 86.1, ""end"": 92.0, ""confidence"": 0.92}, {""speaker"": 0, ""text"": ""Prima advies! Heb je nog andere dingen die je wilt delen over je ervaring?"", ""start"": 92.1, ""end"": 96.0, ""confidence"": 0.88}, {""speaker"": 1, ""text"": ""Ik denk dat ik het zo wel heb. Het was echt een leerzame periode, ondanks de uitdagingen."", ""start"": 96.1, ""end"": 100.0, ""confidence"": 0.91}, {""speaker"": 0, ""text"": ""Dank je wel voor je openhartigheid. Dit helpt ons echt bij het verbeteren van onze processen."", ""start"": 100.1, ""end"": 105.0, ""confidence"": 0.92}, {""speaker"": 1, ""text"": ""Graag gedaan! Fijn dat ik hieraan kan bijdragen."", ""start"": 105.1, ""end"": 109.0, ""confidence"": 0.94}]}}}}"
aeddf964-385b-4e2c-b187-bdb7628bb25c,4cf59f89-f0bc-4d8c-9516-9c238fa1f934,nl,true,"{""body"": {""payload"": {""transcription"": {""utterances"": [{""speaker"": 0, ""text"": ""Hallo, bedankt dat je de tijd neemt voor dit interview."", ""start"": 0.0, ""end"": 3.0, ""confidence"": 0.95}, {""speaker"": 1, ""text"": ""Ja, geen probleem! Ik vind het onderwerp eigenlijk best interessant."", ""start"": 3.1, ""end"": 6.0, ""confidence"": 0.93}, {""speaker"": 0, ""text"": ""Mooi om te horen. Wat betekent werkplezier voor jou?"", ""start"": 6.1, ""end"": 9.0, ""confidence"": 0.94}, {""speaker"": 1, ""text"": ""Werkplezier gaat voor mij echt om, eh, een fijne sfeer, je weet wel? Dat je gewoon, uh, lekker in je vel zit."", ""start"": 9.1, ""end"": 13.0, ""confidence"": 0.92}, {""speaker"": 0, ""text"": ""En wat zorgt ervoor dat je je lekker voelt op het werk?"", ""start"": 13.1, ""end"": 15.0, ""confidence"": 0.93}, {""speaker"": 1, ""text"": ""Nou, ik denk dat het vooral komt door de collega's. We hebben echt een, eh, goede samenwerking."", ""start"": 15.1, ""end"": 18.0, ""confidence"": 0.91}, {""speaker"": 0, ""text"": ""En wat maakt die samenwerking zo goed?"", ""start"": 18.1, ""end"": 20.0, ""confidence"": 0.94}, {""speaker"": 1, ""text"": ""Eh, dat we elkaar echt steunen, en ook, uh, feedback geven. En het zijn gewoon leuke mensen."", ""start"": 20.1, ""end"": 24.0, ""confidence"": 0.93}, {""speaker"": 0, ""text"": ""Dat klinkt fijn! Zijn er ook dingen die je werkplezier be\u00efnvloeden, negatief?"", ""start"": 24.1, ""end"": 27.0, ""confidence"": 0.92}, {""speaker"": 1, ""text"": ""Ja, zeker. Als er bijvoorbeeld te veel druk is, of, eh, als dingen onduidelijk zijn."", ""start"": 27.1, ""end"": 30.0, ""confidence"": 0.9}, {""speaker"": 0, ""text"": ""Kun je daar iets meer over vertellen?"", ""start"": 30.1, ""end"": 32.0, ""confidence"": 0.94}, {""speaker"": 1, ""text"": ""Ja, als de verwachtingen niet duidelijk zijn, dan voel je je soms gewoon verloren."", ""start"": 32.1, ""end"": 35.0, ""confidence"": 0.91}, {""speaker"": 0, ""text"": ""En hoe ga je om met die druk?"", ""start"": 35.1, ""end"": 37.0, ""confidence"": 0.92}, {""speaker"": 1, ""text"": ""Ik probeer, eh, mijn taken goed te plannen en, uh, ik neem ook wel eens pauzes om echt even, eh, te ontspannen."", ""start"": 37.1, ""end"": 41.0, ""confidence"": 0.93}, {""speaker"": 0, ""text"": ""Dat klinkt als een goed plan! Denk je dat werkplezier invloed heeft op je prestaties?"", ""start"": 41.1, ""end"": 44.0, ""confidence"": 0.94}, {""speaker"": 1, ""text"": ""Absoluut! Als ik me goed voel, dan ben ik veel gemotiveerder en, eh, doe ik mijn werk gewoon beter."", ""start"": 44.1, ""end"": 48.0, ""confidence"": 0.92}, {""speaker"": 0, ""text"": ""En, hoe ervaar je dat werkplezier veranderd is in de loop der jaren?"", ""start"": 48.1, ""end"": 51.0, ""confidence"": 0.93}, {""speaker"": 1, ""text"": ""Nou, ik merk dat het, eh, steeds belangrijker voor mij is geworden. Toen ik net begon, dacht ik daar niet zo over na."", ""start"": 51.1, ""end"": 55.0, ""confidence"": 0.91}, {""speaker"": 0, ""text"": ""Interessant! Heb je dan tips voor anderen om werkplezier te vergroten?"", ""start"": 55.1, ""end"": 58.0, ""confidence"": 0.94}, {""speaker"": 1, ""text"": ""Ja, zeker! Communiceren met collega's, en, eh, je grenzen aangeven als het te veel wordt. Dat helpt echt!"", ""start"": 58.1, ""end"": 62.0, ""confidence"": 0.93}, {""speaker"": 0, ""text"": ""Dank je wel voor je waardevolle inzichten! Dit helpt ons echt verder."", ""start"": 62.1, ""end"": 65.0, ""confidence"": 0.95}]}}}}"
c19ce47f-c22d-4c99-b1c2-4b6795ed7dcb,b0d46c72-5527-4cec-8474-868d1da0eb55,nl,true,"{""body"": {""payload"": {""transcription"": {""utterances"": [{""speaker"": 0, ""text"": ""Hoi, bedankt dat je de tijd neemt voor dit gesprek over werk-priv\u00e9balans."", ""start"": 0.0, ""end"": 5.0, ""confidence"": 0.95}, {""speaker"": 1, ""text"": ""Ja, geen probleem! Ik vind het een belangrijk onderwerp."", ""start"": 5.1, ""end"": 9.2, ""confidence"": 0.93}, {""speaker"": 0, ""text"": ""Zou je kunnen beginnen met te vertellen hoe jouw werk-priv\u00e9balans er momenteel uitziet?"", ""start"": 9.3, ""end"": 14.0, ""confidence"": 0.94}, {""speaker"": 1, ""text"": ""Nou, het is... het is soms best moeilijk. Ik werk vaak over, vooral als er deadlines zijn."", ""start"": 14.1, ""end"": 20.3, ""confidence"": 0.92}, {""speaker"": 0, ""text"": ""Dat klinkt uitdagend. Hoeveel uren werk je gemiddeld per week?"", ""start"": 20.4, ""end"": 25.0, ""confidence"": 0.91}, {""speaker"": 1, ""text"": ""Ik denk... dat ik gemiddeld zo'n vijftig tot zestig uur per week werk."", ""start"": 25.1, ""end"": 29.7, ""confidence"": 0.94}, {""speaker"": 0, ""text"": ""Wow, dat is best veel. Hoe be\u00efnvloedt dat je priv\u00e9leven?"", ""start"": 29.8, ""end"": 34.5, ""confidence"": 0.93}, {""speaker"": 1, ""text"": ""Het is soms lastig. Mijn vrienden en familie... die zeggen wel eens dat ik te veel werk."", ""start"": 34.6, ""end"": 40.2, ""confidence"": 0.92}, {""speaker"": 0, ""text"": ""En hoe reageer je daarop?"", ""start"": 40.3, ""end"": 42.5, ""confidence"": 0.89}, {""speaker"": 1, ""text"": ""Ik probeer het te begrijpen, maar ik voel me ook verantwoordelijk voor mijn werk."", ""start"": 42.6, ""end"": 47.5, ""confidence"": 0.9}, {""speaker"": 0, ""text"": ""Snap ik. Heb je ook specifieke momenten waarop je echt tijd voor jezelf neemt?"", ""start"": 47.6, ""end"": 53.0, ""confidence"": 0.91}, {""speaker"": 1, ""text"": ""Ja, in het weekend probeer ik wel wat tijd voor mezelf te nemen, maar dat is soms moeilijk."", ""start"": 53.1, ""end"": 58.0, ""confidence"": 0.93}, {""speaker"": 0, ""text"": ""Wat doe je dan graag in je vrije tijd?"", ""start"": 58.1, ""end"": 60.7, ""confidence"": 0.88}, {""speaker"": 1, ""text"": ""Ik ga graag wandelen of... ik lees ook veel boeken. Dat helpt me om te ontspannen."", ""start"": 60.8, ""end"": 65.1, ""confidence"": 0.94}, {""speaker"": 0, ""text"": ""Dat klinkt goed! Heb je tips voor anderen die misschien in dezelfde situatie zitten?"", ""start"": 65.2, ""end"": 70.0, ""confidence"": 0.9}, {""speaker"": 1, ""text"": ""Ja, ik zou zeggen, probeer echt grenzen te stellen. En geef jezelf de tijd om op te laden."", ""start"": 70.1, ""end"": 75.1, ""confidence"": 0.92}, {""speaker"": 0, ""text"": ""Zeker, dat klinkt als een waardevolle tip. Bedankt voor je openheid vandaag!"", ""start"": 75.2, ""end"": 80.0, ""confidence"": 0.91}, {""speaker"": 1, ""text"": ""Geen probleem, ik vond het fijn om dit te delen."", ""start"": 80.1, ""end"": 83.5, ""confidence"": 0.93}]}}}}"
4fddbd2e-0ff3-44a4-8db9-00e4f15777c6,6b74b838-bd51-4f6b-a0e2-eb782d310ebe,nl,true,"{""body"": {""payload"": {""transcription"": {""utterances"": [{""speaker"": 0, ""text"": ""Hallo, bedankt dat je hier bent vandaag. Kun je beginnen met vertellen hoe jij je prestaties meestal beoordeelt?"", ""start"": 0.0, ""end"": 8.5, ""confidence"": 0.95}, {""speaker"": 1, ""text"": ""Ja, natuurlijk! Dus, ik heb meestal een soort van... nou ja, zelfreflectie. Ik kijk naar wat ik heb gedaan in de afgelopen periode."", ""start"": 8.6, ""end"": 17.7, ""confidence"": 0.93}, {""speaker"": 0, ""text"": ""Dat klinkt interessant. Wat voor criteria gebruik je dan om dat te doen?"", ""start"": 17.8, ""end"": 24.5, ""confidence"": 0.92}, {""speaker"": 1, ""text"": ""Nou, ik kijk vooral naar de doelen die ik met mijn team heb gesteld. En ook naar feedback van collega's en... ja, ik gebruik een soort van zelfevaluatie."", ""start"": 24.6, ""end"": 35.8, ""confidence"": 0.9}, {""speaker"": 0, ""text"": ""En hoe voel je je over die feedback? Vind je het waardevol?"", ""start"": 35.9, ""end"": 42.8, ""confidence"": 0.94}, {""speaker"": 1, ""text"": ""Ja, zeker! Het helpt me echt om... nou, te groeien en te begrijpen waar ik kan verbeteren. Soms is het wel lastig om te horen, maar over het algemeen probeer ik het positief te zien."", ""start"": 42.9, ""end"": 56.1, ""confidence"": 0.91}, {""speaker"": 0, ""text"": ""Dat klinkt als een goede benadering. Heb je ooit het gevoel dat de beoordelingscriteria niet altijd eerlijk zijn?"", ""start"": 56.2, ""end"": 63.5, ""confidence"": 0.93}, {""speaker"": 1, ""text"": ""Ja, soms. Er zijn momenten waarop ik denk dat bepaalde dingen... eh, niet helemaal goed worden meegenomen. Bijvoorbeeld, als je aan een project werkt dat langer duurt dan verwacht."", ""start"": 63.6, ""end"": 77.0, ""confidence"": 0.89}, {""speaker"": 0, ""text"": ""Ah, ik begrijp wat je zegt. Heb je dat ooit met je leidinggevende besproken?"", ""start"": 77.1, ""end"": 83.4, ""confidence"": 0.92}, {""speaker"": 1, ""text"": ""Ja, dat heb ik gedaan. En het was een goed gesprek, maar soms voelt het alsof ze meer gefocust zijn op de cijfers dan op... nou ja, de process, weet je wel?"", ""start"": 83.5, ""end"": 94.5, ""confidence"": 0.9}, {""speaker"": 0, ""text"": ""Dat klinkt uitdagend. Denk je dat je team ook op dezelfde manier denkt over de beoordelingen?"", ""start"": 94.6, ""end"": 101.3, ""confidence"": 0.91}, {""speaker"": 1, ""text"": ""Ja, ik denk het wel. We hebben vaak gesprekken hierover en... ik merk dat anderen ook... eh, wat kritisch zijn."", ""start"": 101.4, ""end"": 109.7, ""confidence"": 0.88}, {""speaker"": 0, ""text"": ""Dat is goed dat er openheid is. Wat zou je willen veranderen aan het beoordelingsproces?"", ""start"": 109.8, ""end"": 116.5, ""confidence"": 0.92}, {""speaker"": 1, ""text"": ""Ik denk dat er meer nadruk zou moeten liggen op de samenwerking en het proces, niet alleen de uitkomsten. Misschien, eh, meer 360-graden feedback zou ook helpen."", ""start"": 116.6, ""end"": 129.8, ""confidence"": 0.89}, {""speaker"": 0, ""text"": ""Dat zijn goede suggesties. Hoe vaak krijg je eigenlijk deze beoordelingen?"", ""start"": 129.9, ""end"": 136.5, ""confidence"": 0.94}, {""speaker"": 1, ""text"": ""Om de zes maanden, meestal. Maar soms voelt het alsof dat te snel gaat, omdat je niet altijd genoeg tijd hebt om... om echt te groeien."", ""start"": 136.6, ""end"": 148.0, ""confidence"": 0.91}, {""speaker"": 0, ""text"": ""Dat voelt inderdaad haastig. Heb je het gevoel dat deze frequentie de kwaliteit van de feedback be\u00efnvloedt?"", ""start"": 148.1, ""end"": 155.3, ""confidence"": 0.93}, {""speaker"": 1, ""text"": ""Ja, ik denk het wel. Soms krijg je feedback die niet zo... relevant meer is op dat moment, omdat je al verder bent in je ontwikkeling."", ""start"": 155.4, ""end"": 165.0, ""confidence"": 0.92}, {""speaker"": 0, ""text"": ""Dat is een belangrijk punt. Hoe zou je het liefst willen dat de opvolging na de beoordelingen verloopt?"", ""start"": 165.1, ""end"": 172.8, ""confidence"": 0.94}, {""speaker"": 1, ""text"": ""Nou, ik denk dat het goed zou zijn als er follow-up gesprekken zijn, zodat je echt kunt bespreken wat er veranderd kan worden en hoe je dat kunt aanpakken."", ""start"": 172.9, ""end"": 182.5, ""confidence"": 0.9}]}}}}"
83cf7475-5756-4eff-b97c-faf250da3f7b,4cf59f89-f0bc-4d8c-9516-9c238fa1f934,nl,true,"{""body"": {""payload"": {""transcription"": {""utterances"": [{""speaker"": 0, ""text"": ""Hallo, bedankt dat je de tijd neemt voor dit gesprek."", ""start"": 0.0, ""end"": 3.5, ""confidence"": 0.95}, {""speaker"": 1, ""text"": ""Ja, geen probleem! Ik vind het wel interessant."", ""start"": 3.6, ""end"": 6.0, ""confidence"": 0.93}, {""speaker"": 0, ""text"": ""Mooi! Laten we beginnen. Wat zijn je huidige loopbaandoelen?"", ""start"": 6.1, ""end"": 9.5, ""confidence"": 0.94}, {""speaker"": 1, ""text"": ""Nou, op dit moment ben ik vooral bezig met... eh, ik wil mezelf verder ontwikkelen in mijn vakgebied."", ""start"": 9.6, ""end"": 14.0, ""confidence"": 0.9}, {""speaker"": 0, ""text"": ""Kun je daar iets meer over vertellen? Welke vaardigheden wil je ontwikkelen?"", ""start"": 14.1, ""end"": 17.5, ""confidence"": 0.92}, {""speaker"": 1, ""text"": ""Ja, ik ben vooral ge\u00efnteresseerd in projectmanagement en... eh, communicatievaardigheden."", ""start"": 17.6, ""end"": 21.2, ""confidence"": 0.91}, {""speaker"": 0, ""text"": ""Dat klinkt goed! Heb je al stappen ondernomen om die vaardigheden te leren?"", ""start"": 21.3, ""end"": 24.0, ""confidence"": 0.94}, {""speaker"": 1, ""text"": ""Ja, ik heb een cursus gevolgd en ik probeer ook, zeg maar, meer verantwoordelijkheid te nemen bij mijn huidige werk."", ""start"": 24.1, ""end"": 28.5, ""confidence"": 0.89}, {""speaker"": 0, ""text"": ""Geweldig! Wat motiveert je om deze doelen te bereiken?"", ""start"": 28.6, ""end"": 31.5, ""confidence"": 0.95}, {""speaker"": 1, ""text"": ""Ik wil gewoon, eh, verder groeien en niet blijven stilstaan. En, ja, ik vind het belangrijk om mijn waarde toe te voegen."", ""start"": 31.6, ""end"": 36.0, ""confidence"": 0.9}, {""speaker"": 0, ""text"": ""Begrijpelijk. Hoe zie je jezelf over vijf jaar?"", ""start"": 36.1, ""end"": 39.0, ""confidence"": 0.91}, {""speaker"": 1, ""text"": ""Ik hoop dat ik dan in een leidinggevende functie zit, weet je... en dat ik teams kan aansteken."", ""start"": 39.1, ""end"": 43.5, ""confidence"": 0.92}, {""speaker"": 0, ""text"": ""Dat is een mooi doel! Wat zijn je grootste uitdagingen op dit moment?"", ""start"": 43.6, ""end"": 46.5, ""confidence"": 0.93}, {""speaker"": 1, ""text"": ""Hmm, ik zou zeggen, soms voel ik me onzeker over mijn beslissingen en... eh, het is moeilijk om de juiste balans te vinden."", ""start"": 46.6, ""end"": 50.5, ""confidence"": 0.88}, {""speaker"": 0, ""text"": ""Snap ik. Heb je daar al oplossingen voor gevonden?"", ""start"": 50.6, ""end"": 53.0, ""confidence"": 0.9}, {""speaker"": 1, ""text"": ""Ja, ik probeer meer feedback te vragen aan collega's en... eh, dat helpt echt."", ""start"": 53.1, ""end"": 56.0, ""confidence"": 0.92}, {""speaker"": 0, ""text"": ""Dat klinkt goed. Heb je nog specifieke mensen die je inspireren in je carri\u00e8re?"", ""start"": 56.1, ""end"": 59.0, ""confidence"": 0.89}, {""speaker"": 1, ""text"": ""Ja, mijn manager is echt een voorbeeld voor mij. Hij is heel, eh, empathisch en heeft altijd tijd voor zijn team."", ""start"": 59.1, ""end"": 63.0, ""confidence"": 0.9}, {""speaker"": 0, ""text"": ""Dat is fijn om te horen. Wat zou je willen dat er anders was in je huidige rol?"", ""start"": 63.1, ""end"": 66.0, ""confidence"": 0.91}, {""speaker"": 1, ""text"": ""Eh, ik zou graag meer steun zien voor professionele ontwikkeling, zoals... workshops of zo."", ""start"": 66.1, ""end"": 69.5, ""confidence"": 0.89}, {""speaker"": 0, ""text"": ""Dat is een waardevol punt. Wat voor workshops zou je willen volgen?"", ""start"": 69.6, ""end"": 72.0, ""confidence"": 0.93}, {""speaker"": 1, ""text"": ""Ik denk aan leiderschap en misschien iets met... eh, teamdynamiek, dat lijkt me interessant."", ""start"": 72.1, ""end"": 76.0, ""confidence"": 0.91}]}}}}"
26d4158b-e06b-43fa-ad85-6e04c41723c9,6b74b838-bd51-4f6b-a0e2-eb782d310ebe,nl,true,"{""body"": {""payload"": {""transcription"": {""utterances"": [{""speaker"": 0, ""text"": ""Hoi, bedankt dat je de tijd neemt voor dit gesprek. Ik wil het graag hebben over teamdynamiek. Hoe zou je de samenwerking binnen je team beschrijven?"", ""start"": 0.0, ""end"": 10.5, ""confidence"": 0.95}, {""speaker"": 1, ""text"": ""Ja, natuurlijk! Nou, ik denk dat we over het algemeen best goed samenwerken. Er is veel open communicatie, wat... ja, dat helpt zeker."", ""start"": 10.6, ""end"": 20.2, ""confidence"": 0.93}, {""speaker"": 0, ""text"": ""Dat klinkt positief! Zijn er specifieke momenten of situaties waarin die communicatie echt naar voren komt?"", ""start"": 20.3, ""end"": 30.1, ""confidence"": 0.94}, {""speaker"": 1, ""text"": ""Ja, bijvoorbeeld tijdens onze teamvergaderingen. Iedereen krijgt de kans om input te geven en... soms zelfs tijdens informele koffiepauzes. Dat maakt het echt... eh, toegankelijk."", ""start"": 30.2, ""end"": 40.5, ""confidence"": 0.92}, {""speaker"": 0, ""text"": ""Dat is mooi om te horen! En hoe zit het dan met conflicten of meningsverschillen? Hoe worden die aangepakt?"", ""start"": 40.6, ""end"": 50.3, ""confidence"": 0.93}, {""speaker"": 1, ""text"": ""Oh, dat is soms lastig. Maar meestal proberen we het gesprek erover aan te gaan. Het kan... soms een beetje gespannen zijn, maar... uiteindelijk komt het altijd wel goed."", ""start"": 50.4, ""end"": 60.2, ""confidence"": 0.91}, {""speaker"": 0, ""text"": ""Dat lijkt me een goede benadering. Heb je voorbeelden van een specifiek conflict en hoe dat is opgelost?"", ""start"": 60.3, ""end"": 70.1, ""confidence"": 0.94}, {""speaker"": 1, ""text"": ""Ja, zeker! Er was een keer een meningsverschil over een projectplanning... Toen hebben we een aparte sessie gehouden om alles uit te praten. Iedereen mocht zijn zorgen delen."", ""start"": 70.2, ""end"": 81.0, ""confidence"": 0.92}, {""speaker"": 0, ""text"": ""Dat klinkt als een effectieve aanpak. Voel je dat dit het team heeft versterkt?"", ""start"": 81.1, ""end"": 89.5, ""confidence"": 0.93}, {""speaker"": 1, ""text"": ""Ja, absoluut! Het heeft ons dichter bij elkaar gebracht. We begrijpen elkaars standpunten beter... en dat versterkt het vertrouwen, denk ik."", ""start"": 89.6, ""end"": 100.5, ""confidence"": 0.94}, {""speaker"": 0, ""text"": ""Mooi om te horen. Hoe ervaar je de rol van leiderschap in jullie teamdynamiek?"", ""start"": 100.6, ""end"": 110.2, ""confidence"": 0.95}, {""speaker"": 1, ""text"": ""Leiderschap is belangrijk, maar... het is vooral ook een gedeelde verantwoordelijkheid. Onze teamleider stimuleert ons om zelf initiatief te nemen en dat... ja, dat zorgt voor meer betrokkenheid."", ""start"": 110.3, ""end"": 121.0, ""confidence"": 0.93}, {""speaker"": 0, ""text"": ""Dat klinkt als een goede balans. Merk je ook dat er bepaalde teamleden zijn die een sterke invloed hebben op de dynamiek?"", ""start"": 121.1, ""end"": 131.5, ""confidence"": 0.94}, {""speaker"": 1, ""text"": ""Ja, zeker! Er zijn een paar collega's die natuurlijk leiderschap tonen. Ze motiveren anderen en brengen vaak nieuwe idee\u00ebn... dat helpt om de sfeer... eh, levendig te houden."", ""start"": 131.6, ""end"": 143.0, ""confidence"": 0.92}, {""speaker"": 0, ""text"": ""Zou je zeggen dat die invloed ook een effect heeft op de prestaties van het team?"", ""start"": 143.1, ""end"": 153.0, ""confidence"": 0.93}, {""speaker"": 1, ""text"": ""Ja, dat denk ik wel. Wanneer mensen zich gehoord voelen en gemotiveerd zijn, gaat de productiviteit omhoog... en dat is goed voor het teamresultaat."", ""start"": 153.1, ""end"": 163.2, ""confidence"": 0.94}, {""speaker"": 0, ""text"": ""Interessant! Is er iets dat je zou willen verbeteren aan de huidige teamdynamiek?"", ""start"": 163.3, ""end"": 173.0, ""confidence"": 0.94}, {""speaker"": 1, ""text"": ""Hmm, misschien meer structurele feedbackmomenten? Soms voelt het alsof we... ja, de voortgang niet goed genoeg bespreken. Dat zou kunnen helpen."", ""start"": 173.1, ""end"": 183.0, ""confidence"": 0.92}]}}}}"
caa4de20-1190-4e27-83b4-02d4ca05877d,b7b82cc1-99f7-4129-948e-28e0c646c793,nl,true,"{""body"": {""payload"": {""transcription"": {""utterances"": [{""speaker"": 0, ""text"": ""Hallo en bedankt dat je hier bent vandaag. Kun je beginnen met vertellen over een situatie waarin je een conflict hebt ervaren op het werk?"", ""start"": 0.0, ""end"": 8.5, ""confidence"": 0.95}, {""speaker"": 1, ""text"": ""Ja, zeker. Een tijdje geleden had ik een conflict met een collega over een project. We hadden heel verschillende idee\u00ebn over hoe het moest worden uitgevoerd."", ""start"": 8.6, ""end"": 18.2, ""confidence"": 0.93}, {""speaker"": 0, ""text"": ""Dat klinkt interessant. Wat was het specifieke probleem dat jullie hadden?"", ""start"": 18.3, ""end"": 23.5, ""confidence"": 0.94}, {""speaker"": 1, ""text"": ""Nou, ik dacht dat een meer creatieve benadering beter zou zijn, terwijl hij... eh, hij was meer van de traditionele methode. Dat leidde tot best veel frustratie."", ""start"": 23.6, ""end"": 37.0, ""confidence"": 0.9}, {""speaker"": 0, ""text"": ""Hoe hebben jullie dat geprobeerd op te lossen, of is het... bleef het gewoon hangen?"", ""start"": 37.1, ""end"": 43.0, ""confidence"": 0.92}, {""speaker"": 1, ""text"": ""In het begin hebben we het gewoon laten rusten, maar uiteindelijk zijn we... eh, we hebben een meeting georganiseerd om alles op tafel te leggen."", ""start"": 43.1, ""end"": 54.0, ""confidence"": 0.88}, {""speaker"": 0, ""text"": ""En hoe ging die meeting? Voelde je dat het hielp?"", ""start"": 54.1, ""end"": 59.0, ""confidence"": 0.94}, {""speaker"": 1, ""text"": ""Ja, eigenlijk wel. We hebben eerst een aantal regels opgesteld over hoe we met elkaar zouden praten. Dat hielp echt."", ""start"": 59.1, ""end"": 68.0, ""confidence"": 0.91}, {""speaker"": 0, ""text"": ""Dat klinkt als een goede aanpak. En wat gebeurde er daarna?"", ""start"": 68.1, ""end"": 73.0, ""confidence"": 0.93}, {""speaker"": 1, ""text"": ""Nou, we hebben allebei onze standpunten uitgelegd, en het leek alsof we... eh, op een bepaald punt echt zouden kunnen samenwerken. Er was minder weerstand."", ""start"": 73.1, ""end"": 83.5, ""confidence"": 0.92}, {""speaker"": 0, ""text"": ""Heb je iets geleerd van deze ervaring dat je nu toepast in andere situaties?"", ""start"": 83.6, ""end"": 89.0, ""confidence"": 0.95}, {""speaker"": 1, ""text"": ""Ja, ik heb geleerd dat het belangrijk is om dingen gewoon eerlijk te bespreken. En dat... dat luisteren net zo belangrijk is als praten."", ""start"": 89.1, ""end"": 97.0, ""confidence"": 0.9}, {""speaker"": 0, ""text"": ""Dat is een waardevolle les. Heb je tips voor anderen die met conflicten omgaan?"", ""start"": 97.1, ""end"": 103.0, ""confidence"": 0.94}, {""speaker"": 1, ""text"": ""Ja, probeer niet te veroordelen en geef iedereen de kans om hun mening te delen. Dat maakt een wereld van verschil."", ""start"": 103.1, ""end"": 111.0, ""confidence"": 0.93}, {""speaker"": 0, ""text"": ""Dat klinkt als een uitstekende aanpak. Bedankt voor het delen van je ervaringen!"", ""start"": 111.1, ""end"": 116.0, ""confidence"": 0.96}, {""speaker"": 1, ""text"": ""Geen probleem! Dank je dat je me vroeg."", ""start"": 116.1, ""end"": 119.0, ""confidence"": 0.95}]}}}}"
8b312d19-3399-4fbc-8bd0-a11d951459ef,4cf59f89-f0bc-4d8c-9516-9c238fa1f934,nl,true,"{""body"": {""payload"": {""transcription"": {""utterances"": [{""speaker"": 0, ""text"": ""Hallo! Bedankt dat je de tijd neemt voor dit interview. Laten we het hebben over thuiswerken. Hoe ervaar jij dat?"", ""start"": 0.0, ""end"": 7.0, ""confidence"": 0.95}, {""speaker"": 1, ""text"": ""Hey! Ja, thuiswerken bevalt me eigenlijk best goed. Ik kan mijn eigen tijd indelen en dat vind ik fijn."", ""start"": 7.1, ""end"": 13.0, ""confidence"": 0.93}, {""speaker"": 0, ""text"": ""Dat klinkt positief! Wat vind je het leukst aan thuiswerken?"", ""start"": 13.1, ""end"": 16.0, ""confidence"": 0.94}, {""speaker"": 1, ""text"": ""Nou, ik kan in mijn pyjama aan het werk gaan en ik heb geen reistijd. Dat is echt top, echt top."", ""start"": 16.1, ""end"": 22.5, ""confidence"": 0.91}, {""speaker"": 0, ""text"": ""Dat snap ik! Maar zijn er ook andere aspecten die je minder leuk vindt?"", ""start"": 22.6, ""end"": 26.0, ""confidence"": 0.96}, {""speaker"": 1, ""text"": ""Ja, eigenlijk wel. Ik mis het teamgevoel. Het is gewoon anders zonder iedereen om je heen."", ""start"": 26.1, ""end"": 31.5, ""confidence"": 0.92}, {""speaker"": 0, ""text"": ""Dat kan ik me voorstellen. Hoe be\u00efnvloedt dat je werk?"", ""start"": 31.6, ""end"": 34.5, ""confidence"": 0.94}, {""speaker"": 1, ""text"": ""Nou, ik merk dat ik soms motivatie mis. En ook, ik weet niet, ik voel me soms een beetje ge\u00efsoleerd."", ""start"": 34.6, ""end"": 40.5, ""confidence"": 0.9}, {""speaker"": 0, ""text"": ""Een isolatiegevoel kan lastig zijn. Heb je manieren gevonden om dat tegen te gaan?"", ""start"": 40.6, ""end"": 44.0, ""confidence"": 0.95}, {""speaker"": 1, ""text"": ""Ja, ik probeer vaker online meetings te plannen. Maar het is niet hetzelfde als face-to-face."", ""start"": 44.1, ""end"": 49.5, ""confidence"": 0.88}, {""speaker"": 0, ""text"": ""Snap ik! En wat vind je van de werk-priv\u00e9balans nu je thuiswerkt?"", ""start"": 49.6, ""end"": 53.0, ""confidence"": 0.93}, {""speaker"": 1, ""text"": ""In het begin was het geweldig, maar nu... soms werk ik gewoon door tot laat."", ""start"": 53.1, ""end"": 58.5, ""confidence"": 0.9}, {""speaker"": 0, ""text"": ""Dat klinkt uitdagend. Heb je het gevoel dat je de grenzen tussen werk en priv\u00e9 goed kunt bewaken?"", ""start"": 58.6, ""end"": 62.0, ""confidence"": 0.94}, {""speaker"": 1, ""text"": ""Uhm, ja en nee. Aan de ene kant, ik vind het fijn om flexibel te zijn. Maar soms... dan werk ik gewoon te veel."", ""start"": 62.1, ""end"": 67.5, ""confidence"": 0.89}, {""speaker"": 0, ""text"": ""Het lijkt een beetje een dubbel gevoel te zijn. Heb je plannen om meer balans te vinden?"", ""start"": 67.6, ""end"": 71.0, ""confidence"": 0.92}, {""speaker"": 1, ""text"": ""Ja, ik ben aan het kijken naar manieren om dat te verbeteren. Maar soms voelt het als een hele uitdaging."", ""start"": 71.1, ""end"": 76.0, ""confidence"": 0.87}, {""speaker"": 0, ""text"": ""Begrijpelijk. Als je terugkijkt op deze periode, wat zou je dan graag anders hebben gezien?"", ""start"": 76.1, ""end"": 81.0, ""confidence"": 0.94}, {""speaker"": 1, ""text"": ""Misschien meer ondersteuning van het bedrijf? Ik weet het niet. Soms is het gewoon niet makkelijk."", ""start"": 81.1, ""end"": 86.0, ""confidence"": 0.9}]}}}}"
cef842e8-5598-4667-a524-e1fe4994b7eb,f41ba610-9896-4cd8-9283-65c27d256b6c,nl,true,"{""body"": {""payload"": {""transcription"": {""utterances"": [{""speaker"": 0, ""text"": ""Hallo! Bedankt dat je de tijd hebt genomen om met mij te praten vandaag."", ""start"": 0.0, ""end"": 5.0, ""confidence"": 0.95}, {""speaker"": 1, ""text"": ""Geen probleem! Ik vind het belangrijk om hierover te praten."", ""start"": 5.1, ""end"": 9.0, ""confidence"": 0.94}, {""speaker"": 0, ""text"": ""Laten we beginnen met je salarisverwachtingen. Wat verwacht je eigenlijk qua salaris?"", ""start"": 9.1, ""end"": 14.0, ""confidence"": 0.93}, {""speaker"": 1, ""text"": ""Nou, ik dacht aan... laten we zeggen, rond de vijftigduizend euro per jaar?"", ""start"": 14.1, ""end"": 20.0, ""confidence"": 0.9}, {""speaker"": 0, ""text"": ""En wat maakt dat bedrag voor jou een goede verwachting?"", ""start"": 20.1, ""end"": 24.0, ""confidence"": 0.92}, {""speaker"": 1, ""text"": ""Ik heb een paar jaar ervaring, en... dat lijkt gewoon een redelijk bedrag voor mijn niveau, denk ik."", ""start"": 24.1, ""end"": 31.0, ""confidence"": 0.89}, {""speaker"": 0, ""text"": ""Dat begrijp ik. Heb je dat bedrag ook vergeleken met wat anderen in jouw rol krijgen?"", ""start"": 31.1, ""end"": 36.0, ""confidence"": 0.91}, {""speaker"": 1, ""text"": ""Ja, ik heb met Sam en Lisa gesproken. Ze zitten ook ongeveer in dat bereik."", ""start"": 36.1, ""end"": 40.0, ""confidence"": 0.88}, {""speaker"": 0, ""text"": ""En hoe voelde je je daarbij? Was dat een bevestiging voor jou?"", ""start"": 40.1, ""end"": 45.0, ""confidence"": 0.9}, {""speaker"": 1, ""text"": ""Ja, absoluut. Het gaf me een goed gevoel dat mijn verwachtingen niet te hoog zijn."", ""start"": 45.1, ""end"": 50.0, ""confidence"": 0.89}, {""speaker"": 0, ""text"": ""Dat is fijn om te horen. Maar als we kijken naar je huidige salaris, is dat dan vergelijkbaar?"", ""start"": 50.1, ""end"": 55.0, ""confidence"": 0.92}, {""speaker"": 1, ""text"": ""Nee, ik verdien momenteel iets minder, maar ik hoop op een verhoging binnenkort."", ""start"": 55.1, ""end"": 60.0, ""confidence"": 0.9}, {""speaker"": 0, ""text"": ""Heb je al concrete stappen ondernomen om die verhoging te krijgen?"", ""start"": 60.1, ""end"": 64.0, ""confidence"": 0.91}, {""speaker"": 1, ""text"": ""Ja, ik heb een gesprek aangevraagd met mijn leidinggevende. Dat is volgende week."", ""start"": 64.1, ""end"": 68.0, ""confidence"": 0.93}, {""speaker"": 0, ""text"": ""Dat klinkt goed. Wat hoop je uit dat gesprek te halen?"", ""start"": 68.1, ""end"": 72.0, ""confidence"": 0.9}, {""speaker"": 1, ""text"": ""Ik wil gewoon... dat ze mijn prestaties erkennen en dus een verhoging voorstellen."", ""start"": 72.1, ""end"": 76.0, ""confidence"": 0.88}, {""speaker"": 0, ""text"": ""En als ze niet kunnen voldoen aan je salarisverwachtingen, hoe zou je daar dan op reageren?"", ""start"": 76.1, ""end"": 81.0, ""confidence"": 0.92}, {""speaker"": 1, ""text"": ""Ik denk dat ik dan zou vragen wat de redenen zijn, en... wat ze kunnen bieden als alternatief."", ""start"": 81.1, ""end"": 86.0, ""confidence"": 0.91}, {""speaker"": 0, ""text"": ""Dat klinkt als een verstandige benadering. Heb je nog verder idee\u00ebn over je toekomstige salaris?"", ""start"": 86.1, ""end"": 91.0, ""confidence"": 0.93}, {""speaker"": 1, ""text"": ""Ja, ik wil mijn vaardigheden blijven ontwikkelen, misschien een opleiding volgen. Dat kan helpen."", ""start"": 91.1, ""end"": 96.0, ""confidence"": 0.9}, {""speaker"": 0, ""text"": ""Dat is een goed plan! Dank je wel voor het delen van je gedachten hierover."", ""start"": 96.1, ""end"": 101.0, ""confidence"": 0.94}]}}}}"
28e9e06d-ab02-46e6-ac28-9d805e10b7ff,b0d46c72-5527-4cec-8474-868d1da0eb55,nl,true,"{""body"": {""payload"": {""transcription"": {""utterances"": [{""speaker"": 0, ""text"": ""Hallo, bedankt voor je deelname aan dit interview. Laten we beginnen met de bedrijfscultuur. Hoe zou jij de cultuur binnen jouw organisatie beschrijven?"", ""start"": 0.0, ""end"": 14.5, ""confidence"": 0.95}, {""speaker"": 1, ""text"": ""Nou, ik zou zeggen dat het een hele open cultuur is. Mensen zijn... eh, best wel benaderbaar en er is een gevoel van samenwerking."", ""start"": 14.6, ""end"": 30.0, ""confidence"": 0.93}, {""speaker"": 0, ""text"": ""Dat klinkt goed. Heb je misschien een voorbeeld van een situatie waarin dat tot uiting kwam?"", ""start"": 30.1, ""end"": 41.0, ""confidence"": 0.91}, {""speaker"": 1, ""text"": ""Ja, zeker! Laatst hadden we een projectdeadline die, uh, best wel krap was. Iedereen kwam samen om idee\u00ebn te delen en we... we hielpen elkaar echt."", ""start"": 41.1, ""end"": 57.0, ""confidence"": 0.9}, {""speaker"": 0, ""text"": ""Dat klinkt als teamwork. Hoe belangrijk vind je dat voor de cultuur?"", ""start"": 57.1, ""end"": 1.16, ""confidence"": 0.92}, {""speaker"": 1, ""text"": ""Heel belangrijk. Ik denk dat zonder die samenwerking, eh, dingen gewoon niet zo soepel zouden lopen. Iedereen voelt zich dan ook meer betrokken."", ""start"": 1.17, ""end"": 1.87, ""confidence"": 0.94}, {""speaker"": 0, ""text"": ""Interessant. En hoe gaat de organisatie om met feedback? Is daar ruimte voor?"", ""start"": 1.88, ""end"": 1.55, ""confidence"": 0.89}, {""speaker"": 1, ""text"": ""Ja, absoluut. Feedback is... eh, het wordt echt gewaardeerd. We hebben regelmatig... uh, sessies waarin mensen hun mening kunnen geven, en dat wordt serieus genomen."", ""start"": 1.56, ""end"": 2.4, ""confidence"": 0.92}, {""speaker"": 0, ""text"": ""Dat klinkt positief. Maar zijn er ook uitdagingen die je binnen de cultuur hebt ervaren?"", ""start"": 2.41, ""end"": 2.9, ""confidence"": 0.9}, {""speaker"": 1, ""text"": ""Ja, zeker. Soms is... eh, de openheid ook te veel. Mensen kunnen hun... zorgen of kritiek soms heel direct uiten, wat, eh, kan leiden tot ongemakkelijke situaties."", ""start"": 2.91, ""end"": 3.85, ""confidence"": 0.88}, {""speaker"": 0, ""text"": ""Dat begrijp ik. Hoe gaat jouw team daarmee om?"", ""start"": 3.86, ""end"": 4.4, ""confidence"": 0.92}, {""speaker"": 1, ""text"": ""Nou, we proberen altijd... eh, het gesprek aan te gaan en dingen te bespreken. Het is belangrijk om te... eh, begrijpen waar iedereen vandaan komt."", ""start"": 4.41, ""end"": 5.3, ""confidence"": 0.91}, {""speaker"": 0, ""text"": ""Zou je zeggen dat de bedrijfscultuur invloed heeft op hoe medewerkers zich voelen in hun werk?"", ""start"": 5.31, ""end"": 6.1, ""confidence"": 0.93}, {""speaker"": 1, ""text"": ""Ja, absoluut. Wanneer mensen zich... eh, gewaardeerd voelen, zijn ze veel gemotiveerder, denk ik. De sfeer speelt echt een grote rol."", ""start"": 6.11, ""end"": 7.25, ""confidence"": 0.94}, {""speaker"": 0, ""text"": ""Dat maakt sense. Hoe zou je de balans tussen werk en priv\u00e9leven binnen de organisatie omschrijven?"", ""start"": 7.26, ""end"": 8.0, ""confidence"": 0.92}, {""speaker"": 1, ""text"": ""Uh, dat is eigenlijk ook heel goed. Er is ruimte voor flexibele werktijden, en mensen worden aangemoedigd om... eh, hun balans te zoeken."", ""start"": 8.01, ""end"": 8.78, ""confidence"": 0.93}, {""speaker"": 0, ""text"": ""Dat klinkt als een prettige werkomgeving. Zijn er initiatieven om de bedrijfscultuur verder te verbeteren?"", ""start"": 8.79, ""end"": 9.5, ""confidence"": 0.91}, {""speaker"": 1, ""text"": ""Ja, we hebben regelmatig teamuitjes en... eh, trainingen die gericht zijn op samenwerking. Dat helpt echt om de sfeer te verbeteren."", ""start"": 9.51, ""end"": 10.4, ""confidence"": 0.92}, {""speaker"": 0, ""text"": ""Dat klinkt echt leuk! Heb je nog andere dingen die je zou willen delen over de cultuur?"", ""start"": 10.41, ""end"": 11.2, ""confidence"": 0.89}, {""speaker"": 1, ""text"": ""Ik denk dat het vooral gaat om respect. Dat is echt een kernwaarde hier. Mensen respecteren elkaar en dat maakt een groot verschil, denk ik."", ""start"": 11.21, ""end"": 12.5, ""confidence"": 0.9}, {""speaker"": 0, ""text"": ""Dank je wel voor je inzichten! Dit was heel waardevol."", ""start"": 12.51, ""end"": 13.3, ""confidence"": 0.95}, {""speaker"": 1, ""text"": ""Graag gedaan! Ik vond het ook leuk om hierover te praten."", ""start"": 13.31, ""end"": 14.0, ""confidence"": 0.92}]}}}}"
22d553d0-db3d-4fec-800d-1abdc6a0da8c,4cf59f89-f0bc-4d8c-9516-9c238fa1f934,nl,true,"{""body"": {""payload"": {""transcription"": {""utterances"": [{""speaker"": 0, ""text"": ""Dank je wel dat je hier bent vandaag. Laten we beginnen met je inwerkervaring. Hoe heb je dat ervaren?"", ""start"": 0.0, ""end"": 5.2, ""confidence"": 0.95}, {""speaker"": 1, ""text"": ""Ja, dank je. Nou, mijn inwerkervaring was eigenlijk, eh, best wel goed. Ik voelde me meteen welkom."", ""start"": 5.3, ""end"": 10.1, ""confidence"": 0.93}, {""speaker"": 0, ""text"": ""Dat klinkt fijn! Wat maakte je welkom gevoel precies?"", ""start"": 10.2, ""end"": 12.8, ""confidence"": 0.94}, {""speaker"": 1, ""text"": ""Nou, de collega's waren echt heel vriendelijk. En, eh, mijn leidinggevende, die had echt tijd voor me."", ""start"": 12.9, ""end"": 18.0, ""confidence"": 0.92}, {""speaker"": 0, ""text"": ""Dat is belangrijk! Heb je specifieke dingen gedaan tijdens je inwerkperiode?"", ""start"": 18.1, ""end"": 21.5, ""confidence"": 0.91}, {""speaker"": 1, ""text"": ""Ja, er waren een paar trainingssessies. We hebben, eh, een introductie gehad over de processen en zo."", ""start"": 21.6, ""end"": 27.0, ""confidence"": 0.9}, {""speaker"": 0, ""text"": ""Helemaal duidelijk. En hoe voelde je je tijdens die trainingen?"", ""start"": 27.1, ""end"": 29.5, ""confidence"": 0.89}, {""speaker"": 1, ""text"": ""Eh, soms een beetje overweldigend, maar ik kon al mijn vragen stellen. Dat hielp echt."", ""start"": 29.6, ""end"": 34.0, ""confidence"": 0.92}, {""speaker"": 0, ""text"": ""Goed om te horen! En, eh, waren er momenten dat je je onzeker voelde?"", ""start"": 34.1, ""end"": 37.6, ""confidence"": 0.93}, {""speaker"": 1, ""text"": ""Ja, zeker. Vooral in het begin, toen ik de systemen leerde kennen. Het was... best veel informatie."", ""start"": 37.7, ""end"": 43.5, ""confidence"": 0.9}, {""speaker"": 0, ""text"": ""Dat snap ik. Hoe ging je daarmee om?"", ""start"": 43.6, ""end"": 45.9, ""confidence"": 0.91}, {""speaker"": 1, ""text"": ""Ik vroeg gewoon veel aan mijn collega's. En, eh, ik maakte notities. Dat hielp wel."", ""start"": 46.0, ""end"": 50.5, ""confidence"": 0.94}, {""speaker"": 0, ""text"": ""Slim! Wat vind je nu het leukste aan je werk?"", ""start"": 50.6, ""end"": 53.2, ""confidence"": 0.95}, {""speaker"": 1, ""text"": ""Ik vind het leuk dat ik met verschillende teams kan werken. Elke dag is, eh, weer anders."", ""start"": 53.3, ""end"": 58.0, ""confidence"": 0.93}, {""speaker"": 0, ""text"": ""Klinkt als een dynamische omgeving! Zijn er dingen die je zou willen verbeteren aan het inwerkproces?"", ""start"": 58.1, ""end"": 62.5, ""confidence"": 0.94}, {""speaker"": 1, ""text"": ""Misschien iets meer gestructureerd. Soms voelde het een beetje, eh, chaotisch aan."", ""start"": 62.6, ""end"": 66.5, ""confidence"": 0.92}, {""speaker"": 0, ""text"": ""Dat is een waardevolle opmerking. Dank je wel voor je eerlijkheid!"", ""start"": 66.6, ""end"": 69.1, ""confidence"": 0.95}]}}}}"
c26c3ca5-d04c-4dd8-8efa-9ea14e798dfb,b0d46c72-5527-4cec-8474-868d1da0eb55,nl,true,"{""body"": {""payload"": {""transcription"": {""utterances"": [{""speaker"": 0, ""text"": ""Welkom, fijn dat je tijd hebt genomen om met me te praten vandaag."", ""start"": 0.0, ""end"": 5.0, ""confidence"": 0.95}, {""speaker"": 1, ""text"": ""Ja, geen probleem! Ik vind het altijd leuk om hierover te praten."", ""start"": 5.1, ""end"": 10.0, ""confidence"": 0.93}, {""speaker"": 0, ""text"": ""Mooi om te horen! Wat betekent werkplezier voor jou?"", ""start"": 10.1, ""end"": 15.0, ""confidence"": 0.96}, {""speaker"": 1, ""text"": ""Voor mij gaat werkplezier echt over de sfeer... en de collega's natuurlijk. Maar ook dat je jezelf kunt zijn."", ""start"": 15.1, ""end"": 25.0, ""confidence"": 0.91}, {""speaker"": 0, ""text"": ""Dat klinkt goed! Kun je een voorbeeld geven waar je dat vorig jaar hebt ervaren?"", ""start"": 25.1, ""end"": 30.0, ""confidence"": 0.94}, {""speaker"": 1, ""text"": ""Ja, zeker! Er was een project waar we echt samen aan hebben gewerkt, en iedereen... eh, was gemotiveerd. Dat voelde goed."", ""start"": 30.1, ""end"": 40.0, ""confidence"": 0.92}, {""speaker"": 0, ""text"": ""Wat denk je dat het verschil maakte voor dat project?"", ""start"": 40.1, ""end"": 45.0, ""confidence"": 0.95}, {""speaker"": 1, ""text"": ""Nou, er was veel vertrouwen. We konden onze idee\u00ebn... bespreken zonder bang te zijn voor kritiek."", ""start"": 45.1, ""end"": 55.0, ""confidence"": 0.9}, {""speaker"": 0, ""text"": ""Dat klinkt echt als een positieve ervaring. Hoe vaak heb je dat soort ervaringen?"", ""start"": 55.1, ""end"": 60.0, ""confidence"": 0.96}, {""speaker"": 1, ""text"": ""Hmm, ik denk dat het niet zo vaak voorkomt. Vorig jaar... hadden we echt maar een paar van die momenten, helaas."", ""start"": 60.1, ""end"": 70.0, ""confidence"": 0.89}, {""speaker"": 0, ""text"": ""Wat denk je dat er nodig is om dat vaker te laten gebeuren?"", ""start"": 70.1, ""end"": 75.0, ""confidence"": 0.94}, {""speaker"": 1, ""text"": ""Ja, communicatie is echt key. Als je... eh, niet open bent naar elkaar, dan blijft alles wat stroef."", ""start"": 75.1, ""end"": 85.0, ""confidence"": 0.91}, {""speaker"": 0, ""text"": ""En hoe zit het met de rol van leidinggevenden in dit geheel?"", ""start"": 85.1, ""end"": 90.0, ""confidence"": 0.93}, {""speaker"": 1, ""text"": ""Hmm, zij zijn cruciaal. Vorig jaar had ik een leidinggevende die... eh, goed kon luisteren en dat maakte echt verschil."", ""start"": 90.1, ""end"": 100.0, ""confidence"": 0.92}, {""speaker"": 0, ""text"": ""Dat klinkt als een waardevolle relatie. Hoe voelde je je daardoor?"", ""start"": 100.1, ""end"": 105.0, ""confidence"": 0.94}, {""speaker"": 1, ""text"": ""Ik voelde me... gewaardeerd, denk ik. Je voelt je meer betrokken bij de organisatie."", ""start"": 105.1, ""end"": 115.0, ""confidence"": 0.9}, {""speaker"": 0, ""text"": ""Dat is fijn om te horen. Heb je ook negatieve ervaringen als het gaat om werkplezier?"", ""start"": 115.1, ""end"": 120.0, ""confidence"": 0.95}, {""speaker"": 1, ""text"": ""Ja, absoluut. Vorig jaar was er ook een periode waarin alles heel stressvol was... en dat werkte echt negatief."", ""start"": 120.1, ""end"": 130.0, ""confidence"": 0.88}, {""speaker"": 0, ""text"": ""Wat maakte het zo stressvol voor jou?"", ""start"": 130.1, ""end"": 135.0, ""confidence"": 0.94}, {""speaker"": 1, ""text"": ""Er waren deadlines die niet gehaald konden worden en de... eh, druk nam alleen maar toe. Dat was lastig."", ""start"": 135.1, ""end"": 145.0, ""confidence"": 0.89}, {""speaker"": 0, ""text"": ""Begrijpelijk. Wat doe je persoonlijk om weer plezier te hebben in je werk?"", ""start"": 145.1, ""end"": 150.0, ""confidence"": 0.96}, {""speaker"": 1, ""text"": ""Ik probeer meer te focussen op de kleine dingen, zoals... eh, een leuke lunch met collega's of gewoon even buiten zijn."", ""start"": 150.1, ""end"": 160.0, ""confidence"": 0.91}, {""speaker"": 0, ""text"": ""Dat klinkt als een goede strategie. Bedankt voor het delen van je ervaringen!"", ""start"": 160.1, ""end"": 165.0, ""confidence"": 0.95}]}}}}"
bd60eb52-fba7-41ce-9b0b-26abcf98348c,b7b82cc1-99f7-4129-948e-28e0c646c793,nl,true,"{""body"": {""payload"": {""transcription"": {""utterances"": [{""speaker"": 0, ""text"": ""Hallo, bedankt dat je de tijd neemt voor dit interview over werk-priv\u00e9balans."", ""start"": 0.0, ""end"": 5.0, ""confidence"": 0.95}, {""speaker"": 1, ""text"": ""Ja, geen probleem! Ik vind het een interessant onderwerp."", ""start"": 5.1, ""end"": 9.0, ""confidence"": 0.93}, {""speaker"": 0, ""text"": ""Kun je me vertellen hoe jouw werk-priv\u00e9balans er vorig jaar uitzag?"", ""start"": 9.1, ""end"": 13.0, ""confidence"": 0.94}, {""speaker"": 1, ""text"": ""Nou, eh, vorig jaar was best druk. Ik had veel deadlines, dus ik was vaak even 's avonds aan het werk."", ""start"": 13.1, ""end"": 19.0, ""confidence"": 0.91}, {""speaker"": 0, ""text"": ""Oh, dus dat heeft je priv\u00e9leven be\u00efnvloed?"", ""start"": 19.1, ""end"": 22.0, ""confidence"": 0.92}, {""speaker"": 1, ""text"": ""Ja, zeker. Mijn vrienden zagen me niet zo vaak, en ik voelde me soms gewoon opgebrand."", ""start"": 22.1, ""end"": 27.0, ""confidence"": 0.89}, {""speaker"": 0, ""text"": ""Dat klinkt zwaar. Heb je geprobeerd om dat in balans te houden?"", ""start"": 27.1, ""end"": 31.0, ""confidence"": 0.9}, {""speaker"": 1, ""text"": ""Ja, ik heb echt mijn best gedaan om tijd voor mezelf in te plannen, maar soms lukte dat gewoon niet."", ""start"": 31.1, ""end"": 37.0, ""confidence"": 0.88}, {""speaker"": 0, ""text"": ""Wat deed je om die tijd voor jezelf te cre\u00ebren?"", ""start"": 37.1, ""end"": 40.0, ""confidence"": 0.91}, {""speaker"": 1, ""text"": ""Ik, eh, probeerde altijd wel een sportles in te plannen of gewoon even een wandeling te maken."", ""start"": 40.1, ""end"": 45.0, ""confidence"": 0.9}, {""speaker"": 0, ""text"": ""En hoe voelde je je daarna?"", ""start"": 45.1, ""end"": 47.0, ""confidence"": 0.92}, {""speaker"": 1, ""text"": ""Het hielp wel, maar het was een constante strijd, weet je? "", ""start"": 47.1, ""end"": 51.0, ""confidence"": 0.91}, {""speaker"": 0, ""text"": ""Snap ik. Hoeveel uren werkte je gemiddeld per week?"", ""start"": 51.1, ""end"": 54.0, ""confidence"": 0.89}, {""speaker"": 1, ""text"": ""Ik denk dat het rond de vijftig of zo was. Soms meer, soms minder, maar ja, dat was wel het gemiddelde."", ""start"": 54.1, ""end"": 59.0, ""confidence"": 0.9}, {""speaker"": 0, ""text"": ""Dat is best veel. Hoe be\u00efnvloedde dat je energie levels?"", ""start"": 59.1, ""end"": 62.0, ""confidence"": 0.91}, {""speaker"": 1, ""text"": ""Ik merkte dat ik vaak moe was, en soms had ik echt geen zin om iets te doen in het weekend."", ""start"": 62.1, ""end"": 67.0, ""confidence"": 0.9}, {""speaker"": 0, ""text"": ""Dat kan heel frustrerend zijn. Heb je steun gehad van collega's of vrienden?"", ""start"": 67.1, ""end"": 70.0, ""confidence"": 0.93}, {""speaker"": 1, ""text"": ""Ja, mijn collega's zaten in dezelfde situatie, dus we steunden elkaar wel."", ""start"": 70.1, ""end"": 73.0, ""confidence"": 0.92}, {""speaker"": 0, ""text"": ""Dat klinkt goed. Hebben jullie toen ook oplossingen besproken?"", ""start"": 73.1, ""end"": 76.0, ""confidence"": 0.9}, {""speaker"": 1, ""text"": ""Ja, we hebben het gehad over betere werkprocessen en duidelijkere afspraken, maar ja..."", ""start"": 76.1, ""end"": 80.0, ""confidence"": 0.88}, {""speaker"": 0, ""text"": ""Dat is een begin, denk ik. Wat zijn je plannen voor dit jaar?"", ""start"": 80.1, ""end"": 83.0, ""confidence"": 0.92}, {""speaker"": 1, ""text"": ""Ik wil zeker meer tijd voor mezelf maken en misschien ook met collega's meer over deze dingen praten."", ""start"": 83.1, ""end"": 88.0, ""confidence"": 0.91}]}}}}"
28b5273b-936d-4ede-8caf-259bf67fa4ca,f41ba610-9896-4cd8-9283-65c27d256b6c,nl,true,"{""body"": {""payload"": {""transcription"": {""utterances"": [{""speaker"": 0, ""text"": ""Hoi, bedankt dat je de tijd neemt voor dit gesprek! Laten we beginnen met jouw ervaringen met prestatiebeoordeling. Hoe kijk jij daarover?"", ""start"": 0.0, ""end"": 10.2, ""confidence"": 0.95}, {""speaker"": 1, ""text"": ""Hoi! Ja, ik vind prestatiebeoordelingen best interessant, maar ook een beetje ingewikkeld... Het is soms moeilijk om precies te begrijpen wat verwacht wordt."", ""start"": 10.3, ""end"": 22.1, ""confidence"": 0.93}, {""speaker"": 0, ""text"": ""Wat precies vind je ingewikkeld aan die verwachtingen?"", ""start"": 22.2, ""end"": 27.4, ""confidence"": 0.94}, {""speaker"": 1, ""text"": ""Nou, bijvoorbeeld, de criteria zijn vaak niet heel duidelijk... Ik herinner me het niet precies, maar soms is het alsof je moet raden wat ze willen zien."", ""start"": 27.5, ""end"": 39.1, ""confidence"": 0.91}, {""speaker"": 0, ""text"": ""Dat klinkt frustrerend. Heb je daar een specifieke ervaring mee?"", ""start"": 39.2, ""end"": 44.2, ""confidence"": 0.92}, {""speaker"": 1, ""text"": ""Ja, zeker! Een keer had ik een beoordeling en... ik dacht dat ik goed bezig was, maar mijn manager vond dat ik niet proactief genoeg was. Toen dacht ik: wat betekent dat eigenlijk?"", ""start"": 44.3, ""end"": 57.4, ""confidence"": 0.9}, {""speaker"": 0, ""text"": ""Proactief zijn is vaak een vaag begrip, ja. Hoe heb je gereageerd op dat feedback?"", ""start"": 57.5, ""end"": 62.7, ""confidence"": 0.93}, {""speaker"": 1, ""text"": ""Ik heb het geprobeerd te begrijpen, maar ik weet het niet zeker of ik het goed heb opgepakt. Het was niet zo duidelijk voor mij."", ""start"": 62.8, ""end"": 72.0, ""confidence"": 0.88}, {""speaker"": 0, ""text"": ""Dat klinkt lastig. Heb je het idee dat je feedback over prestatiebeoordelingen betere helpende gesprekken kan leiden?"", ""start"": 72.1, ""end"": 78.3, ""confidence"": 0.92}, {""speaker"": 1, ""text"": ""Ja, dat zou zeker helpen! Ik denk dat het fijn is als je samen met je manager praat over wat er beter kan, maar soms voelt het ook als een... ja, een soort 'rechter'-moment."", ""start"": 78.4, ""end"": 90.2, ""confidence"": 0.89}, {""speaker"": 0, ""text"": ""Een 'rechter'-moment? Kun je dat uitleggen?"", ""start"": 90.3, ""end"": 93.8, ""confidence"": 0.91}, {""speaker"": 1, ""text"": ""Ja, het voelt soms als een veroordeling in plaats van een gesprek. Net alsof je moet verdedigen wat je hebt gedaan."", ""start"": 93.9, ""end"": 104.5, ""confidence"": 0.9}, {""speaker"": 0, ""text"": ""Dat begrijp ik. Denk je dat het team goed voorbereid is op prestatiebeoordelingen?"", ""start"": 104.6, ""end"": 108.5, ""confidence"": 0.93}, {""speaker"": 1, ""text"": ""Hmm... ik weet het niet zeker. Sommige mensen hebben er echt moeite mee, terwijl anderen het heel serieus nemen. Het verschilt gewoon."", ""start"": 108.6, ""end"": 119.1, ""confidence"": 0.91}, {""speaker"": 0, ""text"": ""En denk je dat training helpt bij die voorbereidingen?"", ""start"": 119.2, ""end"": 121.8, ""confidence"": 0.89}, {""speaker"": 1, ""text"": ""Ja, ik denk het. Training over hoe je feedback geeft en ontvangt zou echt nuttig zijn. Het maakt het makkelijker om erover te praten."", ""start"": 121.9, ""end"": 130.4, ""confidence"": 0.92}, {""speaker"": 0, ""text"": ""En heb je aanbevelingen voor het verbeteren van het proces van prestatiebeoordeling?"", ""start"": 130.5, ""end"": 135.2, ""confidence"": 0.94}, {""speaker"": 1, ""text"": ""Misschien meer focus op doelen die samenwerken bevorderen? En niet alleen individuele prestaties, dat kan de druk verlagen."", ""start"": 135.3, ""end"": 143.8, ""confidence"": 0.93}, {""speaker"": 0, ""text"": ""Dat is een goed punt! Bedankt dat je deze inzichten met me hebt gedeeld."", ""start"": 143.9, ""end"": 148.3, ""confidence"": 0.95}]}}}}"
1bdc4c6b-0078-4d74-b256-db20567ffc54,4cf59f89-f0bc-4d8c-9516-9c238fa1f934,nl,true,"{""body"": {""payload"": {""transcription"": {""utterances"": [{""speaker"": 0, ""text"": ""Hallo! Dank je wel dat je de tijd neemt voor dit gesprek. Hoe gaat het vandaag met je?"", ""start"": 0.0, ""end"": 6.0, ""confidence"": 0.95}, {""speaker"": 1, ""text"": ""Hey! Ja, het gaat goed, dank je. Een beetje druk, maar dat hoort er ook bij, toch?"", ""start"": 6.1, ""end"": 11.0, ""confidence"": 0.93}, {""speaker"": 0, ""text"": ""Zeker! Kun je me vertellen wat je loopbaandoelen zijn op dit moment?"", ""start"": 11.1, ""end"": 15.0, ""confidence"": 0.94}, {""speaker"": 1, ""text"": ""Nou, ik heb eigenlijk een paar doelen. Ik wil uiteindelijk meer verantwoordelijkheden en misschien... uh, een leidinggevende rol?"", ""start"": 15.1, ""end"": 22.0, ""confidence"": 0.91}, {""speaker"": 0, ""text"": ""Dat klinkt interessant! Wat trekt je aan in een leidinggevende rol?"", ""start"": 22.1, ""end"": 26.0, ""confidence"": 0.92}, {""speaker"": 1, ""text"": ""Ik denk dat ik het leuk vind om mensen te begeleiden en... uh, ze te helpen groeien. Maar ik heb ook gemengde gevoelens, hoor."", ""start"": 26.1, ""end"": 33.0, ""confidence"": 0.89}, {""speaker"": 0, ""text"": ""Oh, vertel daar eens meer over. Wat zijn die gemengde gevoelens?"", ""start"": 33.1, ""end"": 37.0, ""confidence"": 0.93}, {""speaker"": 1, ""text"": ""Nou, ik zie hoeveel druk er op leidinggevenden ligt en... de stijl van onze huidige leidinggevende past niet echt bij mij. Het is heel autoritair."", ""start"": 37.1, ""end"": 45.0, ""confidence"": 0.9}, {""speaker"": 0, ""text"": ""Dat is begrijpelijk. Hoe be\u00efnvloedt dat je motivatie?"", ""start"": 45.1, ""end"": 48.0, ""confidence"": 0.92}, {""speaker"": 1, ""text"": ""Nou, aan de ene kant heb ik zin om meer te doen, maar ik voel me soms echt tegengehouden door die stijl. Het... het demotiveert me."", ""start"": 48.1, ""end"": 55.0, ""confidence"": 0.88}, {""speaker"": 0, ""text"": ""Dat klinkt frustrerend. Heb je overwogen om het daar met je leidinggevende over te hebben?"", ""start"": 55.1, ""end"": 59.0, ""confidence"": 0.91}, {""speaker"": 1, ""text"": ""Ja, dat heb ik wel gedaan, maar het is altijd zo defensief. Het lijkt alsof hij niet openstaat voor feedback, weet je?"", ""start"": 59.1, ""end"": 65.0, ""confidence"": 0.87}, {""speaker"": 0, ""text"": ""Dat maakt het lastig. Wat zou je graag anders zien in de samenwerking?"", ""start"": 65.1, ""end"": 69.0, ""confidence"": 0.92}, {""speaker"": 1, ""text"": ""Ik zou willen dat er meer ruimte is voor dialoog en samenwerking. Meer op een gelijkwaardige manier, denk ik."", ""start"": 69.1, ""end"": 75.0, ""confidence"": 0.9}, {""speaker"": 0, ""text"": ""Dat klinkt als een goede aanpak. Wat zijn, naast deze uitdagingen, nog andere doelen die je hebt?"", ""start"": 75.1, ""end"": 80.0, ""confidence"": 0.93}, {""speaker"": 1, ""text"": ""Ik wil ook mijn vaardigheden ontwikkelen. Dus misschien cursussen volgen, meer trainingen doen. Dat helpt me echt."", ""start"": 80.1, ""end"": 86.0, ""confidence"": 0.91}, {""speaker"": 0, ""text"": ""Dat klinkt heel positief! Heb je al specifieke cursussen in gedachten?"", ""start"": 86.1, ""end"": 89.0, ""confidence"": 0.94}, {""speaker"": 1, ""text"": ""Ja, ik kijk naar leiderschapstrainingen en communicatievaardigheden. Maar dat moet wel passen binnen mijn werk natuurlijk."", ""start"": 89.1, ""end"": 95.0, ""confidence"": 0.92}, {""speaker"": 0, ""text"": ""Begrijpelijk. Het is belangrijk dat je je gesteund voelt in je ontwikkeling. Hoe denk je dat je collega's daarop reageren?"", ""start"": 95.1, ""end"": 101.0, ""confidence"": 0.9}, {""speaker"": 1, ""text"": ""Ik denk dat ze het ook zouden waarderen. Meer samenwerking zou ons allemaal ten goede komen. Maar, ja, het hangt echt van de leiderschapsstijl af..."", ""start"": 101.1, ""end"": 108.0, ""confidence"": 0.89}, {""speaker"": 0, ""text"": ""Dat is een goed punt. Het lijkt erop dat je een heel genuanceerde kijk hebt op je loopbaandoelen en de samenwerking. Heb je nog iets specifieks dat je wilt toevoegen?"", ""start"": 108.1, ""end"": 115.0, ""confidence"": 0.92}, {""speaker"": 1, ""text"": ""Ja, ik hoop gewoon dat er in de toekomst meer ruimte komt voor open communicatie. Dat maakt het allemaal een stuk prettiger."", ""start"": 115.1, ""end"": 120.0, ""confidence"": 0.91}, {""speaker"": 0, ""text"": ""Dat is een mooie afsluiting. Dank je wel voor je eerlijkheid en het delen van je ervaringen!"", ""start"": 120.1, ""end"": 124.0, ""confidence"": 0.94}, {""speaker"": 1, ""text"": ""Graag gedaan! Bedankt voor het luisteren."", ""start"": 124.1, ""end"": 127.0, ""confidence"": 0.93}]}}}}"
ba53eac4-cde9-4d68-ab8a-514cd44fbc8c,b7b82cc1-99f7-4129-948e-28e0c646c793,nl,true,"{""body"": {""payload"": {""transcription"": {""utterances"": [{""speaker"": 0, ""text"": ""Hallo, bedankt dat je de tijd hebt genomen om vandaag met me te praten."", ""start"": 0.0, ""end"": 4.0, ""confidence"": 0.95}, {""speaker"": 1, ""text"": ""Geen probleem, ik vind het altijd leuk om hierover te praten."", ""start"": 4.1, ""end"": 7.0, ""confidence"": 0.93}, {""speaker"": 0, ""text"": ""Kun je me vertellen hoe je de teamdynamiek binnen je team ervaart?"", ""start"": 7.1, ""end"": 10.5, ""confidence"": 0.94}, {""speaker"": 1, ""text"": ""Ja, ik vind de samenwerking over het algemeen heel positief. We hebben, eh, een goede sfeer, denk ik."", ""start"": 10.6, ""end"": 14.0, ""confidence"": 0.91}, {""speaker"": 0, ""text"": ""Dat klinkt goed! Wat maakt die sfeer dan zo positief?"", ""start"": 14.1, ""end"": 17.0, ""confidence"": 0.92}, {""speaker"": 1, ""text"": ""Nou, we ondersteunen elkaar, en iedereen kan zijn idee\u00ebn delen. Maar, uh, er zijn ook, ja, wat complicaties."", ""start"": 17.1, ""end"": 21.5, ""confidence"": 0.88}, {""speaker"": 0, ""text"": ""Wat voor complicaties bedoel je?"", ""start"": 21.6, ""end"": 23.5, ""confidence"": 0.9}, {""speaker"": 1, ""text"": ""De leiderschapsstijl is... soms een beetje problematisch. Ik bedoel, de leider is, eh, heel autoritair."", ""start"": 23.6, ""end"": 27.0, ""confidence"": 0.89}, {""speaker"": 0, ""text"": ""Oh, dat klinkt uitdagend. Hoe be\u00efnvloedt dat de teamdynamiek?"", ""start"": 27.1, ""end"": 30.0, ""confidence"": 0.91}, {""speaker"": 1, ""text"": ""Ja, het zorgt voor een beetje spanning. Mensen voelen zich, eh, niet altijd vrij om te zeggen wat ze denken."", ""start"": 30.1, ""end"": 34.0, ""confidence"": 0.87}, {""speaker"": 0, ""text"": ""Dat is vervelend. Heb je voorbeelden van situaties waarin dat gebeurde?"", ""start"": 34.1, ""end"": 37.5, ""confidence"": 0.92}, {""speaker"": 1, ""text"": ""Ja, bijvoorbeeld tijdens vergaderingen. Mensen aarzelen om hun mening te geven omdat ze bang zijn voor de reactie."", ""start"": 37.6, ""end"": 42.0, ""confidence"": 0.9}, {""speaker"": 0, ""text"": ""Dat klinkt echt moeilijk. Voel je dat het invloed heeft op de kwaliteit van het werk?"", ""start"": 42.1, ""end"": 45.0, ""confidence"": 0.93}, {""speaker"": 1, ""text"": ""Ja, ik denk het wel. Er zijn soms goede idee\u00ebn die gewoon niet gezegd worden. Dat is, eh, zonde."", ""start"": 45.1, ""end"": 49.0, ""confidence"": 0.89}, {""speaker"": 0, ""text"": ""Snap ik. En hoe ga je zelf om met die situatie?"", ""start"": 49.1, ""end"": 52.0, ""confidence"": 0.91}, {""speaker"": 1, ""text"": ""Ik probeer zelf open te zijn en, eh, anderen aan te moedigen om ook hun mening te delen."", ""start"": 52.1, ""end"": 56.0, ""confidence"": 0.88}, {""speaker"": 0, ""text"": ""Dat is een goede aanpak! Denk je dat de leiderschapsstijl kan veranderen?"", ""start"": 56.1, ""end"": 59.0, ""confidence"": 0.92}, {""speaker"": 1, ""text"": ""Dat is moeilijk te zeggen. Misschien, als er feedback komt. Maar, eh, ik vrees dat het niet snel zal veranderen."", ""start"": 59.1, ""end"": 63.0, ""confidence"": 0.86}]}}}}"
115208a2-edc5-4102-bb51-ed0aeacf7d6c,b7b82cc1-99f7-4129-948e-28e0c646c793,nl,true,"{""body"": {""payload"": {""transcription"": {""utterances"": [{""speaker"": 0, ""text"": ""Hallo, en bedankt dat je hier bent vandaag. Kun je beginnen met me te vertellen over een recent conflict dat je hebt meegemaakt op het werk?"", ""start"": 0.0, ""end"": 10.2, ""confidence"": 0.95}, {""speaker"": 1, ""text"": ""Ja, natuurlijk. Er was laatst een situatie met een collega over de verdeling van taken. We hadden verschillende idee\u00ebn over hoe we een project moesten aanpakken."", ""start"": 10.3, ""end"": 21.5, ""confidence"": 0.92}, {""speaker"": 0, ""text"": ""Dat klinkt interessant. Hoe is dat conflict precies ontstaan?"", ""start"": 21.6, ""end"": 26.4, ""confidence"": 0.94}, {""speaker"": 1, ""text"": ""Nou, ik denk dat het vooral kwam door een gebrek aan communicatie. We hadden niet echt goed besproken wie wat zou doen, en daardoor ontstonden er misverstanden."", ""start"": 26.5, ""end"": 36.8, ""confidence"": 0.91}, {""speaker"": 0, ""text"": ""En hoe heb je dat zelf ervaren?"", ""start"": 36.9, ""end"": 39.5, ""confidence"": 0.93}, {""speaker"": 1, ""text"": ""Eh, ik voelde me best gefrustreerd, omdat ik dacht dat we, als team, beter moesten kunnen samenwerken. Maar ik waardeer echt de samenwerking met mijn collega's."", ""start"": 39.6, ""end"": 50.2, ""confidence"": 0.9}, {""speaker"": 0, ""text"": ""Wat heb je toen gedaan om het conflict op te lossen?"", ""start"": 50.3, ""end"": 53.8, ""confidence"": 0.94}, {""speaker"": 1, ""text"": ""Ik heb uiteindelijk het initiatief genomen om een gesprek aan te gaan. We hebben onze standpunten gedeeld, en dat hielp echt om de lucht te klaren, maar..."", ""start"": 53.9, ""end"": 66.0, ""confidence"": 0.89}, {""speaker"": 0, ""text"": ""Maar?"", ""start"": 66.1, ""end"": 67.0, ""confidence"": 0.96}, {""speaker"": 1, ""text"": ""Maar het voelde nog steeds alsof er iets mis was met de manier waarop ons team geleid werd. De manager had, eh, niet echt een heldere visie, weet je?"", ""start"": 67.1, ""end"": 78.5, ""confidence"": 0.88}, {""speaker"": 0, ""text"": ""Dat is begrijpelijk. Hoe denk je dat dat de samenwerking be\u00efnvloedt?"", ""start"": 78.6, ""end"": 82.0, ""confidence"": 0.93}, {""speaker"": 1, ""text"": ""Het zorgt voor verwarring en frustratie, omdat je niet echt weet wat er van je verwacht wordt. Daardoor kunnen dingen sneller escaleren."", ""start"": 82.1, ""end"": 91.7, ""confidence"": 0.87}, {""speaker"": 0, ""text"": ""Dus je hebt gemengde gevoelens over de samenwerking en het leiderschap?"", ""start"": 91.8, ""end"": 95.5, ""confidence"": 0.95}, {""speaker"": 1, ""text"": ""Ja, precies! Ik vind het fijn om met mijn collega's te werken, maar de manier waarop het team wordt geleid kan echt beter."", ""start"": 95.6, ""end"": 105.2, ""confidence"": 0.89}, {""speaker"": 0, ""text"": ""Als je iets zou kunnen veranderen aan de leiderschapsstijl, wat zou dat dan zijn?"", ""start"": 105.3, ""end"": 109.0, ""confidence"": 0.92}, {""speaker"": 1, ""text"": ""Ik denk dat transparantie en betrokkenheid heel belangrijk zijn. Als de manager ons meer zou betrekken bij beslissingen, zou dat veel helpen."", ""start"": 109.1, ""end"": 120.0, ""confidence"": 0.9}, {""speaker"": 0, ""text"": ""Dat klinkt als een goede idee. Heb je al geprobeerd om dit met je leidinggevende te bespreken?"", ""start"": 120.1, ""end"": 123.5, ""confidence"": 0.94}, {""speaker"": 1, ""text"": ""Ja, ik heb het een keer aangekaart, maar het was niet echt, eh, het leidde niet tot veel actie. Dat was teleurstellend."", ""start"": 123.6, ""end"": 133.5, ""confidence"": 0.88}, {""speaker"": 0, ""text"": ""Dat begrijp ik. Het is dus een uitdaging om de juiste veranderingen door te voeren."", ""start"": 133.6, ""end"": 137.0, ""confidence"": 0.92}, {""speaker"": 1, ""text"": ""Ja, inderdaad. Maar ik blijf hopen dat het beter wordt, want ik zie veel potentieel in ons team."", ""start"": 137.1, ""end"": 144.5, ""confidence"": 0.91}, {""speaker"": 0, ""text"": ""Dank je wel voor het delen van je ervaringen vandaag. Heel waardevol."", ""start"": 144.6, ""end"": 148.0, ""confidence"": 0.95}, {""speaker"": 1, ""text"": ""Graag gedaan! Dank je voor het luisteren."", ""start"": 148.1, ""end"": 152.0, ""confidence"": 0.92}]}}}}"
9e874662-f9e3-4ede-9685-6aac028eb552,6b74b838-bd51-4f6b-a0e2-eb782d310ebe,nl,true,"{""body"": {""payload"": {""transcription"": {""utterances"": [{""speaker"": 0, ""text"": ""Hallo, bedankt dat je de tijd neemt voor dit interview!"", ""start"": 0.0, ""end"": 4.0, ""confidence"": 0.95}, {""speaker"": 1, ""text"": ""Ja, geen probleem! Ik vind het wel interessant om hierover te praten."", ""start"": 4.1, ""end"": 8.0, ""confidence"": 0.93}, {""speaker"": 0, ""text"": ""Mooi! Laten we beginnen met de vraag hoe jij het thuiswerken tot nu toe ervaart."", ""start"": 8.1, ""end"": 12.2, ""confidence"": 0.94}, {""speaker"": 1, ""text"": ""Nou, ik vind deels dat het voordelen heeft. De flexibiliteit is fijn, maar..."", ""start"": 12.3, ""end"": 16.0, ""confidence"": 0.92}, {""speaker"": 0, ""text"": ""Maar wat is het minder positieve aspect voor jou?"", ""start"": 16.1, ""end"": 19.5, ""confidence"": 0.9}, {""speaker"": 1, ""text"": ""Ja, dat zit 'm vooral in de communicatie met onze leidinggevende. Het is..."", ""start"": 19.6, ""end"": 23.0, ""confidence"": 0.91}, {""speaker"": 0, ""text"": ""Kun je daar iets meer over vertellen?"", ""start"": 23.1, ""end"": 25.5, ""confidence"": 0.88}, {""speaker"": 1, ""text"": ""Ja, hij reageert vaak heel kortaf en... ik heb het gevoel dat hij niet echt... luistert."", ""start"": 25.6, ""end"": 30.0, ""confidence"": 0.89}, {""speaker"": 0, ""text"": ""Dat klinkt frustrerend. Hoe heeft dat invloed op de samenwerking?"", ""start"": 30.1, ""end"": 34.0, ""confidence"": 0.92}, {""speaker"": 1, ""text"": ""Ja, dat is het. Het team werkt nog steeds goed samen, maar er is... een gebrek aan... richting, denk ik."", ""start"": 34.1, ""end"": 39.0, ""confidence"": 0.9}, {""speaker"": 0, ""text"": ""Dus jij vindt dat de samenwerking in het team goed is, maar dat de leidinggevende dat in de weg staat?"", ""start"": 39.1, ""end"": 43.0, ""confidence"": 0.93}, {""speaker"": 1, ""text"": ""Precies! We hebben echt een goed teamgevoel, dat is positief. Maar... aan de top gaat het soms mis."", ""start"": 43.1, ""end"": 49.0, ""confidence"": 0.92}, {""speaker"": 0, ""text"": ""Wat vind je van de tools en technologie die jullie gebruiken voor het thuiswerken?"", ""start"": 49.1, ""end"": 53.0, ""confidence"": 0.91}, {""speaker"": 1, ""text"": ""Die zijn over het algemeen wel goed. We gebruiken bijvoorbeeld Zoom en... Slack, en dat werkt goed, maar..."", ""start"": 53.1, ""end"": 58.0, ""confidence"": 0.89}, {""speaker"": 0, ""text"": ""Maar?"", ""start"": 58.1, ""end"": 59.0, ""confidence"": 0.82}, {""speaker"": 1, ""text"": ""De vergadering kan soms chaotisch zijn. Het lijkt alsof iedereen door elkaar praat zonder... duidelijke structuur."", ""start"": 59.1, ""end"": 64.0, ""confidence"": 0.88}, {""speaker"": 0, ""text"": ""Dat klinkt als een uitdaging. Wat zou je willen veranderen aan de manier van leidinggeven?"", ""start"": 64.1, ""end"": 68.0, ""confidence"": 0.91}, {""speaker"": 1, ""text"": ""Nou, ik zou willen dat hij... meer openstaat voor feedback en dat hij echt... naar ons luistert."", ""start"": 68.1, ""end"": 72.0, ""confidence"": 0.9}, {""speaker"": 0, ""text"": ""Dat lijkt me heel waardevol. Heb je het gevoel dat dat kan veranderen?"", ""start"": 72.1, ""end"": 75.0, ""confidence"": 0.89}, {""speaker"": 1, ""text"": ""Ik hoop het, maar ik ben niet zeker. Soms lijkt het alsof... hij in zijn eigen wereld zit."", ""start"": 75.1, ""end"": 79.0, ""confidence"": 0.87}, {""speaker"": 0, ""text"": ""Bedankt voor je openhartigheid! Heb je nog iets toe te voegen?"", ""start"": 79.1, ""end"": 83.0, ""confidence"": 0.9}, {""speaker"": 1, ""text"": ""Ja, ik hoop gewoon dat we een manier vinden om... beter samen te werken, ook al werkt iedereen thuis."", ""start"": 83.1, ""end"": 88.0, ""confidence"": 0.92}]}}}}"
9322e7d7-a49f-4e86-81fb-22207932bd0b,f41ba610-9896-4cd8-9283-65c27d256b6c,nl,true,"{""body"": {""payload"": {""transcription"": {""utterances"": [{""speaker"": 0, ""text"": ""Hallo, en bedankt dat je de tijd neemt voor dit gesprek."", ""start"": 0.0, ""end"": 3.5, ""confidence"": 0.95}, {""speaker"": 1, ""text"": ""Ja, geen probleem! Ik vind het een interessant onderwerp."", ""start"": 3.6, ""end"": 6.0, ""confidence"": 0.94}, {""speaker"": 0, ""text"": ""Super! Kun je me vertellen wat je huidige verwachtingen zijn als het gaat om salaris?"", ""start"": 6.1, ""end"": 9.5, ""confidence"": 0.92}, {""speaker"": 1, ""text"": ""Nou, ik denk dat ik, gezien mijn ervaring en de markt, een salaris van zo'n... tja, rond de vijftigduizend euro per jaar, zou moeten krijgen."", ""start"": 9.6, ""end"": 15.0, ""confidence"": 0.93}, {""speaker"": 0, ""text"": ""Dat klinkt redelijk. Hoe ben je tot dat bedrag gekomen?"", ""start"": 15.1, ""end"": 17.0, ""confidence"": 0.9}, {""speaker"": 1, ""text"": ""Ik heb... uh, wat vergelijkingen gemaakt met andere vacatures en collega\u2019s, ook gekeken naar mijn opleidingsniveau en skills."", ""start"": 17.1, ""end"": 22.0, ""confidence"": 0.91}, {""speaker"": 0, ""text"": ""Interessant! Heb je ook rekening gehouden met andere secundaire arbeidsvoorwaarden?"", ""start"": 22.1, ""end"": 25.0, ""confidence"": 0.89}, {""speaker"": 1, ""text"": ""Ja, zeker! Dingen zoals pensioenregelingen, vakantiedagen en... natuurlijk werk-priv\u00e9balans zijn ook belangrijk voor mij."", ""start"": 25.1, ""end"": 30.0, ""confidence"": 0.92}, {""speaker"": 0, ""text"": ""En hoe belangrijk is die werk-priv\u00e9balans in relatie tot je salarisverwachting?"", ""start"": 30.1, ""end"": 33.0, ""confidence"": 0.88}, {""speaker"": 1, ""text"": ""Nou, het is echt een groot deel van mijn beslissing. Ik wil gewoon niet al mijn tijd op werk besteden, terwijl ik ook een leven buiten kantoor heb."", ""start"": 33.1, ""end"": 39.0, ""confidence"": 0.9}, {""speaker"": 0, ""text"": ""Begrijpelijk. Denk je dat je salarisverwachtingen zullen veranderen als je meer ervaring opdoet?"", ""start"": 39.1, ""end"": 42.5, ""confidence"": 0.91}, {""speaker"": 1, ""text"": ""Zeker, ik hoop dat ze dat zullen doen! Maar ik wil ook dat mijn werkresultaten echt gewaardeerd worden, h\u00e8."", ""start"": 42.6, ""end"": 46.5, ""confidence"": 0.93}, {""speaker"": 0, ""text"": ""Dat is een goede instelling. Heb je ooit onderhandeld over je salaris?"", ""start"": 46.6, ""end"": 49.0, ""confidence"": 0.89}, {""speaker"": 1, ""text"": ""Ja, een keer, maar het was... een beetje awkward, weet je, het gesprek erover was niet echt prettig."", ""start"": 49.1, ""end"": 53.0, ""confidence"": 0.9}, {""speaker"": 0, ""text"": ""Wat maakte het zo awkward?"", ""start"": 53.1, ""end"": 54.5, ""confidence"": 0.87}, {""speaker"": 1, ""text"": ""Nou, ik had het gevoel dat ik niet goed voorbereid was, en mijn baas leek... echt niet open te staan voor mijn argumenten."", ""start"": 54.6, ""end"": 59.0, ""confidence"": 0.91}, {""speaker"": 0, ""text"": ""Dat is begrijpelijk. Wat zou je anders doen als je de kans opnieuw kreeg?"", ""start"": 59.1, ""end"": 62.0, ""confidence"": 0.92}, {""speaker"": 1, ""text"": ""Ik zou meer research doen en misschien ook... een beter gevoel hebben willen cre\u00ebren voor het gesprek, meer vertrouwen hebben."", ""start"": 62.1, ""end"": 66.0, ""confidence"": 0.93}]}}}}"
9a9d2429-3ff0-4b69-bb56-12e9121f1ef2,b7b82cc1-99f7-4129-948e-28e0c646c793,nl,true,"{""body"": {""payload"": {""transcription"": {""utterances"": [{""speaker"": 0, ""text"": ""Hallo, bedankt dat je de tijd neemt voor dit gesprek. Kun je beginnen met vertellen over hoe je de bedrijfscultuur hier ervaart?"", ""start"": 0.0, ""end"": 8.0, ""confidence"": 0.95}, {""speaker"": 1, ""text"": ""Hoi! Ja, natuurlijk. Dus, ehm, de bedrijfscultuur hier is, ja, best wel open, denk ik. Mensen zijn eigenlijk altijd bereid om te helpen."", ""start"": 8.1, ""end"": 16.0, ""confidence"": 0.92}, {""speaker"": 0, ""text"": ""Dat klinkt goed! Heb je specifieke voorbeelden van hoe die openheid zich uit in de dagelijkse werkzaamheden?"", ""start"": 16.1, ""end"": 24.0, ""confidence"": 0.94}, {""speaker"": 1, ""text"": ""Eh, ja, bijvoorbeeld, als ik vragen heb, kan ik altijd naar mijn team leiden... of gewoon collega's aanspreken. Dat is echt fijn."", ""start"": 24.1, ""end"": 32.0, ""confidence"": 0.93}, {""speaker"": 0, ""text"": ""En hoe vind je de samenwerking tussen de verschillende teams?"", ""start"": 32.1, ""end"": 40.0, ""confidence"": 0.9}, {""speaker"": 1, ""text"": ""Hmm, dat is soms een beetje lastig. Ehm, ik weet het niet zeker, maar het lijkt, uh, soms alsof de teams, ja, voor zichzelf werken. Het kan beter."", ""start"": 40.1, ""end"": 48.0, ""confidence"": 0.88}, {""speaker"": 0, ""text"": ""Dat is een interessante observatie. Wat denk je dat de oorzaak daarvan is?"", ""start"": 48.1, ""end"": 56.0, ""confidence"": 0.91}, {""speaker"": 1, ""text"": ""Ehm, nou... er zijn veel projecten gaande, en ja, iedereen is druk, denk ik. Maar, ik weet het niet precies, er is weinig tijd om echt, eh, samen te werken tussen de teams."", ""start"": 56.1, ""end"": 64.0, ""confidence"": 0.87}, {""speaker"": 0, ""text"": ""Snap ik. En hoe gaat de communicatie met het management?"", ""start"": 64.1, ""end"": 72.0, ""confidence"": 0.92}, {""speaker"": 1, ""text"": ""Nou, ze hebben soms wel een open deur beleid, maar, ehm, het voelt niet altijd zo. Soms duurt het echt lang voordat je antwoord krijgt op iets."", ""start"": 72.1, ""end"": 80.0, ""confidence"": 0.94}, {""speaker"": 0, ""text"": ""Dus je denkt dat er misschien ruimte voor verbetering is?"", ""start"": 80.1, ""end"": 88.0, ""confidence"": 0.93}, {""speaker"": 1, ""text"": ""Ja, absoluut. Ehm, vooral als het gaat om feedback. Soms, eh, krijg je pas feedback als het al te laat is."", ""start"": 88.1, ""end"": 96.0, ""confidence"": 0.9}, {""speaker"": 0, ""text"": ""Dat is helemaal begrijpelijk. Hoe ervaar je de waardering die je krijgt voor je werk?"", ""start"": 96.1, ""end"": 104.0, ""confidence"": 0.91}, {""speaker"": 1, ""text"": ""Ehm, dat is best wel gemengd. Soms voelt het echt goed, zoals als je een project succesvol afrondt, maar andere keren... ehm, dan voelt het alsof niemand het opmerkt."", ""start"": 104.1, ""end"": 112.0, ""confidence"": 0.88}, {""speaker"": 0, ""text"": ""Dat klinkt frustrerend. Wat zou je willen veranderen aan die situatie?"", ""start"": 112.1, ""end"": 120.0, ""confidence"": 0.92}, {""speaker"": 1, ""text"": ""Nou, ik denk dat meer erkenning, eh, meer regelmatig zou helpen. Ook gewoon, ja, een cultureel iets waar we elkaar meer waarderen..."", ""start"": 120.1, ""end"": 128.0, ""confidence"": 0.89}, {""speaker"": 0, ""text"": ""Lijkt me een goede suggestie. Zijn er elementen van de bedrijfscultuur waar je wel blij mee bent?"", ""start"": 128.1, ""end"": 136.0, ""confidence"": 0.9}, {""speaker"": 1, ""text"": ""Ja, absoluut. De sociale activiteiten zijn bijvoorbeeld leuk. Ehm, het brengt mensen bij elkaar, en dat vind ik echt fijn."", ""start"": 136.1, ""end"": 144.0, ""confidence"": 0.94}, {""speaker"": 0, ""text"": ""Dat is goed om te horen! Heb je nog andere opmerkingen of gedachten over de bedrijfscultuur?"", ""start"": 144.1, ""end"": 152.0, ""confidence"": 0.91}, {""speaker"": 1, ""text"": ""Ehm, ja. Ik denk dat open communicatie echt belangrijk is, en dat we daar meer aan moeten werken. Het kan zoveel verschil maken."", ""start"": 152.1, ""end"": 160.0, ""confidence"": 0.93}]}}}}"
732d2082-f3f7-4001-aa8b-c25bca12f686,6b74b838-bd51-4f6b-a0e2-eb782d310ebe,nl,true,"{""body"": {""payload"": {""transcription"": {""utterances"": [{""speaker"": 0, ""text"": ""Hallo en welkom, leuk dat je deelneemt aan dit interview. Kun je beginnen met je naam en functie?"", ""start"": 0.0, ""end"": 8.0, ""confidence"": 0.95}, {""speaker"": 1, ""text"": ""Ja, natuurlijk! Mijn naam is Lisa en ik ben onlangs begonnen als marketingassistent."", ""start"": 8.5, ""end"": 15.5, ""confidence"": 0.94}, {""speaker"": 0, ""text"": ""Wat vond je van je inwerkervaring tot nu toe?"", ""start"": 16.0, ""end"": 20.0, ""confidence"": 0.92}, {""speaker"": 1, ""text"": ""Oh, ik moet zeggen dat ik het eigenlijk heel leuk vind. Het team is super vriendelijk en de trainingen zijn, ehm, best goed."", ""start"": 20.5, ""end"": 30.0, ""confidence"": 0.93}, {""speaker"": 0, ""text"": ""Wat maakt het team zo vriendelijk?"", ""start"": 30.5, ""end"": 33.5, ""confidence"": 0.91}, {""speaker"": 1, ""text"": ""Nou, iedereen is, uh, echt bereid om te helpen. En ze geven me ook veel feedback, wat fijn is."", ""start"": 34.0, ""end"": 41.0, ""confidence"": 0.92}, {""speaker"": 0, ""text"": ""Dat klinkt goed! Zijn er specifieke dingen die je hebt geleerd tijdens je inwerkperiode?"", ""start"": 41.5, ""end"": 46.5, ""confidence"": 0.9}, {""speaker"": 1, ""text"": ""Ja, zeker, ik heb meer geleerd over digitale marketing en hoe we onze campagnes kunnen optimaliseren."", ""start"": 47.0, ""end"": 53.0, ""confidence"": 0.91}, {""speaker"": 0, ""text"": ""En hoe voel je je over je rol binnen het team?"", ""start"": 53.5, ""end"": 57.5, ""confidence"": 0.89}, {""speaker"": 1, ""text"": ""Hmm, dat is een goede vraag. Aan de ene kant voel ik me wel op mijn plek, maar\u2014"", ""start"": 58.0, ""end"": 63.0, ""confidence"": 0.88}, {""speaker"": 0, ""text"": ""Maar? Wat zijn je twijfels?"", ""start"": 63.5, ""end"": 66.5, ""confidence"": 0.9}, {""speaker"": 1, ""text"": ""Nou, ik maak me soms zorgen of ik de verwachtingen wel kan waarmaken, weet je? Er is best veel druk."", ""start"": 67.0, ""end"": 75.0, ""confidence"": 0.87}, {""speaker"": 0, ""text"": ""Dat is heel begrijpelijk. Heb je het gevoel dat je de juiste ondersteuning krijgt?"", ""start"": 75.5, ""end"": 79.5, ""confidence"": 0.91}, {""speaker"": 1, ""text"": ""Ja, maar soms, ehm, voel ik dat ik niet altijd durf te vragen wat ik wil weten. Bang om te veel te storen of zo."", ""start"": 80.0, ""end"": 87.0, ""confidence"": 0.89}, {""speaker"": 0, ""text"": ""Dat is een veelvoorkomend gevoel. Wat zou je willen veranderen in de inwerkperiode?"", ""start"": 87.5, ""end"": 91.5, ""confidence"": 0.9}, {""speaker"": 1, ""text"": ""Ik denk dat het goed zou zijn om meer check-ins te hebben, eh, om te zien hoe iedereen zich voelt. Gewoon een beetje meer ruimte om te praten."", ""start"": 92.0, ""end"": 100.0, ""confidence"": 0.91}, {""speaker"": 0, ""text"": ""Dat klinkt als een waardevolle suggestie. Heb je nog andere dingen die je zou willen delen?"", ""start"": 100.5, ""end"": 104.5, ""confidence"": 0.92}, {""speaker"": 1, ""text"": ""Ik ben, eh, echt blij met deze rol, maar die druk maakt me soms wel onzeker. Ik hoop dat dat beter wordt."", ""start"": 105.0, ""end"": 112.0, ""confidence"": 0.88}, {""speaker"": 0, ""text"": ""En wat maakt je blij met deze rol?"", ""start"": 112.5, ""end"": 115.5, ""confidence"": 0.9}, {""speaker"": 1, ""text"": ""Het creatieve aspect, de samenwerking met collega's... het voelt gewoon goed, behalve soms die twijfel."", ""start"": 116.0, ""end"": 122.0, ""confidence"": 0.89}, {""speaker"": 0, ""text"": ""Dank je wel, Lisa, voor het delen van je ervaringen. Dit is heel waardevol."", ""start"": 122.5, ""end"": 126.5, ""confidence"": 0.95}]}}}}"
e9ef6603-e4bf-4978-9782-8038ded854b0,f41ba610-9896-4cd8-9283-65c27d256b6c,nl,true,"{""body"": {""payload"": {""transcription"": {""utterances"": [{""speaker"": 0, ""text"": ""Hallo! Bedankt dat je de tijd neemt voor dit interview."", ""start"": 0.0, ""end"": 4.0, ""confidence"": 0.95}, {""speaker"": 1, ""text"": ""Geen probleem, ik vind het eigenlijk wel leuk om hierover te praten."", ""start"": 4.1, ""end"": 8.0, ""confidence"": 0.94}, {""speaker"": 0, ""text"": ""Mooi om te horen! Kun je beginnen met te vertellen wat werkplezier voor jou betekent?"", ""start"": 8.1, ""end"": 12.5, ""confidence"": 0.93}, {""speaker"": 1, ""text"": ""Ja, voor mij is werkplezier vooral het gevoel van voldoening. Als ik iets kan bereiken, dan.."", ""start"": 12.6, ""end"": 17.0, ""confidence"": 0.92}, {""speaker"": 1, ""text"": ""..ja, en het samenwerken met collega's is ook heel belangrijk."", ""start"": 17.1, ""end"": 20.0, ""confidence"": 0.91}, {""speaker"": 0, ""text"": ""Wat maakt de samenwerking met je collega's zo fijn?"", ""start"": 20.1, ""end"": 23.5, ""confidence"": 0.89}, {""speaker"": 1, ""text"": ""Nou, we hebben echt een goede sfeer. Iedereen helpt elkaar en we kunnen lachen."", ""start"": 23.6, ""end"": 28.0, ""confidence"": 0.9}, {""speaker"": 0, ""text"": ""Dat klinkt goed! Zijn er specifieke momenten die je zijn bijgebleven?"", ""start"": 28.1, ""end"": 32.0, ""confidence"": 0.91}, {""speaker"": 1, ""text"": ""Ja, laatst hadden we een teamuitje. We hebben echt veel plezier gehad en dat.."", ""start"": 32.1, ""end"": 36.5, ""confidence"": 0.88}, {""speaker"": 1, ""text"": ""..heeft ons dichter bij elkaar gebracht, zeg maar."", ""start"": 36.6, ""end"": 39.0, ""confidence"": 0.89}, {""speaker"": 0, ""text"": ""Wat vind je verder belangrijk voor je werkplezier?"", ""start"": 39.1, ""end"": 42.0, ""confidence"": 0.92}, {""speaker"": 1, ""text"": ""De uitdaging! Ik wil graag iets leren en groeien in mijn rol. Soms heb ik het gevoel dat.."", ""start"": 42.1, ""end"": 46.0, ""confidence"": 0.9}, {""speaker"": 1, ""text"": ""..ik niet genoeg kansen krijg, dat kan frustrerend zijn."", ""start"": 46.1, ""end"": 50.0, ""confidence"": 0.88}, {""speaker"": 0, ""text"": ""Dus, groei en ontwikkeling zijn ook echt belangrijk voor jou. Heb je daarover gesproken met je manager?"", ""start"": 50.1, ""end"": 54.0, ""confidence"": 0.91}, {""speaker"": 1, ""text"": ""Ja, ik heb dat onlangs gedaan. Hij was open voor feedback, maar het blijft altijd een uitdaging."", ""start"": 54.1, ""end"": 58.5, ""confidence"": 0.93}, {""speaker"": 0, ""text"": ""Snap ik. En hoe ga je om met momenten dat je minder werkplezier ervaart?"", ""start"": 58.6, ""end"": 61.5, ""confidence"": 0.9}, {""speaker"": 1, ""text"": ""Ik probeer dan te reflecteren op wat er aan de hand is. Soms helpt het om er gewoon over te praten."", ""start"": 61.6, ""end"": 66.0, ""confidence"": 0.92}, {""speaker"": 0, ""text"": ""Dat klinkt als een goede aanpak. Wat zou je willen veranderen aan je werkplek?"", ""start"": 66.1, ""end"": 69.5, ""confidence"": 0.89}, {""speaker"": 1, ""text"": ""Misschien meer teamactiviteiten of trainingen. Dat zou echt helpen om de teamgeest te verbeteren."", ""start"": 69.6, ""end"": 73.5, ""confidence"": 0.91}, {""speaker"": 0, ""text"": ""Ik snap wat je bedoelt. Extra verbinding kan zeker bijdragen aan werkplezier. "", ""start"": 73.6, ""end"": 77.0, ""confidence"": 0.92}, {""speaker"": 1, ""text"": ""Ja, dat denk ik ook. Het is toch fijn om samen te groeien."", ""start"": 77.1, ""end"": 80.0, ""confidence"": 0.9}]}}}}"
fb15710f-f2ab-4ace-8be7-50adf3e3c318,b7b82cc1-99f7-4129-948e-28e0c646c793,nl,true,"{""body"": {""payload"": {""transcription"": {""utterances"": [{""speaker"": 0, ""text"": ""Welkom, fijn dat je de tijd neemt voor dit gesprek. Laten we beginnen met de werk-priv\u00e9balans. Hoe ervaar jij dat in je dagelijks leven?"", ""start"": 0.0, ""end"": 9.5, ""confidence"": 0.95}, {""speaker"": 1, ""text"": ""Ja, dat is een goede vraag. Ik denk dat het soms best lastig is. Ik heb een drukke baan en dat kan... mmm, dat kan wel eens overhand krijgen."", ""start"": 9.6, ""end"": 18.2, ""confidence"": 0.93}, {""speaker"": 0, ""text"": ""Wat bedoel je precies met 'overhand krijgen'?"", ""start"": 18.3, ""end"": 21.5, ""confidence"": 0.94}, {""speaker"": 1, ""text"": ""Nou, ik merk dat ik soms... ehm, als ik thuis kom, dat ik nog steeds aan het werk denk. Het is moeilijk om echt los te laten."", ""start"": 21.6, ""end"": 30.0, ""confidence"": 0.92}, {""speaker"": 0, ""text"": ""En hoe be\u00efnvloedt dat jouw thuissituatie?"", ""start"": 30.1, ""end"": 32.8, ""confidence"": 0.91}, {""speaker"": 1, ""text"": ""Dat kan... eh, dat zorgt voor spanning. Mijn partner, die merkte het eerst. Soms zit ik gewoon op de bank, maar mijn hoofd is nog op kantoor. Dat is niet fijn."", ""start"": 32.9, ""end"": 42.5, ""confidence"": 0.89}, {""speaker"": 0, ""text"": ""Dat klinkt echt moeilijk. Heb je geprobeerd om daar iets aan te doen?"", ""start"": 42.6, ""end"": 46.2, ""confidence"": 0.94}, {""speaker"": 1, ""text"": ""Ja, ik heb geprobeerd om... mm, een soort van tijd voor mezelf in te plannen. Maar, dat lukt niet altijd. Er zijn gewoon dagen dat het niet kan."", ""start"": 46.3, ""end"": 55.0, ""confidence"": 0.88}, {""speaker"": 0, ""text"": ""Wat voor dingen doe je dan in die tijd voor jezelf?"", ""start"": 55.1, ""end"": 58.5, ""confidence"": 0.92}, {""speaker"": 1, ""text"": ""Ehm, ik probeer te sporten of te lezen. Gewoon even iets voor mezelf. Maar ja... soms is mijn hoofd te vol om te concentreren op wat ik doe."", ""start"": 58.6, ""end"": 66.5, ""confidence"": 0.9}, {""speaker"": 0, ""text"": ""Dat klinkt herkenbaar. Wat zou je graag willen veranderen in die balans?"", ""start"": 66.6, ""end"": 70.0, ""confidence"": 0.93}, {""speaker"": 1, ""text"": ""Ik zou willen dat ik echt kan afsluiten na werk. Misschien... misschien ook duidelijke werkuren. Zodat ik weet dat ik tijd voor mezelf heb."", ""start"": 70.1, ""end"": 78.0, ""confidence"": 0.91}, {""speaker"": 0, ""text"": ""Dat klinkt als een goed idee. Hoe denk je dat je dat kunt implementeren?"", ""start"": 78.1, ""end"": 81.5, ""confidence"": 0.92}, {""speaker"": 1, ""text"": ""Misschien door met mijn baas te praten over flexibele uren. Of gewoon duidelijker te communiceren dat ik... eh, dat ik ook tijd nodig heb om op te laden."", ""start"": 81.6, ""end"": 90.2, ""confidence"": 0.89}, {""speaker"": 0, ""text"": ""Dat zou een goede stap kunnen zijn. Heb je steun van je collega\u2019s hierin?"", ""start"": 90.3, ""end"": 93.6, ""confidence"": 0.9}, {""speaker"": 1, ""text"": ""Ja, sommige collega's begrijpen het wel, maar er zijn er ook die... die doorgaan tot laat. Dat maakt het soms lastig."", ""start"": 93.7, ""end"": 102.0, ""confidence"": 0.88}, {""speaker"": 0, ""text"": ""Dus dat werkt ook tegen je. Hoe voel je je als je die druk ervaart?"", ""start"": 102.1, ""end"": 105.3, ""confidence"": 0.91}, {""speaker"": 1, ""text"": ""Ik voel me dan... eh, soms gefrustreerd en moe. Want ik wil ook goed presteren, maar ik wil niet ten koste van mezelf."", ""start"": 105.4, ""end"": 113.5, ""confidence"": 0.88}]}}}}"
74774ab8-af63-428c-bc2a-b66ef407d9b9,f41ba610-9896-4cd8-9283-65c27d256b6c,nl,true,"{""body"": {""payload"": {""transcription"": {""utterances"": [{""speaker"": 0, ""text"": ""Goedemiddag, dank je wel dat je hier bent vandaag."", ""start"": 0.0, ""end"": 3.0, ""confidence"": 0.95}, {""speaker"": 1, ""text"": ""Ja, graag gedaan! Ik vind het belangrijk om hierover te praten."", ""start"": 3.5, ""end"": 7.0, ""confidence"": 0.93}, {""speaker"": 0, ""text"": ""Zou je me kunnen vertellen wat jouw ervaring is met prestatiebeoordelingen?"", ""start"": 7.5, ""end"": 11.5, ""confidence"": 0.94}, {""speaker"": 1, ""text"": ""Nou, ik heb verschillende soorten ervaringen gehad. Soms voelt het goed en soms, ja, minder."", ""start"": 12.0, ""end"": 17.0, ""confidence"": 0.91}, {""speaker"": 0, ""text"": ""Kun je een specifiek voorbeeld geven van een beoordeling die je is bijgebleven?"", ""start"": 17.5, ""end"": 22.0, ""confidence"": 0.92}, {""speaker"": 1, ""text"": ""Ja, zeker! Er was een keer dat mijn manager echt... heel, eh, specifiek was over mijn werk."", ""start"": 22.5, ""end"": 27.5, ""confidence"": 0.9}, {""speaker"": 0, ""text"": ""Dat klinkt interessant. Wat maakte dat specifiek?"", ""start"": 28.0, ""end"": 30.5, ""confidence"": 0.89}, {""speaker"": 1, ""text"": ""Nou, hij had concrete voorbeelden van projecten en... dat hielp echt om te begrijpen wat goed ging en wat beter kon."", ""start"": 31.0, ""end"": 37.0, ""confidence"": 0.92}, {""speaker"": 0, ""text"": ""En hoe voelde je je na zo'n beoordeling?"", ""start"": 37.5, ""end"": 40.5, ""confidence"": 0.94}, {""speaker"": 1, ""text"": ""Ik voelde me gewaardeerd, maar ook... ja, onder druk om te verbeteren, zeg maar."", ""start"": 41.0, ""end"": 46.0, ""confidence"": 0.91}, {""speaker"": 0, ""text"": ""Dus het was een mix van positieve en negatieve gevoelens?"", ""start"": 46.5, ""end"": 50.0, ""confidence"": 0.93}, {""speaker"": 1, ""text"": ""Ja, precies. Maar ik denk wel dat het belangrijk is om feedback te krijgen, ook al is het soms moeilijk."", ""start"": 50.5, ""end"": 55.5, ""confidence"": 0.92}, {""speaker"": 0, ""text"": ""Wat zou je willen veranderen aan het beoordelingsproces?"", ""start"": 56.0, ""end"": 59.0, ""confidence"": 0.95}, {""speaker"": 1, ""text"": ""Misschien meer focus op de ontwikkeling... en minder op cijfers. Het is vaak zo'n... ja, een getal dat niet het hele verhaal vertelt."", ""start"": 59.5, ""end"": 65.0, ""confidence"": 0.9}, {""speaker"": 0, ""text"": ""Dat klinkt logisch. Denk je dat een meer persoonlijk gesprek zou helpen?"", ""start"": 65.5, ""end"": 69.0, ""confidence"": 0.92}, {""speaker"": 1, ""text"": ""Ja, dat denk ik wel! Als je echt een connectie hebt, dan... ja, dan voelt het minder als een... beoordelingsmoment."", ""start"": 69.5, ""end"": 74.0, ""confidence"": 0.91}, {""speaker"": 0, ""text"": ""En wat voor impact heeft het op jouw motivatie?"", ""start"": 74.5, ""end"": 77.0, ""confidence"": 0.94}, {""speaker"": 1, ""text"": ""Als het positief is, dan motiveert het me echt om meer te doen. Maar als het negatief is, dan kan het soms echt demotiverend zijn."", ""start"": 77.5, ""end"": 83.0, ""confidence"": 0.92}, {""speaker"": 0, ""text"": ""Dat begrijp ik. Heb je tips voor iemand die een beoordeling moet ondergaan?"", ""start"": 83.5, ""end"": 86.5, ""confidence"": 0.93}, {""speaker"": 1, ""text"": ""Ja, probeer open te staan voor feedback en vraag om verduidelijking als iets niet duidelijk is. Dat heeft mij altijd geholpen."", ""start"": 87.0, ""end"": 91.0, ""confidence"": 0.94}]}}}}"
613ec84f-b49f-4cdb-a1f3-c8e4cfc79e05,b7b82cc1-99f7-4129-948e-28e0c646c793,nl,true,"{""body"": {""payload"": {""transcription"": {""utterances"": [{""speaker"": 0, ""text"": ""Hallo, leuk dat je de tijd neemt voor dit gesprek over loopbaandoelen."", ""start"": 0.0, ""end"": 7.0, ""confidence"": 0.95}, {""speaker"": 1, ""text"": ""Ja, geen probleem! Ik ben benieuwd naar wat je allemaal wilt weten."", ""start"": 7.1, ""end"": 13.5, ""confidence"": 0.93}, {""speaker"": 0, ""text"": ""Super! Laten we beginnen met, wat zijn jouw loopbaandoelen op dit moment?"", ""start"": 13.6, ""end"": 20.5, ""confidence"": 0.94}, {""speaker"": 1, ""text"": ""Nou, ik zit nu in een functie als marketingmedewerker, maar ik hoop eigenlijk... ehh, ik wil doorgroeien naar een managementfunctie."", ""start"": 20.6, ""end"": 32.0, ""confidence"": 0.92}, {""speaker"": 0, ""text"": ""Dat klinkt ambitieus! Wat trekt je aan in een managementrol?"", ""start"": 32.1, ""end"": 38.5, ""confidence"": 0.93}, {""speaker"": 1, ""text"": ""Ik hou ervan om met mensen te werken en... ehh, ik vind het leuk om teams te begeleiden en projecten aan te sturen."", ""start"": 38.6, ""end"": 47.0, ""confidence"": 0.91}, {""speaker"": 0, ""text"": ""Interessant! Heb je al stappen ondernomen om dat te bereiken?"", ""start"": 47.1, ""end"": 53.9, ""confidence"": 0.94}, {""speaker"": 1, ""text"": ""Ja, ik heb me ingeschreven voor een leiderschapscursus en ik probeer ook meer verantwoordelijkheden te nemen in mijn team."", ""start"": 54.0, ""end"": 64.0, ""confidence"": 0.92}, {""speaker"": 0, ""text"": ""Dat is goed om te horen! Hoe gaat het met het nemen van meer verantwoordelijkheden?"", ""start"": 64.1, ""end"": 70.4, ""confidence"": 0.93}, {""speaker"": 1, ""text"": ""Ehh, dat gaat eigenlijk best goed! Ik heb een project geleid en dat was... best uitdagend, maar ook heel leerzaam."", ""start"": 70.5, ""end"": 80.0, ""confidence"": 0.9}, {""speaker"": 0, ""text"": ""Wat een mooie ervaring! Wat heb je daaruit geleerd?"", ""start"": 80.1, ""end"": 85.5, ""confidence"": 0.95}, {""speaker"": 1, ""text"": ""Ik heb geleerd dat communicatie super belangrijk is en dat je teamleden echt moet betrekken. Anders krijg je soms... ehh, misverstanden."", ""start"": 85.6, ""end"": 98.0, ""confidence"": 0.92}, {""speaker"": 0, ""text"": ""Heel waar. En hoe zie jij jezelf over vijf jaar?"", ""start"": 98.1, ""end"": 104.6, ""confidence"": 0.94}, {""speaker"": 1, ""text"": ""Ik hoop dat ik dan een teammanager ben, of misschien zelfs... ehh, een hoger niveau in de organisatie."", ""start"": 104.7, ""end"": 114.5, ""confidence"": 0.91}, {""speaker"": 0, ""text"": ""Dat klinkt als een uitdagend pad! Heb je het idee dat je goed voorbereid bent?"", ""start"": 114.6, ""end"": 121.2, ""confidence"": 0.93}, {""speaker"": 1, ""text"": ""Ja en nee... Ehh, ik denk dat ik nog veel kan leren, vooral op het gebied van strategisch denken."", ""start"": 121.3, ""end"": 130.8, ""confidence"": 0.9}, {""speaker"": 0, ""text"": ""Dat is een goede zelfreflectie. Heb je specifieke bronnen of mensen waar je van leert?"", ""start"": 130.9, ""end"": 137.4, ""confidence"": 0.94}, {""speaker"": 1, ""text"": ""Ja, ik volg een paar podcasts en ik probeer ook een mentor te vinden in mijn netwerk."", ""start"": 137.5, ""end"": 144.5, ""confidence"": 0.91}, {""speaker"": 0, ""text"": ""Dat klinkt als een slimme aanpak! Is er nog iets anders waar je aan werkt?"", ""start"": 144.6, ""end"": 151.0, ""confidence"": 0.92}, {""speaker"": 1, ""text"": ""Ik ben ook bezig met mijn soft skills, vooral op het gebied van feedback geven. Dat is... nog een leerpunt voor mij."", ""start"": 151.1, ""end"": 161.0, ""confidence"": 0.9}]}}}}"
9bbd359d-c98d-4838-8fe7-ae79f46f494c,b0d46c72-5527-4cec-8474-868d1da0eb55,nl,true,"{""body"": {""payload"": {""transcription"": {""utterances"": [{""speaker"": 0, ""text"": ""Hallo, bedankt dat je tijd hebt gemaakt voor dit gesprek."", ""start"": 0.0, ""end"": 4.5, ""confidence"": 0.95}, {""speaker"": 1, ""text"": ""Geen probleem, ik vind het belangrijk om hierover te praten."", ""start"": 4.6, ""end"": 8.0, ""confidence"": 0.93}, {""speaker"": 0, ""text"": ""Kun je me iets vertellen over de teamdynamiek in jouw team?"", ""start"": 8.1, ""end"": 12.0, ""confidence"": 0.94}, {""speaker"": 1, ""text"": ""Eh, ja, ik denk dat we een vrij hechte groep zijn. Vorig jaar hadden we echt veel samengewerkt aan projecten."", ""start"": 12.1, ""end"": 17.5, ""confidence"": 0.91}, {""speaker"": 0, ""text"": ""Wat heeft volgens jou bijgedragen aan die hechte samenwerking?"", ""start"": 17.6, ""end"": 21.0, ""confidence"": 0.92}, {""speaker"": 1, ""text"": ""Nou, het is vooral de communicatie geweest, denk ik. We hebben regelmatig meetings, maar ook informele gesprekken."", ""start"": 21.1, ""end"": 26.0, ""confidence"": 0.9}, {""speaker"": 0, ""text"": ""Dat klinkt goed. Heb je het gevoel dat de rolverdeling duidelijk is?"", ""start"": 26.1, ""end"": 30.5, ""confidence"": 0.93}, {""speaker"": 1, ""text"": ""Ja, in grote lijnen wel. Maar er zijn momenten dat het wat verwarrend kan zijn. Vorig jaar bijvoorbeeld kregen we ineens nieuwe taken."", ""start"": 30.6, ""end"": 36.0, ""confidence"": 0.89}, {""speaker"": 0, ""text"": ""Hoe ging het team daarmee om?"", ""start"": 36.1, ""end"": 38.5, ""confidence"": 0.94}, {""speaker"": 1, ""text"": ""We hebben even tijd nodig gehad om ons aan te passen, maar uiteindelijk kwamen we er wel uit."", ""start"": 38.6, ""end"": 42.5, ""confidence"": 0.9}, {""speaker"": 0, ""text"": ""Was er een specifieke gebeurtenis die de teamdynamiek heeft be\u00efnvloed?"", ""start"": 42.6, ""end"": 47.0, ""confidence"": 0.92}, {""speaker"": 1, ""text"": ""Ja, ik denk dat het teamuitje vorig jaar echt hielp. Het zorgde voor meer onderlinge verbondenheid."", ""start"": 47.1, ""end"": 52.0, ""confidence"": 0.91}, {""speaker"": 0, ""text"": ""Wat voor collega's heb je? Helpt dat ook mee?"", ""start"": 52.1, ""end"": 55.5, ""confidence"": 0.94}, {""speaker"": 1, ""text"": ""Zeker! Iedereen heeft zijn eigen sterke punten, en dat maakt het werk leuker en makkelijker."", ""start"": 55.6, ""end"": 59.5, ""confidence"": 0.92}, {""speaker"": 0, ""text"": ""En als er conflicten ontstaan, hoe gaan jullie daar dan mee om?"", ""start"": 59.6, ""end"": 63.0, ""confidence"": 0.93}, {""speaker"": 1, ""text"": ""We proberen altijd open en eerlijk te communiceren. Vorig jaar was er een situatie, en dat hielp echt."", ""start"": 63.1, ""end"": 68.0, ""confidence"": 0.89}, {""speaker"": 0, ""text"": ""Dat klinkt heel constructief. Wat zou je nog willen verbeteren in de teamdynamiek?"", ""start"": 68.1, ""end"": 72.0, ""confidence"": 0.92}, {""speaker"": 1, ""text"": ""Misschien nog meer team building activiteiten. Ik denk dat dat ons nog dichterbij elkaar kan brengen."", ""start"": 72.1, ""end"": 76.0, ""confidence"": 0.9}, {""speaker"": 0, ""text"": ""Dank je wel voor je inzichten! Dit is echt waardevolle informatie."", ""start"": 76.1, ""end"": 80.0, ""confidence"": 0.95}]}}}}"
d3dd2437-8031-4fe0-a440-e742bc96b91f,6b74b838-bd51-4f6b-a0e2-eb782d310ebe,nl,true,"{""body"": {""payload"": {""transcription"": {""utterances"": [{""speaker"": 0, ""text"": ""Hallo, bedankt dat je de tijd neemt voor dit gesprek."", ""start"": 0.0, ""end"": 5.0, ""confidence"": 0.95}, {""speaker"": 1, ""text"": ""Ja, geen probleem. Ik vind het altijd interessant om hierover te praten."", ""start"": 5.1, ""end"": 10.0, ""confidence"": 0.93}, {""speaker"": 0, ""text"": ""Geweldig! Kun je me vertellen over een situatie waarin je een conflict hebt meegemaakt?"", ""start"": 10.1, ""end"": 15.0, ""confidence"": 0.94}, {""speaker"": 1, ""text"": ""Ja, er was laatst een incident op het werk. Een collega en ik... we hadden verschillende meningen over een project."", ""start"": 15.1, ""end"": 21.0, ""confidence"": 0.91}, {""speaker"": 0, ""text"": ""Oh, dat klinkt interessant. Wat was er precies aan de hand?"", ""start"": 21.1, ""end"": 25.0, ""confidence"": 0.92}, {""speaker"": 1, ""text"": ""Nou, ik vond dat we een bepaalde aanpak moesten volgen, maar zij dacht dat... dat het anders moest."", ""start"": 25.1, ""end"": 30.0, ""confidence"": 0.89}, {""speaker"": 0, ""text"": ""En hoe hebben jullie dat toen besproken?"", ""start"": 30.1, ""end"": 33.0, ""confidence"": 0.94}, {""speaker"": 1, ""text"": ""Aanvankelijk was het een beetje chaotisch, denk ik. We begonnen elkaar een beetje te onderbreken..."", ""start"": 33.1, ""end"": 39.0, ""confidence"": 0.9}, {""speaker"": 0, ""text"": ""En hoe voelde je je tijdens dat gesprek?"", ""start"": 39.1, ""end"": 42.0, ""confidence"": 0.91}, {""speaker"": 1, ""text"": ""Best wel frustrerend, om eerlijk te zijn. Het voelde alsof ze niet luisterde naar mijn... mijn punten."", ""start"": 42.1, ""end"": 47.0, ""confidence"": 0.88}, {""speaker"": 0, ""text"": ""Dat is begrijpelijk. En hoe hebben jullie het uiteindelijk opgelost?"", ""start"": 47.1, ""end"": 50.0, ""confidence"": 0.92}, {""speaker"": 1, ""text"": ""Uiteindelijk hebben we een pauze genomen en zijn we apart gaan nadenken. Later hebben we het opnieuw besproken."", ""start"": 50.1, ""end"": 56.0, ""confidence"": 0.94}, {""speaker"": 0, ""text"": ""Dat klinkt als een goede aanpak. Wat hielp je om weer tot elkaar te komen?"", ""start"": 56.1, ""end"": 60.0, ""confidence"": 0.93}, {""speaker"": 1, ""text"": ""Ik denk dat het vooral belangrijk was om naar elkaar te luisteren. Toen we dat deden, kwam het gesprek weer op gang."", ""start"": 60.1, ""end"": 66.0, ""confidence"": 0.92}, {""speaker"": 0, ""text"": ""Dus communicatie was echt een sleutel. Heb je andere technieken die je tijdens conflicten gebruikt?"", ""start"": 66.1, ""end"": 71.0, ""confidence"": 0.91}, {""speaker"": 1, ""text"": ""Ja, soms probeer ik ook echt de situatie vanuit hun perspectief te zien. Dat helpt me vaak."", ""start"": 71.1, ""end"": 76.0, ""confidence"": 0.9}, {""speaker"": 0, ""text"": ""Interessant! Het klinkt alsof je een heel empathische benadering hebt."", ""start"": 76.1, ""end"": 80.0, ""confidence"": 0.93}, {""speaker"": 1, ""text"": ""Dank je! Ik geloof dat dat ook helpt om de situatie minder... minder gespannen te maken."", ""start"": 80.1, ""end"": 85.0, ""confidence"": 0.91}]}}}}"
43abac47-4499-4db2-99c3-fe7021bd286a,b7b82cc1-99f7-4129-948e-28e0c646c793,nl,true,"{""body"": {""payload"": {""transcription"": {""utterances"": [{""speaker"": 0, ""text"": ""Hallo! Bedankt dat je de tijd neemt voor dit gesprek. Hoe gaat het met je?"", ""start"": 0.0, ""end"": 5.0, ""confidence"": 0.95}, {""speaker"": 1, ""text"": ""Hey, geen probleem! Met mij gaat het goed, dank je. En met jou?"", ""start"": 5.1, ""end"": 10.0, ""confidence"": 0.93}, {""speaker"": 0, ""text"": ""Ja, het gaat ook goed. Ik ben benieuwd naar jouw ervaring met thuiswerken. Hoe lang doe je dat al?"", ""start"": 10.1, ""end"": 15.0, ""confidence"": 0.94}, {""speaker"": 1, ""text"": ""Nou, ik werk nu ongeveer anderhalf jaar thuis. Eerst was het even wennen, maar nu... ja, ik vind het eigenlijk wel fijn."", ""start"": 15.1, ""end"": 22.0, ""confidence"": 0.92}, {""speaker"": 0, ""text"": ""Dat klinkt interessant! Wat vind je het fijnste aan thuiswerken?"", ""start"": 22.1, ""end"": 26.0, ""confidence"": 0.96}, {""speaker"": 1, ""text"": ""Ik denk dat de flexibiliteit het grootste voordeel is. Je kan je eigen uren indelen en... oh, en de reistijd die ik bespaar!"", ""start"": 26.1, ""end"": 34.0, ""confidence"": 0.91}, {""speaker"": 0, ""text"": ""Ja, dat is echt een groot pluspunt. Heb je het gevoel dat je productiever bent thuis?"", ""start"": 34.1, ""end"": 39.0, ""confidence"": 0.95}, {""speaker"": 1, ""text"": ""Ja, eigenlijk wel. Ik kan me beter concentreren zonder de afleiding van collega's. Maar soms... soms mis ik wel de sociale interactie."", ""start"": 39.1, ""end"": 45.0, ""confidence"": 0.9}, {""speaker"": 0, ""text"": ""Dat is herkenbaar! Hoe zorg je ervoor dat je toch sociaal contact hebt?"", ""start"": 45.1, ""end"": 50.0, ""confidence"": 0.94}, {""speaker"": 1, ""text"": ""Ik plan regelmatig videobellen met mijn team. En soms ga ik, weet je, even koffie drinken met vrienden... buiten het werk."", ""start"": 50.1, ""end"": 58.0, ""confidence"": 0.92}, {""speaker"": 0, ""text"": ""Slim! Heb je ook uitdagingen ervaren tijdens het thuiswerken?"", ""start"": 58.1, ""end"": 61.0, ""confidence"": 0.93}, {""speaker"": 1, ""text"": ""Ja, absoluut. Soms is het moeilijk om werk en priv\u00e9 gescheiden te houden. Zeker met kinderen thuis..."", ""start"": 61.1, ""end"": 67.0, ""confidence"": 0.88}, {""speaker"": 0, ""text"": ""Dat kan ik me voorstellen. Hoe ga je daarmee om?"", ""start"": 67.1, ""end"": 70.0, ""confidence"": 0.95}, {""speaker"": 1, ""text"": ""Ik probeer duidelijke werkuren aan te houden. En ja, ik maak gebruik van een aparte werkplek in huis."", ""start"": 70.1, ""end"": 76.0, ""confidence"": 0.91}, {""speaker"": 0, ""text"": ""Dat klinkt als een goede strategie. Heb je nog tips voor anderen die ook thuiswerken?"", ""start"": 76.1, ""end"": 80.0, ""confidence"": 0.97}, {""speaker"": 1, ""text"": ""Zeker! Zorg voor een goede werkplek, neem regelmatig pauzes en... vergeet niet om sociaal contact te onderhouden."", ""start"": 80.1, ""end"": 87.0, ""confidence"": 0.92}, {""speaker"": 0, ""text"": ""Dank je voor de tips! Is er nog iets anders dat je wilt delen over je ervaring?"", ""start"": 87.1, ""end"": 91.0, ""confidence"": 0.96}, {""speaker"": 1, ""text"": ""Ik denk dat ik vooral blij ben dat ik de kans heb gekregen om zo te werken. Het heeft wel wat voordelen, hoor!"", ""start"": 91.1, ""end"": 97.0, ""confidence"": 0.94}, {""speaker"": 0, ""text"": ""Dat is fijn om te horen! Bedankt voor het delen van je ervaringen."", ""start"": 97.1, ""end"": 100.0, ""confidence"": 0.95}]}}}}"
15a26fe8-54f2-45c9-b816-d79d139a6308,4cf59f89-f0bc-4d8c-9516-9c238fa1f934,nl,true,"{""body"": {""payload"": {""transcription"": {""utterances"": [{""speaker"": 0, ""text"": ""Hallo, bedankt dat je de tijd hebt genomen voor dit interview."", ""start"": 0.0, ""end"": 3.5, ""confidence"": 0.95}, {""speaker"": 1, ""text"": ""Ja, geen probleem! Ik vind het eigenlijk best interessant."", ""start"": 3.6, ""end"": 6.1, ""confidence"": 0.94}, {""speaker"": 0, ""text"": ""Fijn om te horen! Laten we beginnen. Wat zijn jouw salarisverwachtingen voor deze functie?"", ""start"": 6.2, ""end"": 9.5, ""confidence"": 0.93}, {""speaker"": 1, ""text"": ""Nou, ik heb erover nagedacht en ik denk... ja, ik hoop tussen de vijftig en zestigduizend euro per jaar."", ""start"": 9.6, ""end"": 14.0, ""confidence"": 0.91}, {""speaker"": 0, ""text"": ""Dat klinkt redelijk. Hoe kom je aan dat bedrag?"", ""start"": 14.1, ""end"": 16.0, ""confidence"": 0.92}, {""speaker"": 1, ""text"": ""Ik heb een paar jaar ervaring in deze sector en, uh, ik heb ook gekeken naar wat vergelijkbare functies bieden."", ""start"": 16.1, ""end"": 20.1, ""confidence"": 0.9}, {""speaker"": 0, ""text"": ""Goede aanpak! Heb je specifieke bronnen geraadpleegd?"", ""start"": 20.2, ""end"": 22.2, ""confidence"": 0.89}, {""speaker"": 1, ""text"": ""Ja, vooral websites zoals Glassdoor en, eh, LinkedIn. Dat helpt echt om een idee te krijgen."", ""start"": 22.3, ""end"": 26.0, ""confidence"": 0.88}, {""speaker"": 0, ""text"": ""Dat snap ik. En hoe belangrijk is het salaris voor jou in vergelijking met andere factoren?"", ""start"": 26.1, ""end"": 30.0, ""confidence"": 0.9}, {""speaker"": 1, ""text"": ""Dat is een goede vraag. Ik zou zeggen, salaris is belangrijk, maar, eh, werkplezier en groeimogelijkheden zijn ook cruciaal."", ""start"": 30.1, ""end"": 36.0, ""confidence"": 0.91}, {""speaker"": 0, ""text"": ""Dus, je kijkt niet alleen naar het salaris zelf?"", ""start"": 36.1, ""end"": 38.0, ""confidence"": 0.92}, {""speaker"": 1, ""text"": ""Precies! Een goede werkomgeving en, eh, kansen om door te groeien, dat vind ik ook heel belangrijk."", ""start"": 38.1, ""end"": 42.5, ""confidence"": 0.9}, {""speaker"": 0, ""text"": ""Snap ik. En heb je wel eens onderhandeld over je salaris in het verleden?"", ""start"": 42.6, ""end"": 45.0, ""confidence"": 0.93}, {""speaker"": 1, ""text"": ""Ja, \u00e9\u00e9n keer. Dat was best spannend, maar ik heb uiteindelijk een paar duizend euro extra gekregen."", ""start"": 45.1, ""end"": 50.0, ""confidence"": 0.92}, {""speaker"": 0, ""text"": ""Dat klinkt mooi! Wat hielp je om dat gesprek te voeren?"", ""start"": 50.1, ""end"": 52.5, ""confidence"": 0.91}, {""speaker"": 1, ""text"": ""Ik had mijn research gedaan en kon mijn waarde aantonen met projecten die ik had afgerond."", ""start"": 52.6, ""end"": 56.0, ""confidence"": 0.91}, {""speaker"": 0, ""text"": ""Heel goed! Denk je dat je dat ook zou doen voor deze rol?"", ""start"": 56.1, ""end"": 58.5, ""confidence"": 0.92}, {""speaker"": 1, ""text"": ""Zeker weten! Als het ter sprake komt, dan wil ik daar echt voor vechten."", ""start"": 58.6, ""end"": 61.0, ""confidence"": 0.93}]}}}}"
16c73df4-c5cc-4567-bfa8-e9d017957002,b7b82cc1-99f7-4129-948e-28e0c646c793,nl,true,"{""body"": {""payload"": {""transcription"": {""utterances"": [{""speaker"": 0, ""text"": ""Hallo! Bedankt dat je de tijd neemt voor dit gesprek."", ""start"": 0.0, ""end"": 4.2, ""confidence"": 0.95}, {""speaker"": 1, ""text"": ""Ja, geen probleem! Ik vind het eigenlijk wel leuk om hierover te praten."", ""start"": 4.3, ""end"": 8.1, ""confidence"": 0.92}, {""speaker"": 0, ""text"": ""Super! Laten we beginnen met het onderwerp bedrijfscultuur. Hoe zou jij de cultuur binnen jouw organisatie beschrijven?"", ""start"": 8.2, ""end"": 13.5, ""confidence"": 0.94}, {""speaker"": 1, ""text"": ""Hmm, ja. Ik zou zeggen dat het heel open en informeel is. Je voelt je echt vrij om idee\u00ebn te delen."", ""start"": 13.6, ""end"": 18.2, ""confidence"": 0.93}, {""speaker"": 0, ""text"": ""Dat klinkt goed! Hoe zie je dat terug in het dagelijkse werk?"", ""start"": 18.3, ""end"": 21.5, ""confidence"": 0.89}, {""speaker"": 1, ""text"": ""Nou, er zijn regelmatig teammeetings waarin iedereen kan bijdragen, en er is veel ruimte voor feedback."", ""start"": 21.6, ""end"": 27.0, ""confidence"": 0.91}, {""speaker"": 0, ""text"": ""Dat is fijn. Voel je je daardoor ook meer betrokken bij je werk?"", ""start"": 27.1, ""end"": 30.8, ""confidence"": 0.96}, {""speaker"": 1, ""text"": ""Zeker! Ik denk dat dat een groot deel van de reden is waarom ik elke dag gemotiveerd ben om te werken."", ""start"": 30.9, ""end"": 34.5, ""confidence"": 0.95}, {""speaker"": 0, ""text"": ""Mooi om te horen. Zijn er ook aspecten van de cultuur die je zou willen veranderen?"", ""start"": 34.6, ""end"": 38.1, ""confidence"": 0.9}, {""speaker"": 1, ""text"": ""Hmm, ja, soms lijkt het alsof er te veel nadruk ligt op resultaten. Dat kan de druk verhogen."", ""start"": 38.2, ""end"": 43.0, ""confidence"": 0.92}, {""speaker"": 0, ""text"": ""Dat begrijp ik. Hoe ga je zelf om met die druk?"", ""start"": 43.1, ""end"": 46.0, ""confidence"": 0.88}, {""speaker"": 1, ""text"": ""Ik probeer het gewoon in perspectief te zien. Ik ga bijvoorbeeld regelmatig wandelen om mijn hoofd leeg te maken."", ""start"": 46.1, ""end"": 50.2, ""confidence"": 0.94}, {""speaker"": 0, ""text"": ""Dat klinkt als een goede strategie. Merk je dat het ook helpt voor je teamgenoten?"", ""start"": 50.3, ""end"": 53.4, ""confidence"": 0.93}, {""speaker"": 1, ""text"": ""Ja, zeker! We moedigen elkaar aan om ook tijd voor jezelf te nemen, dat is belangrijk."", ""start"": 53.5, ""end"": 57.0, ""confidence"": 0.95}, {""speaker"": 0, ""text"": ""Dus er is ook ruimte voor persoonlijke ontwikkeling binnen de organisatie?"", ""start"": 57.1, ""end"": 60.0, ""confidence"": 0.94}, {""speaker"": 1, ""text"": ""Jazeker! We hebben regelmatig workshops en trainingen, dat helpt ons om te groeien."", ""start"": 60.1, ""end"": 63.2, ""confidence"": 0.9}, {""speaker"": 0, ""text"": ""Dat klinkt als een positieve omgeving. Wat zou je nieuwkomers aanraden als ze beginnen bij jullie?"", ""start"": 63.3, ""end"": 67.0, ""confidence"": 0.92}, {""speaker"": 1, ""text"": ""Ik zou zeggen, wees niet bang om vragen te stellen en deel je idee\u00ebn. Iedereen staat open voor input!"", ""start"": 67.1, ""end"": 71.1, ""confidence"": 0.95}]}}}}"
f9336e5e-3fbf-4d74-a5b9-4ca78e8fd55c,b7b82cc1-99f7-4129-948e-28e0c646c793,nl,true,"{""body"": {""payload"": {""transcription"": {""utterances"": [{""speaker"": 0, ""text"": ""Hallo! Dank je wel dat je hier bent vandaag."", ""start"": 0.0, ""end"": 3.0, ""confidence"": 0.95}, {""speaker"": 1, ""text"": ""Geen probleem, leuk om hier te zijn!"", ""start"": 3.1, ""end"": 5.0, ""confidence"": 0.94}, {""speaker"": 0, ""text"": ""Kun je me iets vertellen over je inwerkervaring tot nu toe?"", ""start"": 5.1, ""end"": 8.0, ""confidence"": 0.96}, {""speaker"": 1, ""text"": ""Ja, zeker! Het was, eh, best wel een interessante periode. Ik begon met een inwerkprogramma van twee weken."", ""start"": 8.1, ""end"": 12.0, ""confidence"": 0.93}, {""speaker"": 0, ""text"": ""Wat vond je het meest uitdagend tijdens die periode?"", ""start"": 12.1, ""end"": 15.0, ""confidence"": 0.97}, {""speaker"": 1, ""text"": ""Ik denk dat het, eh, vooral de hoeveelheid informatie was. Er was zoveel om te leren, en soms voelde het overweldigend."", ""start"": 15.1, ""end"": 19.0, ""confidence"": 0.92}, {""speaker"": 0, ""text"": ""Snap ik. En hoe hielp jouw team je daarbij?"", ""start"": 19.1, ""end"": 22.0, ""confidence"": 0.95}, {""speaker"": 1, ""text"": ""Ze waren super ondersteunend! Mijn teamleider gaf altijd feedback en, eh, mijn collega's waren ook bereid om dingen uit te leggen."", ""start"": 22.1, ""end"": 27.0, ""confidence"": 0.9}, {""speaker"": 0, ""text"": ""Dat klinkt fijn! Heb je specifieke momenten die je zijn bijgebleven?"", ""start"": 27.1, ""end"": 30.0, ""confidence"": 0.96}, {""speaker"": 1, ""text"": ""Ja, er was een keer dat ik een presentatie moest geven over een project... dat was, eh, best spannend."", ""start"": 30.1, ""end"": 34.0, ""confidence"": 0.91}, {""speaker"": 0, ""text"": ""En hoe ging dat?"", ""start"": 34.1, ""end"": 35.0, ""confidence"": 0.98}, {""speaker"": 1, ""text"": ""Vooral nerveus, maar uiteindelijk was het, eh, veel beter dan ik had verwacht. Iedereen was, eh, heel positief."", ""start"": 35.1, ""end"": 40.0, ""confidence"": 0.89}, {""speaker"": 0, ""text"": ""Mooi om te horen! Vind je de cultuur in het bedrijf prettig?"", ""start"": 40.1, ""end"": 43.0, ""confidence"": 0.97}, {""speaker"": 1, ""text"": ""Ja, absoluut. Het is, eh, open en vriendelijk, en mensen zijn echt ge\u00efnteresseerd in je idee\u00ebn."", ""start"": 43.1, ""end"": 46.0, ""confidence"": 0.92}, {""speaker"": 0, ""text"": ""Wat zou je zeggen dat jouw belangrijkste leerpunten zijn tot nu toe?"", ""start"": 46.1, ""end"": 49.0, ""confidence"": 0.96}, {""speaker"": 1, ""text"": ""Dat teamwork echt essentieel is en dat je nooit bang moet zijn om vragen te stellen, ook al voel je je soms een beetje dom."", ""start"": 49.1, ""end"": 54.0, ""confidence"": 0.91}, {""speaker"": 0, ""text"": ""Heel waardevol! Heb je nog tips voor toekomstige nieuwe medewerkers?"", ""start"": 54.1, ""end"": 57.0, ""confidence"": 0.95}, {""speaker"": 1, ""text"": ""Ja, gewoon jezelf zijn en, eh, gebruik maken van de beschikbare middelen. En vergeet niet, iedereen is ooit nieuw geweest."", ""start"": 57.1, ""end"": 61.0, ""confidence"": 0.93}, {""speaker"": 0, ""text"": ""Dank je wel voor het delen van je ervaringen! Dat was heel nuttig."", ""start"": 61.1, ""end"": 64.0, ""confidence"": 0.97}, {""speaker"": 1, ""text"": ""Geen probleem! Bedankt voor het luisteren."", ""start"": 64.1, ""end"": 67.0, ""confidence"": 0.94}]}}}}"
